<?xml version="1.0" encoding="UTF-8" standalone="yes"?>
<addon id="repository.kangool" name="Kangool Repository" version="0.0.1" provider-name="Kangool">
    <extension point="xbmc.addon.repository" name="Kangool Repository">
        <info compressed="false">https://github.com/kcaa2021/raw.kc.repo/addons.xml</info>
        <checksum>https://github.com/kcaa2021/raw.kc.repo/addons.xml.md5</checksum>
        <datadir zip="true">https://github.com/kcaa2021/raw.kc.repo/.gitignore/zips</datadir>
    </extension>
    <extension point="xbmc.addon.metadata">
        <summary lang="de">Kangool Repository</summary>
        <description lang="de"></description>
        <disclaimer lang="de"></disclaimer>
        <platform>all</platform>
      <assets>
        <icon>icon.png</icon>
        <fanart></fanart>
     </assets>
    </extension>
</addon>
