<?xml version="1.0" encoding="UTF-8"?>
<window type="dialog">
	<defaultcontrol always="true">450</defaultcontrol>
	<controls>
		<control type="group">
			<left>0r</left>
			<width>405</width>
			<include>SideBladeRight</include>
			<visible>!Window.IsActive(shutdownmenu)</visible>
			
			<control type="button">
				<description>Home push button</description>
				<left>40</left>
				<top>10</top>
				<width>70</width>
				<height>70</height>
				<label></label>
				<font/>
				<onclick>PreviousMenu</onclick>
				<texturefocus colordiffuse="$INFO[Skin.String(color.500)]">icons/home.png</texturefocus>
				<texturenofocus colordiffuse="white">icons/home.png</texturenofocus>
				<onleft></onleft>
				<onright></onright>
				<onup></onup>
				<ondown></ondown>
			</control>
						
			<!--title-->
			<control type="label">
				<left>40</left>
				<top>15</top>
				<width>355</width>
				<height>60</height>
				<font>menu.title</font>
				<textcolor>$INFO[Skin.String(color.500)]</textcolor>
				<align>center</align>
				<aligny>center</aligny>
				<label>1036</label>
			</control>
			<control type="image">
				<left>117</left>
				<top>95</top>
				<width>200</width>
				<height>200</height>
				<aspectratio align="center">keep</aspectratio>
				<fadetime>IconCrossfadeTime</fadetime>
				<texture>$INFO[ListItem.Icon]</texture>
				<bordertexture border="8">ThumbShadow.png</bordertexture>
				<bordersize>8</bordersize>
			</control>
			<control type="group">
				<top>300</top>
				<bottom>45</bottom>
				<control type="list" id="450">
					<left>40</left>
					<width>355</width>
					<height>100%</height>
					<onup>450</onup>
					<onleft>Dialog.Close(Favourites)</onleft>
					<onright>450</onright>
					<ondown>450</ondown>
					<pagecontrol></pagecontrol>
					<scrolltime>200</scrolltime>
					<itemgap>0</itemgap>
					<itemlayout height="60">
						<control type="image">
							<left>0</left>
							<top>0</top>
							<width>355</width>
							<height>60</height>
							<texture colordiffuse="$INFO[Skin.String(color.border)]"></texture>
						</control>
						<control type="label">
							<left>15</left>
							<top>0</top>
							<width>325</width>
							<height>60</height>
							<font>button</font>
							<align>center</align>
							<aligny>center</aligny>
							<textcolor>white</textcolor>
							<info>ListItem.Label</info>
						</control>
					</itemlayout>
					<focusedlayout height="60">
						<control type="image">
							<left>0</left>
							<top>0</top>
							<width>355</width>
							<height>60</height>
							<visible>!Control.HasFocus(450)</visible>
							<texture colordiffuse="$INFO[Skin.String(color.border)]"></texture>
						</control>
						<control type="image">
							<left>0</left>
							<top>0</top>
							<width>355</width>
							<height>60</height>
							<visible>Control.HasFocus(450)</visible>
							<texture colordiffuse="$INFO[Skin.String(color.500)]">backgrounds/white.png</texture>
						</control>
						<control type="label">
							<left>15</left>
							<top>0</top>
							<width>325</width>
							<height>60</height>
							<font>button</font>
							<align>center</align>
							<aligny>center</aligny>
							<textcolor>white</textcolor>
							<info>ListItem.Label</info>
							<visible>!Control.HasFocus(450)</visible>
						</control>
						<control type="label">
							<left>15</left>
							<top>0</top>
							<width>325</width>
							<height>60</height>
							<font>button</font>
							<align>center</align>
							<aligny>center</aligny>
							<textcolor>white</textcolor>
							<info>ListItem.Label</info>
							<visible>Control.HasFocus(450)</visible>
						</control>
					</focusedlayout>
				</control>
			</control>
			<control type="label">
				<description>Page label</description>
				<left>40</left>
				<top>45r</top>
				<width>355</width>
				<height>30</height>
				<align>right</align>
				<aligny>center</aligny>
				<font>breadcrumb.secondary</font>
				<textcolor>white</textcolor>
				<label>$INFO[Container(450).NumItems] $LOCALIZE[31025]  [COLOR=$INFO[Skin.String(color.500)]]$LOCALIZE[31024] $INFO[Container(450).CurrentPage]/$INFO[Container(450).NumPages][/COLOR]</label>
			</control>
		</control>
	</controls>
</window>