<?xml version="1.0" encoding="UTF-8"?>
<window>
	<defaultcontrol always="true">9000</defaultcontrol>
	<onload>RunScript(script.skinshortcuts,type=buildxml&amp;mainmenuID=9000&amp;group=mainmenu&amp;options=noGroups)</onload>
	<onload condition="Skin.HasSetting(StopVideoOnBack) + !Player.HasAudio">PlayerControl(Stop)</onload>
	<onload condition="!Skin.HasSetting(SkinHelper.EnableMusicArt)">Skin.SetBool(SkinHelper.EnableMusicArt)</onload>
	<controls>
		<include>CommonBackground</include>
		
		<control type="group">
		<visible>!Skin.HasSetting(Weatherinfo) + !String.IsEmpty(Weather.Plugin)</visible>
			<control type="image">
				<left>60</left>
				<top>60</top>
				<width>360</width>
				<height>60</height>
				<texture colordiffuse="black">backgrounds/bg_fade.png</texture>
			</control>
			<control type="image">
				<left>70</left>
				<top>60</top>
				<width>60</width>
				<height>60</height>
				<aspectratio>keep</aspectratio>
				<texture>$INFO[Weather.ConditionsIcon]</texture>
			</control>
			<control type="label">
				<left>140</left>
				<top>60</top>
				<width>100</width>
				<height>60</height>
				<align>left</align>
				<aligny>center</aligny>
				<font>menu.title</font>
				<textcolor>$INFO[Skin.String(color.500)]</textcolor>
				<label>[B]$INFO[Window(Weather).Property(Current.Temperature)][/B] $INFO[System.TemperatureUnits]</label>
			</control>
			<control type="label">
				<left>240</left>
				<top>60</top>
				<width>170</width>
				<height>60</height>
				<align>left</align>
				<aligny>center</aligny>
				<font>breadcrumb.secondary</font>
				<textcolor>white</textcolor>
				<label>$INFO[Window(Weather).Property(Current.Condition),]</label>
				<scroll>true</scroll>
			</control>
		</control>
		
		<control type="group">
		<visible>!Skin.HasSetting(Clock)</visible>
			<control type="image">
				<right>60</right>
				<top>60</top>
				<width>360</width>
				<height>60</height>
				<texture colordiffuse="black">backgrounds/bg_fade.png</texture>
			</control>
			<control type="label">
				<right>145</right>
				<top>60</top>
				<width>200</width>
				<height>60</height>
				<align>right</align>
				<aligny>center</aligny>
				<font>menu.title</font>
				<textcolor>$INFO[Skin.String(color.500)]</textcolor>
				<label>$INFO[System.Time(hh:mm)]</label>
			</control>
			<control type="label">
				<right>65</right>
				<top>60</top>
				<width>80</width>
				<height>60</height>
				<align>left</align>
				<aligny>center</aligny>
				<font>menu.title</font>
				<textcolor>$INFO[Skin.String(color.500)]</textcolor>
				<label>:$INFO[System.Time(ss)]</label>
			</control>
			<control type="label">
				<right>280</right>
				<top>60</top>
				<width>300</width>
				<height>60</height>
				<align>right</align>
				<aligny>center</aligny>
				<font>breadcrumb.secondary</font>
				<textcolor>white</textcolor>
				<label>$INFO[System.Date(dd:mm:yyyy]</label>
			</control>
		</control>
		
		<control type="group">
			<width>1920</width>
			<centerleft>50%</centerleft>
			<include>skinshortcuts-template-widget</include>
			<!--now playing controls-->
				<control type="group">
					<visible>!Skin.HasSetting(Playerbuttons)</visible>
					<left>0r</left>
					<top>640</top>
					<visible>String.IsEmpty(Window(Videos).Property(PlayingBackgroundMedia))</visible>
					<!--now playing items-->
					<control type="group">
						<visible>Player.HasMedia</visible>
						<visible>!Skin.HasSetting(Touchmode)</visible>
						<!--media controls-->
						<control type="group" id="600">
							<left>0</left>
							<onup>20</onup>
							<ondown></ondown>
							<defaultcontrol></defaultcontrol>
							<enable>Player.HasMedia</enable>
							<control type="group">
								<left>270r</left>
								<visible>!VideoPlayer.Content(LiveTV)</visible>
								<control type="image">
									<left>0</left>
									<top>3</top>
									<width>210</width>
									<height>60</height>
									<texture colordiffuse="black">backgrounds/bg_fade.png</texture>
								</control>
								<control type="togglebutton" id="603">
									<left>0</left>
									<width>70</width>
									<height>70</height>
									<label></label>
									<texturefocus colordiffuse="$INFO[Skin.String(color.500)]">osd/pause.png</texturefocus>
									<texturenofocus colordiffuse="white">osd/pause.png</texturenofocus>
									<usealttexture>Player.Paused | Player.Forwarding | Player.Rewinding</usealttexture>
									<alttexturefocus colordiffuse="$INFO[Skin.String(color.500)]">osd/play.png</alttexturefocus>
									<alttexturenofocus colordiffuse="white">osd/play.png</alttexturenofocus>
									<onright>604</onright>
									<onup>20</onup>
									<ondown></ondown>
                                    <onleft>25</onleft>
									<onclick>XBMC.PlayerControl(Play)</onclick>
								</control>
								<control type="button" id="604">
									<left>70</left>
									<width>70</width>
									<height>70</height>
									<label></label>
									<texturefocus colordiffuse="$INFO[Skin.String(color.500)]">osd/stop.png</texturefocus>
									<texturenofocus colordiffuse="white">osd/stop.png</texturenofocus>
									<onleft>603</onleft>
									<onright>605</onright>
									<onup>20</onup>
									<ondown></ondown>
									<onclick>down</onclick>
									<onclick>XBMC.PlayerControl(Stop)</onclick>
								</control>
								<control type="button" id="605">
									<left>140</left>
									<width>70</width>
									<height>70</height>
									<label></label>
									<texturefocus colordiffuse="$INFO[Skin.String(color.500)]">osd/fullscreen.png</texturefocus>
									<texturenofocus colordiffuse="white">osd/fullscreen.png</texturenofocus>
									<onleft>604</onleft>
									<onup>20</onup>
									<ondown></ondown>
                                    <onright>20</onright>
									<onclick>fullscreen</onclick>
								</control>
							</control>
							<control type="group" id="600">
								<left>200r</left>
								<visible>VideoPlayer.Content(LiveTV)</visible>
								<control type="image">
									<left>0</left>
									<top>3</top>
									<width>140</width>
									<height>60</height>
									<texture colordiffuse="black">backgrounds/bg_fade.png</texture>
								</control>
								<control type="button" id="603">
									<left>0</left>
									<width>70</width>
									<height>70</height>
									<label></label>
									<texturefocus colordiffuse="$INFO[Skin.String(color.500)]">osd/stop.png</texturefocus>
									<texturenofocus colordiffuse="white">osd/stop.png</texturenofocus>
									<onright>604</onright>
									<onup>20</onup>
                                    <onleft>25</onleft>
									<ondown></ondown>
									<onclick>down</onclick>
									<onclick>XBMC.PlayerControl(Stop)</onclick>
								</control>
								<control type="button" id="604">
									<left>70</left>
									<width>70</width>
									<height>70</height>
									<label></label>
									<texturefocus colordiffuse="$INFO[Skin.String(color.500)]">osd/fullscreen.png</texturefocus>
									<texturenofocus colordiffuse="white">osd/fullscreen.png</texturenofocus>
									<onleft>603</onleft>
									<onright>603</onright>
									<onup>20</onup>
									<ondown></ondown>
									<onclick>fullscreen</onclick>
								</control>
							</control>
                         </control>
                      </control>						
					<!--now playing items TOUCH-->
					<control type="group">
						<visible>Player.HasMedia</visible>
						<visible>Skin.HasSetting(Touchmode)</visible>
						<!--media controls-->
						<control type="group" id="600">
							<left>730</left>
							<top>320</top>
							<onup>20</onup>
							<ondown></ondown>
							<defaultcontrol></defaultcontrol>
							<enable>Player.HasMedia</enable>
							<control type="group">
								<left>1000r</left>
								<visible>!VideoPlayer.Content(LiveTV)</visible>
								<control type="image">
									<left>0</left>
									<top>3</top>
									<width>210</width>
									<height>60</height>
									<texture colordiffuse="black">backgrounds/bg_fade.png</texture>
								</control>
								<control type="togglebutton" id="603">
									<left>0</left>
									<width>70</width>
									<height>70</height>
									<label></label>
									<texturefocus colordiffuse="$INFO[Skin.String(color.500)]">osd/pause.png</texturefocus>
									<texturenofocus colordiffuse="white">osd/pause.png</texturenofocus>
									<usealttexture>Player.Paused | Player.Forwarding | Player.Rewinding</usealttexture>
									<alttexturefocus colordiffuse="$INFO[Skin.String(color.500)]">osd/play.png</alttexturefocus>
									<alttexturenofocus colordiffuse="white">osd/play.png</alttexturenofocus>
									<onright>604</onright>
									<onup>20</onup>
                                    <onleft>25</onleft>
									<ondown></ondown>
									<onclick>XBMC.PlayerControl(Play)</onclick>
								</control>
								<control type="button" id="604">
									<left>70</left>
									<width>70</width>
									<height>70</height>
									<label></label>
									<texturefocus colordiffuse="$INFO[Skin.String(color.500)]">osd/stop.png</texturefocus>
									<texturenofocus colordiffuse="white">osd/stop.png</texturenofocus>
									<onleft>603</onleft>
									<onright>605</onright>
									<onup>20</onup>
									<ondown></ondown>
									<onclick>down</onclick>
									<onclick>XBMC.PlayerControl(Stop)</onclick>
								</control>
								<control type="button" id="605">
									<left>140</left>
									<width>70</width>
									<height>70</height>
									<label></label>
									<texturefocus colordiffuse="$INFO[Skin.String(color.500)]">osd/fullscreen.png</texturefocus>
									<texturenofocus colordiffuse="white">osd/fullscreen.png</texturenofocus>
									<onleft>604</onleft>
									<onup>20</onup>
                                    <onright>20</onright>
									<ondown></ondown>
									<onclick>fullscreen</onclick>
								</control>
							</control>
							<control type="group" id="600">
								<left>200r</left>
								<visible>VideoPlayer.Content(LiveTV)</visible>
								<control type="image">
									<left>0</left>
									<top>3</top>
									<width>140</width>
									<height>60</height>
									<texture colordiffuse="black">backgrounds/bg_fade.png</texture>
								</control>
								<control type="button" id="603">
									<left>0</left>
									<width>70</width>
									<height>70</height>
									<label></label>
									<texturefocus colordiffuse="$INFO[Skin.String(color.500)]">osd/stop.png</texturefocus>
									<texturenofocus colordiffuse="white">osd/stop.png</texturenofocus>
									<onright>604</onright>
									<onup>20</onup>
									<ondown></ondown>
                                    <onleft>25</onleft>
									<onclick>down</onclick>
									<onclick>XBMC.PlayerControl(Stop)</onclick>
								</control>
								<control type="button" id="604">
									<left>70</left>
									<width>70</width>
									<height>70</height>
									<label></label>
									<texturefocus colordiffuse="$INFO[Skin.String(color.500)]">osd/fullscreen.png</texturefocus>
									<texturenofocus colordiffuse="white">osd/fullscreen.png</texturenofocus>
									<onleft>603</onleft>
									<onright>603</onright>
									<onup>20</onup>
									<ondown></ondown>
									<onclick>fullscreen</onclick>
								</control>
							</control>
						</control>
					</control>
				</control>
							
			<control type="group">
				<left>0</left>
				<top>45%</top>
				<!--menus-->
				<control type="group">
					<top>303</top>
					<!--main menu background-->
					<control type="image">
						<visible>!Skin.HasSetting(Touchmode)</visible>
						<left>60</left>
						<top>10</top>
						<width>1800</width>
						<height>92</height>
						<texture colordiffuse="black">backgrounds/bg_fade.png</texture>
					</control>
					<control type="image">
						<visible>Skin.HasSetting(Touchmode)</visible>
						<left>60</left>
						<top>-60</top>
						<width>1800</width>
						<height>92</height>
						<texture colordiffuse="black">backgrounds/bg_fade.png</texture>
					</control>
					<control type="image">
						<visible>Skin.HasSetting(Touchmode)</visible>
						<left>60</left>
						<top>43</top>
						<width>1800</width>
						<height>60</height>
						<texture colordiffuse="black">backgrounds/bg_fade.png</texture>
					</control>
					
					<control type="group">
						<!--sub menus-->
						<include condition="!Skin.HasSetting(AutoHideHomepageSubmenu)">skinshortcuts-template-submenu</include>
						<include condition="Skin.HasSetting(AutoHideHomepageSubmenu)">HomeSubMenu</include>
					</control>
					
					<!--main menu-->
					<control type="fixedlist" id="9000">
						<visible>!Skin.HasSetting(Touchmode)</visible>
						<animation effect="fade" start="100" end="0" time="100" condition="!Control.HasFocus(9000) + Control.HasFocus(9003)">Conditional</animation>
						<animation effect="fade" start="100" end="0" time="100" condition="Control.HasFocus(9901)">Conditional</animation>
						<left>60</left>
						<top>10</top>
						<width>1800</width>
						<height>92</height>
						<onleft>9000</onleft>
						<onright>9000</onright>
						<onup condition="!Skin.HasSetting(Playerbuttons)">9003</onup>
						<onup condition="Skin.HasSetting(Playerbuttons)">603</onup>
						<ondown>9901</ondown>
						<pagecontrol></pagecontrol>
						<scrolltime>300</scrolltime>
						<focusposition>0</focusposition>
						<movement>4</movement>
						<orientation>Horizontal</orientation>
						<itemlayout height="92" width="360">
							<!--label-->
							<control type="label">
								<left>10</left>
								<top>0</top>
								<width>340</width>
								<height>92</height>
								<font>main.menu2</font>
								<textcolor>white</textcolor>
								<align>center</align>
								<aligny>center</aligny>
								<label>$INFO[ListItem.Label]</label>
							</control>
							</itemlayout>
						<focusedlayout height="90" width="360">
							<control type="image">
								<left>0</left>
								<top>15</top>
								<width>1</width>
								<height>92</height>
								<texture colordiffuse="$INFO[Skin.String(color.500)]">backgrounds/white.png</texture>
							</control>
							<control type="label">
								<left>10</left>
								<top>0</top>
								<width>340</width>
								<height>92</height>
								<font>main.menu2</font>
								<textcolor>white</textcolor>
								<align>center</align>
								<aligny>center</aligny>
								<label>$INFO[ListItem.Label]</label>
								<visible>!Control.HasFocus(9000)</visible>
							</control>
							<control type="image">
								<left>0</left>
								<top>0</top>
								<width>361</width>
								<height>92</height>
								<texture colordiffuse="$INFO[Skin.String(color.500)]">backgrounds/white.png</texture>
								<visible>Control.HasFocus(9000)</visible>
							</control>
							<control type="label">
								<left>10</left>
								<top>0</top>
								<width>340</width>
								<height>92</height>
								<font>main.menu2</font>
								<textcolor>white</textcolor>
								<shadowcolor>black</shadowcolor>
								<align>center</align>
								<aligny>center</aligny>
								<label>$INFO[ListItem.Label]</label>
								<visible>Control.HasFocus(9000)</visible>
							</control>
						</focusedlayout>
						<content>
							<include>skinshortcuts-mainmenu</include>
						</content>
					</control>
					<!--TouchMode-->
					<control type="fixedlist" id="9000">
						<visible>Skin.HasSetting(Touchmode)</visible>
						<left>60</left>
						<top>-60</top>
						<width>1800</width>
						<height>92</height>
						<onleft>9000</onleft>
						<onright>9000</onright>
						<onup condition="!Skin.HasSetting(Playerbuttons)">9003</onup>
						<onup condition="Skin.HasSetting(Playerbuttons)">603</onup>
						<ondown>9901</ondown>
						<pagecontrol></pagecontrol>
						<scrolltime>300</scrolltime>
						<focusposition>0</focusposition>
						<movement>4</movement>
						<orientation>Horizontal</orientation>
						<itemlayout height="92" width="360">
							<!--label-->
							<control type="label">
								<left>10</left>
								<top>0</top>
								<width>340</width>
								<height>92</height>
								<font>main.menu2</font>
								<textcolor>white</textcolor>
								<align>center</align>
								<aligny>center</aligny>
								<label>$INFO[ListItem.Label]</label>
							</control>
							</itemlayout>
						<focusedlayout height="90" width="360">
							<control type="image">
								<left>0</left>
								<top>15</top>
								<width>1</width>
								<height>92</height>
								<texture colordiffuse="$INFO[Skin.String(color.500)]">backgrounds/white.png</texture>
							</control>
							<control type="label">
								<left>10</left>
								<top>0</top>
								<width>340</width>
								<height>92</height>
								<font>main.menu2</font>
								<textcolor>white</textcolor>
								<align>center</align>
								<aligny>center</aligny>
								<label>$INFO[ListItem.Label]</label>
								<visible>!Control.HasFocus(9000)</visible>
							</control>
							<control type="image">
								<left>0</left>
								<top>0</top>
								<width>361</width>
								<height>92</height>
								<texture colordiffuse="$INFO[Skin.String(color.500)]">backgrounds/white.png</texture>
								<visible>Control.HasFocus(9000)</visible>
							</control>
							<control type="label">
								<left>10</left>
								<top>0</top>
								<width>340</width>
								<height>92</height>
								<font>main.menu2</font>
								<textcolor>white</textcolor>
								<shadowcolor>black</shadowcolor>
								<align>center</align>
								<aligny>center</aligny>
								<label>$INFO[ListItem.Label]</label>
								<visible>Control.HasFocus(9000)</visible>
							</control>
						</focusedlayout>
						<content>
							<include>skinshortcuts-mainmenu</include>
						</content>
					</control>
				</control>
			</control>
		</control>
		
		<control type="group">
			<visible>!Skin.HasSetting(Playerinfo)</visible>
			<control type="videowindow">
				<left>686</left>
				<top>60</top>
				<width>548</width>
				<height>308</height>
				<visible>Player.HasVideo + !Window.IsVisible(TVChannels) + !Window.IsVisible(RadioChannels)</visible>
				<visible>![Window.IsVisible(MovieInformation) + !Skin.HasSetting(HideWindowedTrailer)]</visible>
			</control>
			<control type="group">
				<visible>VideoPlayer.Content(Movies)</visible>
				<control type="image">
					<left>510</left>
					<top>116r</top>
					<width>900</width>
					<height>60</height>
					<texture colordiffuse="black">backgrounds/bg_fade.png</texture>
				</control>
				<control type="image">
					<left>520</left>
					<top>116r</top>
					<width>60</width>
					<height>60</height>
					<texture>osd/play.png</texture>
				</control>
				<control type="label">
					<left>575</left>
					<width>600</width>
					<top>110r</top>
					<height>20</height>
					<align>left</align>
					<aligny>center</aligny>
					<font>breadcrumb.secondary</font>
					<textcolor>$INFO[Skin.String(color.500)]</textcolor>
					<shadowcolor>black</shadowcolor>
					<label>$INFO[Player.Title]</label>
					<scroll>true</scroll>
				</control>
				<control type="label">
					<left>575</left>
					<width>830</width>
					<top>86r</top>
					<height>20</height>
					<align>left</align>
					<aligny>center</aligny>
					<font>breadcrumb.secondary</font>
					<textcolor>white</textcolor>
					<label>$INFO[VideoPlayer.Studio]</label>
					<scroll>true</scroll>
				</control>
				<control type="label">
					<left>1100</left>
					<width>300</width>
					<top>106r</top>
					<height>45</height>
					<align>right</align>
					<aligny>center</aligny>
					<font>breadcrumb.secondary</font>
					<textcolor>white</textcolor>
					<label>$INFO[Player.Time] / $INFO[Player.Duration,]</label>
				</control>
			</control>
			<control type="group">
				<visible>VideoPlayer.Content(Episodes)</visible>
				<control type="image">
					<left>510</left>
					<top>116r</top>
					<width>900</width>
					<height>60</height>
					<texture colordiffuse="black">backgrounds/bg_fade.png</texture>
				</control>
				<control type="image">
					<left>520</left>
					<top>116r</top>
					<width>60</width>
					<height>60</height>
					<texture>osd/play.png</texture>
				</control>
				<control type="label">
					<left>575</left>
					<width>600</width>
					<top>110r</top>
					<height>20</height>
					<align>left</align>
					<aligny>center</aligny>
					<font>breadcrumb.secondary</font>
					<textcolor>$INFO[Skin.String(color.500)]</textcolor>
					<shadowcolor>black</shadowcolor>
					<label>$INFO[Player.Title]</label>
					<scroll>true</scroll>
				</control>
				<control type="label">
					<left>575</left>
					<width>830</width>
					<top>86r</top>
					<height>20</height>
					<align>left</align>
					<aligny>center</aligny>
					<font>breadcrumb.secondary</font>
					<textcolor>white</textcolor>
					<label>$INFO[VideoPlayer.TVShowTitle] ($INFO[VideoPlayer.Season,$LOCALIZE[20373] , - ]$INFO[VideoPlayer.episode,$LOCALIZE[20359] ,])</label>
					<scroll>true</scroll>
				</control>
				<control type="label">
					<left>1100</left>
					<width>300</width>
					<top>106r</top>
					<height>45</height>
					<align>right</align>
					<aligny>center</aligny>
					<font>breadcrumb.secondary</font>
					<textcolor>white</textcolor>
					<label>$INFO[Player.Time] / $INFO[Player.Duration,]</label>
				</control>
			</control>
			<control type="group">
				<visible>Player.HasVideo</visible>
				<visible>!VideoPlayer.Content(Movies) + !VideoPlayer.Content(Episodes) + !VideoPlayer.Content(LiveTV)</visible>
				<control type="image">
					<left>510</left>
					<top>116r</top>
					<width>900</width>
					<height>60</height>
					<texture colordiffuse="black">backgrounds/bg_fade.png</texture>
				</control>
				<control type="image">
					<left>520</left>
					<top>116r</top>
					<width>60</width>
					<height>60</height>
					<texture>osd/play.png</texture>
				</control>
				<control type="label">
				<left>575</left>
					<width>600</width>
					<top>106r</top>
					<height>45</height>
					<align>left</align>
					<aligny>center</aligny>
					<font>breadcrumb</font>
					<textcolor>$INFO[Skin.String(color.500)]</textcolor>
					<shadowcolor>black</shadowcolor>
					<label>$INFO[Player.Title]</label>
				</control>
				<control type="label">
				<left>1100</left>
					<width>300</width>
					<top>106r</top>
					<height>45</height>
					<align>right</align>
					<aligny>center</aligny>
					<font>breadcrumb.secondary</font>
					<textcolor>white</textcolor>
					<label>$INFO[Player.Time] / $INFO[Player.Duration,]</label>
				</control>
			</control>
			<control type="group">
				<visible>VideoPlayer.Content(LiveTV)</visible>
				<control type="image">
					<left>510</left>
					<top>116r</top>
					<width>900</width>
					<height>60</height>
					<texture colordiffuse="black">backgrounds/bg_fade.png</texture>
				</control>
				<control type="image">
					<left>520</left>
					<top>116r</top>
					<width>60</width>
					<height>60</height>
					<texture>osd/play.png</texture>
				</control>
				<control type="label">
					<left>575</left>
					<width>600</width>
					<top>110r</top>
					<height>20</height>
					<align>left</align>
					<aligny>center</aligny>
					<font>breadcrumb.secondary</font>
					<textcolor>$INFO[Skin.String(color.500)]</textcolor>
					<shadowcolor>black</shadowcolor>
					<label>$INFO[Player.Title]</label>
				</control>
				<control type="label">
					<left>575</left>
					<width>830</width>
					<top>86r</top>
					<height>20</height>
					<align>left</align>
					<aligny>center</aligny>
					<font>breadcrumb.secondary</font>
					<textcolor>white</textcolor>
					<label>$INFO[VideoPlayer.ChannelName]</label>
					<scroll>true</scroll>
				</control>
				<control type="label">
					<left>1100</left>
					<width>300</width>
					<top>106r</top>
					<height>45</height>
					<align>right</align>
					<aligny>center</aligny>
					<font>breadcrumb.secondary</font>
					<textcolor>white</textcolor>
					<label>$INFO[Player.Time] / $INFO[Player.Duration,]</label>
				</control>
			</control>
			<control type="group">
				<visible>VideoPlayer.Content(Radio)</visible>
				<control type="image">
					<left>510</left>
					<top>116r</top>
					<width>900</width>
					<height>60</height>
					<texture colordiffuse="black">backgrounds/bg_fade.png</texture>
				</control>
				<control type="image">
					<left>520</left>
					<top>116r</top>
					<width>60</width>
					<height>60</height>
					<texture>osd/play.png</texture>
				</control>
				<control type="label">
					<left>575</left>
					<width>600</width>
					<top>110r</top>
					<height>20</height>
					<align>left</align>
					<aligny>center</aligny>
					<font>breadcrumb.secondary</font>
					<textcolor>$INFO[Skin.String(color.500)]</textcolor>
					<shadowcolor>black</shadowcolor>
					<label>$INFO[Player.Title]</label>
				</control>
				<control type="label">
					<left>575</left>
					<width>830</width>
					<top>86r</top>
					<height>20</height>
					<align>left</align>
					<aligny>center</aligny>
					<font>breadcrumb.secondary</font>
					<textcolor>white</textcolor>
					<label>$INFO[VideoPlayer.ChannelName]</label>
					<scroll>true</scroll>
				</control>
				<control type="label">
					<left>1100</left>
					<width>300</width>
					<top>106r</top>
					<height>45</height>
					<align>right</align>
					<aligny>center</aligny>
					<font>breadcrumb.secondary</font>
					<textcolor>white</textcolor>
					<label>$INFO[Player.Time] / $INFO[Player.Duration,]</label>
				</control>
			</control>
			<control type="group">
				<visible>Player.HasAudio + !VideoPlayer.Content(Radio)</visible>
				<control type="image">
					<left>510</left>
					<top>116r</top>
					<width>900</width>
					<height>60</height>
					<texture colordiffuse="black">backgrounds/bg_fade.png</texture>
				</control>
				<control type="image">
					<left>520</left>
					<top>116r</top>
					<width>60</width>
					<height>60</height>
					<texture>osd/play.png</texture>
				</control>
				<control type="label">
					<left>575</left>
					<width>600</width>
					<top>110r</top>
					<height>20</height>
					<align>left</align>
					<aligny>center</aligny>
					<font>breadcrumb.secondary</font>
					<textcolor>$INFO[Skin.String(color.500)]</textcolor>
					<shadowcolor>black</shadowcolor>
					<label>$INFO[Player.Title] </label>
				</control>
				<control type="label">
					<left>575</left>
					<width>830</width>
					<top>86r</top>
					<height>20</height>
					<align>left</align>
					<aligny>center</aligny>
					<font>breadcrumb.secondary</font>
					<textcolor>white</textcolor>
					<label>$INFO[MusicPlayer.Artist] - $INFO[MusicPlayer.Album]$INFO[musicplayer.discnumber, - $LOCALIZE[427]: ]</label>
				</control>
				<control type="label">
					<left>1100</left>
					<width>300</width>
					<top>106r</top>
					<height>45</height>
					<align>right</align>
					<aligny>center</aligny>
					<font>breadcrumb.secondary</font>
					<textcolor>white</textcolor>
					<shadowcolor>button.nf</shadowcolor>
					<label>$INFO[Player.Time] / $INFO[Player.Duration,]</label>
				</control>
			</control>
		</control>
		
		<control type="group" id="10">
		<visible>!Skin.HasSetting(FloorButtons)</visible>
			<depth>DepthFooter</depth>
			<left>0</left>
			<top>120r</top>
			<include>Window_OpenClose_Animation</include>
			<control type="image">
				<left>60</left>
				<top>5</top>
				<width>360</width>
				<height>60</height>
				<texture colordiffuse="black">backgrounds/bg_fade.png</texture>
			</control>
			<control type="button" id="20">
				<description>Power push button</description>
				<left>55</left>
				<top>0</top>
				<width>70</width>
				<height>70</height>
				<label></label>
				<font/>
				<onclick>ActivateWindow(ShutdownMenu)</onclick>
				<texturefocus colordiffuse="$INFO[Skin.String(color.500)]">icons/power.png</texturefocus>
				<texturenofocus colordiffuse="white">icons/power.png</texturenofocus>
				<onleft>605</onleft>
				<onright>21</onright>
				<onup>9000</onup>
				<ondown>603</ondown>
			</control>
			<control type="button" id="21">
				<description>Favourites push button</description>
				<left>115</left>
				<top>0</top>
				<width>70</width>
				<height>70</height>
				<label></label>
				<font/>
				<onclick>ActivateWindow(Favourites)</onclick>
				<texturefocus colordiffuse="$INFO[Skin.String(color.500)]">icons/favourite.png</texturefocus>
				<texturenofocus colordiffuse="white">icons/favourite.png</texturenofocus>
				<onleft>20</onleft>
				<onright>22</onright>
				<onup>9000</onup>
				<ondown>603</ondown>
			</control>
			<control type="button" id="22">
				<description>Settings push button</description>
				<left>175</left>
				<top>0</top>
				<width>70</width>
				<height>70</height>
				<label></label>
				<font/>
				<onclick>ActivateWindow(Settings)</onclick>
				<texturefocus colordiffuse="$INFO[Skin.String(color.500)]">icons/settings.png</texturefocus>
				<texturenofocus colordiffuse="white">icons/settings.png</texturenofocus>
				<onleft>21</onleft>
				<onright>23</onright>
				<onup>9000</onup>
				<ondown>603</ondown>
			</control>
			<control type="button" id="23">
				<description>Addons push button</description>
				<left>235</left>
				<top>2</top>
				<width>70</width>
				<height>70</height>
				<label></label>
				<font/>
				<onclick>ActivateWindow(AddonBrowser)</onclick>
				<texturefocus colordiffuse="$INFO[Skin.String(color.500)]">icons/addon.png</texturefocus>
				<texturenofocus colordiffuse="white">icons/addon.png</texturenofocus>
				<onleft>22</onleft>
				<onright>24</onright>
				<onup>9000</onup>
				<ondown>603</ondown>
			</control>
			<control type="button" id="24">
				<description>Filemanager push button</description>
				<left>295</left>
				<top>0</top>
				<width>70</width>
				<height>70</height>
				<label></label>
				<font/>
				<onclick>ActivateWindow(FileManager)</onclick>
				<texturefocus colordiffuse="$INFO[Skin.String(color.500)]">icons/filemanager.png</texturefocus>
				<texturenofocus colordiffuse="white">icons/filemanager.png</texturenofocus>
				<onleft>23</onleft>
				<onright>25</onright>
				<onup>9000</onup>
				<ondown>603</ondown>
			</control>
			<control type="button" id="25">
				<description>Search push button</description>
				<left>355</left>
				<top>0</top>
				<width>70</width>
				<height>70</height>
				<label></label>
				<font/>
				<onclick>ActivateWindow(1111)</onclick>
				<texturefocus colordiffuse="$INFO[Skin.String(color.500)]">icons/search.png</texturefocus>
				<texturenofocus colordiffuse="white">icons/search.png</texturenofocus>
				<onleft>24</onleft>
				<onright>603</onright>
				<onup>9000</onup>
				<ondown>603</ondown>
			</control>
		</control>
		
		<control type="group">
		<visible>!Skin.HasSetting(FloorButtons)</visible>
			<left>60</left>
			<right>60</right>
			<top>180r</top>
			<!--rss feed-->
			<control type="group">
				<visible>system.getbool(lookandfeel.enablerssfeeds)</visible>
				<include>Window_OpenClose_Animation</include>
				<!--rss background-->
				<control type="image">
					<width>100%</width>
					<height>60</height>
					<texture colordiffuse="black">backgrounds/bg_fade.png</texture>
				</control>
				<!--rss feed-->
				<control type="rss">
					<centerleft>50%</centerleft>
					<top>5</top>
					<height>60</height>
					<width>100%</width>
					<aligny>center</aligny>
					<font>Roboto-Black.ttf</font>
					<urlset>1</urlset>
					<textcolor>$INFO[Skin.String(color.500)]</textcolor>
					<titlecolor>$INFO[Skin.String(color.500)]</titlecolor>
					<headlinecolor>white</headlinecolor>
				</control>
			</control>

		</control>
		
		<!--dialog fade-->
		<include>BehindDialogFadeOut</include>
	</controls>
</window>
