<?xml version="1.0" encoding="UTF-8"?>
<includes>
	
	<variable name="GameSelectHeader">
		<value condition="Window.IsActive(gamevideofilter)">$LOCALIZE[230]</value>
		<value condition="Window.IsActive(gamestretchmode)">$LOCALIZE[35233]</value>
		<value condition="Window.IsActive(gamevideorotation)">$LOCALIZE[35227]</value>
	</variable>
	
	
	
	<include name="DefaultDialogSelectLayout">
		<include>CommonBackground</include>
		<control type="image">
			<left>60</left>
			<top>60</top>
			<width>360</width>
			<height>60</height>
			<texture colordiffuse="black">backgrounds/bg_fade.png</texture>
		</control>
		<control type="image">
			<left>70</left>
			<top>60</top>
			<width>60</width>
			<height>60</height>
			<aspectratio>keep</aspectratio>
			<texture>$INFO[Weather.ConditionsIcon]</texture>
		</control>
		<control type="label">
			<left>140</left>
			<top>60</top>
			<width>100</width>
			<height>60</height>
			<align>left</align>
			<aligny>center</aligny>
			<font>menu.title</font>
			<textcolor>$INFO[Skin.String(color.500)]</textcolor>
			<label>[B]$INFO[Window(Weather).Property(Current.Temperature)][/B] $INFO[System.TemperatureUnits]</label>
		</control>
		<control type="label">
			<left>240</left>
			<top>60</top>
			<width>170</width>
			<height>60</height>
			<align>left</align>
			<aligny>center</aligny>
			<font>breadcrumb.secondary</font>
			<textcolor>white</textcolor>
			<label>$INFO[Window(Weather).Property(Current.Condition),]</label>
			<scroll>true</scroll>
		</control>
		<control type="image">
			<right>60</right>
			<top>60</top>
			<width>360</width>
			<height>60</height>
			<texture colordiffuse="black">backgrounds/bg_fade.png</texture>
		</control>
		<control type="label">
			<right>130</right>
			<top>60</top>
			<width>200</width>
			<height>60</height>
			<align>right</align>
			<aligny>center</aligny>
			<font>menu.title</font>
			<textcolor>$INFO[Skin.String(color.500)]</textcolor>
			<label>$INFO[System.Time(hh:mm)]</label>
		</control>
		<control type="label">
			<right>60</right>
			<top>60</top>
			<width>70</width>
			<height>60</height>
			<align>left</align>
			<aligny>center</aligny>
			<font>menu.title</font>
			<textcolor>$INFO[Skin.String(color.500)]</textcolor>
			<label>:$INFO[System.Time(ss)]</label>
		</control>
		<control type="label">
			<right>260</right>
			<top>60</top>
			<width>300</width>
			<height>60</height>
			<align>right</align>
			<aligny>center</aligny>
			<font>breadcrumb.secondary</font>
			<textcolor>white</textcolor>
			<label>$INFO[System.Date(dd:mm:yyyy]</label>
		</control>
		
		<control type="group">
		<visible>!Skin.HasSetting(Playerinfo)</visible>
			<control type="group">
				<visible>VideoPlayer.Content(Movies)</visible>
				<control type="image">
					<left>510</left>
					<top>116r</top>
					<width>900</width>
					<height>60</height>
					<texture colordiffuse="black">backgrounds/bg_fade.png</texture>
				</control>
				<control type="image">
					<left>520</left>
					<top>116r</top>
					<width>60</width>
					<height>60</height>
					<texture>osd/play.png</texture>
				</control>
				<control type="label">
					<left>575</left>
					<width>600</width>
					<top>110r</top>
					<height>20</height>
					<align>left</align>
					<aligny>center</aligny>
					<font>breadcrumb.secondary</font>
					<textcolor>$INFO[Skin.String(color.500)]</textcolor>
					<shadowcolor>black</shadowcolor>
					<label>$INFO[Player.Title]</label>
					<scroll>true</scroll>
				</control>
				<control type="label">
					<left>575</left>
					<width>830</width>
					<top>86r</top>
					<height>20</height>
					<align>left</align>
					<aligny>center</aligny>
					<font>breadcrumb.secondary</font>
					<textcolor>white</textcolor>
					<label>$INFO[VideoPlayer.Studio]</label>
					<scroll>true</scroll>
				</control>
				<control type="label">
					<left>1100</left>
					<width>300</width>
					<top>106r</top>
					<height>45</height>
					<align>right</align>
					<aligny>center</aligny>
					<font>breadcrumb.secondary</font>
					<textcolor>white</textcolor>
					<label>$INFO[Player.Time] / $INFO[Player.Duration,]</label>
				</control>
			</control>
			<control type="group">
				<visible>VideoPlayer.Content(Episodes)</visible>
				<control type="image">
					<left>510</left>
					<top>116r</top>
					<width>900</width>
					<height>60</height>
					<texture colordiffuse="black">backgrounds/bg_fade.png</texture>
				</control>
				<control type="image">
					<left>520</left>
					<top>116r</top>
					<width>60</width>
					<height>60</height>
					<texture>osd/play.png</texture>
				</control>
				<control type="label">
					<left>575</left>
					<width>600</width>
					<top>110r</top>
					<height>20</height>
					<align>left</align>
					<aligny>center</aligny>
					<font>breadcrumb.secondary</font>
					<textcolor>$INFO[Skin.String(color.500)]</textcolor>
					<shadowcolor>black</shadowcolor>
					<label>$INFO[Player.Title]</label>
					<scroll>true</scroll>
				</control>
				<control type="label">
					<left>575</left>
					<width>830</width>
					<top>86r</top>
					<height>20</height>
					<align>left</align>
					<aligny>center</aligny>
					<font>breadcrumb.secondary</font>
					<textcolor>white</textcolor>
					<label>$INFO[VideoPlayer.TVShowTitle] ($INFO[VideoPlayer.Season,$LOCALIZE[20373] , - ]$INFO[VideoPlayer.episode,$LOCALIZE[20359] ,])</label>
					<scroll>true</scroll>
				</control>
				<control type="label">
					<left>1100</left>
					<width>300</width>
					<top>106r</top>
					<height>45</height>
					<align>right</align>
					<aligny>center</aligny>
					<font>breadcrumb.secondary</font>
					<textcolor>white</textcolor>
					<label>$INFO[Player.Time] / $INFO[Player.Duration,]</label>
				</control>
			</control>
			<control type="group">
				<visible>Player.HasVideo</visible>
				<visible>!VideoPlayer.Content(Movies) + !VideoPlayer.Content(Episodes) + !VideoPlayer.Content(LiveTV)</visible>
				<control type="image">
					<left>510</left>
					<top>116r</top>
					<width>900</width>
					<height>60</height>
					<texture colordiffuse="black">backgrounds/bg_fade.png</texture>
				</control>
				<control type="image">
					<left>520</left>
					<top>116r</top>
					<width>60</width>
					<height>60</height>
					<texture>osd/play.png</texture>
				</control>
				<control type="label">
				<left>575</left>
					<width>600</width>
					<top>106r</top>
					<height>45</height>
					<align>left</align>
					<aligny>center</aligny>
					<font>breadcrumb</font>
					<textcolor>$INFO[Skin.String(color.500)]</textcolor>
					<shadowcolor>black</shadowcolor>
					<label>$INFO[Player.Title]</label>
				</control>
				<control type="label">
				<left>1100</left>
					<width>300</width>
					<top>106r</top>
					<height>45</height>
					<align>right</align>
					<aligny>center</aligny>
					<font>breadcrumb.secondary</font>
					<textcolor>white</textcolor>
					<label>$INFO[Player.Time] / $INFO[Player.Duration,]</label>
				</control>
			</control>
			<control type="group">
				<visible>VideoPlayer.Content(LiveTV)</visible>
				<control type="image">
					<left>510</left>
					<top>116r</top>
					<width>900</width>
					<height>60</height>
					<texture colordiffuse="black">backgrounds/bg_fade.png</texture>
				</control>
				<control type="image">
					<left>520</left>
					<top>116r</top>
					<width>60</width>
					<height>60</height>
					<texture>osd/play.png</texture>
				</control>
				<control type="label">
					<left>575</left>
					<width>600</width>
					<top>110r</top>
					<height>20</height>
					<align>left</align>
					<aligny>center</aligny>
					<font>breadcrumb.secondary</font>
					<textcolor>$INFO[Skin.String(color.500)]</textcolor>
					<shadowcolor>black</shadowcolor>
					<label>$INFO[Player.Title]</label>
				</control>
				<control type="label">
					<left>575</left>
					<width>830</width>
					<top>86r</top>
					<height>20</height>
					<align>left</align>
					<aligny>center</aligny>
					<font>breadcrumb.secondary</font>
					<textcolor>white</textcolor>
					<label>$INFO[VideoPlayer.ChannelName]</label>
					<scroll>true</scroll>
				</control>
				<control type="label">
					<left>1100</left>
					<width>300</width>
					<top>106r</top>
					<height>45</height>
					<align>right</align>
					<aligny>center</aligny>
					<font>breadcrumb.secondary</font>
					<textcolor>white</textcolor>
					<label>$INFO[Player.Time] / $INFO[Player.Duration,]</label>
				</control>
			</control>
			<control type="group">
				<visible>VideoPlayer.Content(Radio)</visible>
				<control type="image">
					<left>510</left>
					<top>116r</top>
					<width>900</width>
					<height>60</height>
					<texture colordiffuse="black">backgrounds/bg_fade.png</texture>
				</control>
				<control type="image">
					<left>520</left>
					<top>116r</top>
					<width>60</width>
					<height>60</height>
					<texture>osd/play.png</texture>
				</control>
				<control type="label">
					<left>575</left>
					<width>600</width>
					<top>110r</top>
					<height>20</height>
					<align>left</align>
					<aligny>center</aligny>
					<font>breadcrumb.secondary</font>
					<textcolor>$INFO[Skin.String(color.500)]</textcolor>
					<shadowcolor>black</shadowcolor>
					<label>$INFO[Player.Title]</label>
				</control>
				<control type="label">
					<left>575</left>
					<width>830</width>
					<top>86r</top>
					<height>20</height>
					<align>left</align>
					<aligny>center</aligny>
					<font>breadcrumb.secondary</font>
					<textcolor>white</textcolor>
					<label>$INFO[VideoPlayer.ChannelName]</label>
					<scroll>true</scroll>
				</control>
				<control type="label">
					<left>1100</left>
					<width>300</width>
					<top>106r</top>
					<height>45</height>
					<align>right</align>
					<aligny>center</aligny>
					<font>breadcrumb.secondary</font>
					<textcolor>white</textcolor>
					<label>$INFO[Player.Time] / $INFO[Player.Duration,]</label>
				</control>
			</control>
			<control type="group">
				<visible>Player.HasAudio + !VideoPlayer.Content(Radio)</visible>
				<control type="image">
					<left>510</left>
					<top>116r</top>
					<width>900</width>
					<height>60</height>
					<texture colordiffuse="black">backgrounds/bg_fade.png</texture>
				</control>
				<control type="image">
					<left>520</left>
					<top>116r</top>
					<width>60</width>
					<height>60</height>
					<texture>osd/play.png</texture>
				</control>
				<control type="label">
					<left>575</left>
					<width>600</width>
					<top>110r</top>
					<height>20</height>
					<align>left</align>
					<aligny>center</aligny>
					<font>breadcrumb.secondary</font>
					<textcolor>$INFO[Skin.String(color.500)]</textcolor>
					<shadowcolor>black</shadowcolor>
					<label>$INFO[Player.Title] </label>
				</control>
				<control type="label">
					<left>575</left>
					<width>830</width>
					<top>86r</top>
					<height>20</height>
					<align>left</align>
					<aligny>center</aligny>
					<font>breadcrumb.secondary</font>
					<textcolor>white</textcolor>
					<label>$INFO[MusicPlayer.Artist] - $INFO[MusicPlayer.Album]$INFO[musicplayer.discnumber, - $LOCALIZE[427]: ]</label>
				</control>
				<control type="label">
					<left>1100</left>
					<width>300</width>
					<top>106r</top>
					<height>45</height>
					<align>right</align>
					<aligny>center</aligny>
					<font>breadcrumb.secondary</font>
					<textcolor>white</textcolor>
					<shadowcolor>button.nf</shadowcolor>
					<label>$INFO[Player.Time] / $INFO[Player.Duration,]</label>
				</control>
			</control>
		</control>
		
		<control type="group">
			<visible>Skin.HasSetting(Touchmode)</visible>
			<control type="image">
				<left>60</left>
				<top>115r</top>
				<width>60</width>
				<height>60</height>
				<texture colordiffuse="black">backgrounds/bg_fade.png</texture>
			</control>
			<control type="button">
				<description>Back push button</description>
				<left>55</left>
				<top>120r</top>
				<width>70</width>
				<height>70</height>
				<label></label>
				<font/>
				<onclick>back</onclick>
				<texturefocus colordiffuse="$INFO[Skin.String(color.500)]">icons/back.png</texturefocus>
				<texturenofocus colordiffuse="white">icons/back.png</texturenofocus>
				<onleft></onleft>
				<onright></onright>
				<onup></onup>
				<ondown></ondown>
			</control>
			<control type="image">
				<right>60</right>
				<top>115r</top>
				<width>60</width>
				<height>60</height>
				<texture colordiffuse="black">backgrounds/bg_fade.png</texture>
			</control>
			<control type="button">
				<description>Home push button</description>
				<right>55</right>
				<top>120r</top>
				<width>70</width>
				<height>70</height>
				<label></label>
				<font/>
				<onclick>ActivateWindow(home)</onclick>
				<texturefocus colordiffuse="$INFO[Skin.String(color.500)]">icons/home.png</texturefocus>
				<texturenofocus colordiffuse="white">icons/home.png</texturenofocus>
				<onleft></onleft>
				<onright></onright>
				<onup></onup>
				<ondown></ondown>
			</control>
		</control>
		
		<!--all content-->
		<control type="group">
			<left>60</left>
			<centertop>50%</centertop>
			<width>1800</width>
			<height>783</height>
			<visible>!Window.IsVisible(FileBrowser)</visible>
			<!--main content-->
			<control type="group">
				<control type="image">
				<left>0</left>
				<top>0</top>
				<width>1800</width>
				<height>650</height>
				<texture colordiffuse="black">backgrounds/bg_fade.png</texture>
			</control>
			<control type="image">
				<left>0</left>
				<top>655</top>
				<width>1800</width>
				<height>120</height>
				<texture colordiffuse="black">backgrounds/bg_fade.png</texture>
			</control>
				<!--title-->
				<control type="label" id="1">
					<left>0</left>
					<top>5</top>
					<width>1800</width>
					<height>60</height>
					<font>info.title</font>
					<align>center</align>
					<aligny>center</aligny>
					<textcolor>$INFO[Skin.String(color.500)]</textcolor>
				</control>
				<!--content list (simple)-->
				<control type="list" id="3">
					<left>300</left>
					<top>100</top>
					<height>530</height>
					<width>1800</width>
					<onup>3</onup>
					<ondown>3</ondown>
					<onleft>90</onleft>
					<onright>61</onright>
					<pagecontrol>61</pagecontrol>
					<scrolltime>200</scrolltime>
					<animation effect="slide" end="0,30" time="0" condition="!Control.IsVisible(5) + !Control.IsVisible(7)">Conditional</animation>
					<itemlayout height="67">
						<!--label-->
						<control type="label">
							<left>15</left>
							<top>0</top>
							<width>1125</width>
							<height>60</height>
							<font>label</font>
							<align>left</align>
							<aligny>center</aligny>
							<textcolor>white</textcolor>
							<selectedcolor>$INFO[Skin.String(color.500)]</selectedcolor>
							<info>ListItem.Label</info>
						</control>
					</itemlayout>
					<focusedlayout height="67">
						<!--background-->
						<control type="image">
							<left>0</left>
							<top>0</top>
							<width>1155</width>
							<height>60</height>
							<texture colordiffuse="$INFO[Skin.String(color.500)]">backgrounds/white.png</texture>
							<animation effect="fade" start="100" end="50" time="200" condition="!Control.HasFocus(3)">Conditional</animation>
						</control>
						<!--label-->
						<control type="label">
							<left>15</left>
							<top>0</top>
							<width>1125</width>
							<height>60</height>
							<font>label</font>
							<align>left</align>
							<aligny>center</aligny>
							<textcolor>white</textcolor>
							<selectedcolor>$INFO[Skin.String(color.alt)]</selectedcolor>
							<info>ListItem.Label</info>
						</control>
					</focusedlayout>
				</control>
				<!--content list (advanced)-->
				<control type="list" id="6">
					<left>300</left>
					<top>100</top>
					<height>530</height>
					<width>1800</width>
					<onup>6</onup>
					<ondown>6</ondown>
					<onleft>90</onleft>
					<onright>61</onright>
					<pagecontrol>61</pagecontrol>
					<scrolltime>200</scrolltime>
					<animation effect="slide" end="0,30" time="0" condition="!Control.IsVisible(5) + !Control.IsVisible(7)">Conditional</animation>
					<itemlayout height="135">
						<!--icon-->
						<control type="image">
							<left>5</left>
							<top>5</top>
							<width>115</width>
							<height>115</height>
							<texture>$INFO[Listitem.Icon]</texture>
							<visible>!String.Contains(ListItem.Icon,Default)</visible>
						</control>
						<!--default icon-->
						<control type="image">
							<left>5</left>
							<top>5</top>
							<width>115</width>
							<height>115</height>
							<texture colordiffuse="white">$INFO[Listitem.Icon]</texture>
							<visible>String.Contains(ListItem.Icon,Default)</visible>
						</control>
						<!--title-->
						<control type="label">
							<left>133</left>
							<top>7</top>
							<width>1125</width>
							<height>60</height>
							<font>label</font>
							<align>left</align>
							<aligny>top</aligny>
							<textcolor>white</textcolor>
							<selectedcolor>$INFO[Skin.String(color.500)]</selectedcolor>
							<label>[B]$INFO[ListItem.Label][/B]</label>
						</control>
						<!--description-->
						<control type="textbox">
							<left>133</left>
							<top>42</top>
							<width>1125</width>
							<height>73</height>
							<font>label</font>
							<align>left</align>
							<aligny>top</aligny>
							<textcolor>white</textcolor>
							<selectedcolor>$INFO[Skin.String(color.500)]</selectedcolor>
							<label>$INFO[ListItem.Label2]</label>
						</control>
					</itemlayout>
					<focusedlayout height="135">
						<!--background-->
						<control type="image">
							<left>0</left>
							<top>0</top>
							<width>1155</width>
							<height>125</height>
							<texture colordiffuse="$INFO[Skin.String(color.500)]">backgrounds/white.png</texture>
							<animation effect="fade" start="100" end="50" time="200" condition="!Control.HasFocus(6)">Conditional</animation>
						</control>
						<!--icon-->
						<control type="image">
							<left>5</left>
							<top>5</top>
							<width>115</width>
							<height>115</height>
							<texture>$INFO[Listitem.Icon]</texture>
						</control>
						<!--title-->
						<control type="label">
							<left>133</left>
							<top>7</top>
							<width>1125</width>
							<height>60</height>
							<font>label</font>
							<align>left</align>
							<aligny>top</aligny>
							<textcolor>white</textcolor>
							<selectedcolor>$INFO[Skin.String(color.alt)]</selectedcolor>
							<label>[B]$INFO[ListItem.Label][/B]</label>
						</control>
						<!--description-->
						<control type="textbox">
							<left>133</left>
							<top>42</top>
							<width>1125</width>
							<height>73</height>
							<font>label</font>
							<align>left</align>
							<aligny>top</aligny>
							<textcolor>white</textcolor>
							<label>$INFO[ListItem.Label2]</label>
						</control>
					</focusedlayout>
				</control>
				<control type="scrollbar" id="61">
					<left>1500</left>
					<top>100</top>
					<height>530</height>
					<orientation>vertical</orientation>
					<showonepage>false</showonepage>
					<onleft>3</onleft>
					<onright>3</onright>
					<ondown>61</ondown>
					<onup>61</onup>
					<animation effect="slide" end="0,30" time="0" condition="!Control.IsVisible(5) + !Control.IsVisible(7)">Conditional</animation>
					<visible>Control.IsVisible(3)</visible>
				</control>
				<control type="scrollbar" id="61">
					<left>1500</left>
					<top>100</top>
					<height>530</height>
					<orientation>vertical</orientation>
					<showonepage>false</showonepage>
					<onleft>6</onleft>
					<onright>6</onright>
					<ondown>61</ondown>
					<onup>61</onup>
					<animation effect="slide" end="0,30" time="0" condition="!Control.IsVisible(5) + !Control.IsVisible(7)">Conditional</animation>
					<visible>Control.IsVisible(6)</visible>
				</control>
			</control>
			<!--buttons bar-->
			<control type="group">
				<visible>Control.IsVisible(5) | Control.IsVisible(7)</visible>
				<!--bottom buttons-->
				<control type="grouplist" id="90">
					<centerleft>49%</centerleft>
					<top>100r</top>
					<width>600</width>
					<height>60</height>
					<orientation>horizontal</orientation>
					<align>justify</align>
					<onleft>3</onleft>
					<onright>3</onright>
					<!--add button-->
					<include content="AnimatedCircleButtonGroup">
						<param name="button-id" value="5" />
						<param name="button-width" value="140" />
						<param name="button-texture" value="addbutton" />
						<param name="button-onup" value="3" />
						<param name="button-ondown" value="3" />
						<param name="button-onleft" value="7" />
						<param name="button-onright" value="7" />
					</include>
					<!--no button-->
					<include content="AnimatedCircleButtonGroup">
						<param name="button-id" value="7" />
						<param name="button-width" value="140" />
						<param name="button-texture" value="nobutton" />
						<param name="button-onup" value="3" />
						<param name="button-ondown" value="3" />
						<param name="button-onleft" value="5" />
						<param name="button-onright" value="5" />
					</include>
				</control>
			</control>
		</control>
	</include>
	<include name="GameDialogSelectLayout">
		<!--all content-->
		<control type="group">
			<centerleft>50%</centerleft>
			<width>1210</width>
			<animation effect="slide" start="1925,0" end="0,0" time="400" tween="quadratic" easing="out">WindowOpen</animation>
			<animation effect="slide" start="0,0" end="-1925,0" time="400" tween="quadratic" easing="out">WindowClose</animation>
			<animation effect="slide" start="-1925,0" end="0,0" time="400" tween="quadratic" easing="out">Visible</animation>
			<animation effect="slide" start="0,0" end="-1925,0" time="400" tween="quadratic" easing="out">Hidden</animation>
			<animation effect="slide" start="0,0" end="-35,0" time="300" condition="Window.IsActive(ShutdownMenu) + !String.IsEqual(Skin.AspectRatio,21:9)">Conditional</animation>
			<!--title bars and backgrounds-->
			<include content="DynamicDialogBackground">
				<param name="dialog-width" value="1210" />
				<param name="glow-width" value="1290" />
			</include>
			<!--close window button-->
			<control type="button">
				<left>5</left>
				<top>0</top>
				<width>50</width>
				<height>25</height>
				<label></label>
				<font></font>
				<onclick>PreviousMenu</onclick>
				<texturefocus>DialogCloseButton-focus.png</texturefocus>
				<texturenofocus>DialogCloseButton.png</texturenofocus>
				<onleft>9000</onleft>
				<onright>9000</onright>
				<onup>9000</onup>
				<ondown>9000</ondown>
				<visible>system.getbool(input.enablemouse)</visible>
			</control>
			<!--main content-->
			<control type="group">
				<!--title-->
				<control type="label" id="2">
					<left>45</left>
					<top>25</top>
					<width>1120</width>
					<height>60</height>
					<font>info.title</font>
					<align>left</align>
					<aligny>center</aligny>
					<textcolor>white</textcolor>
					<label>$VAR[GameSelectHeader]</label>
				</control>
				<control type="panel" id="11">
					<left>140</left>
					<top>195</top>
					<width>932</width>
					<height>700</height>
					<onleft>11</onleft>
					<onright>11</onright>
					<ondown>11</ondown>
					<onup>11</onup>
					<scrolltime>200</scrolltime>
					<viewtype label="536">icon</viewtype>
					<orientation>vertical</orientation>
					<pagecontrol/>
					<itemlayout height="233" width="233">
						<!--background-->
						<control type="image">
							<left>0</left>
							<top>0</top>
							<width>233</width>
							<height>233</height>
							<texture background="true" colordiffuse="button.nf">backgrounds/white.png</texture>
							<bordersize>5</bordersize>
							<bordertexture colordiffuse="$INFO[Skin.String(color.500)]">backgrounds/square shadow small.png</bordertexture>
						</control>
						<control type="gamewindow">
							<left>5</left>
							<top>5</top>
							<width>223</width>
							<height>150</height>
							<viewmode>$INFO[ListItem.Property(game.viewmode)]</viewmode>
							<videofilter>$INFO[ListItem.Property(game.videofilter)]</videofilter>
							<rotation>$INFO[ListItem.Property(game.videorotation)]</rotation>
						</control>
						<control type="label">
							<left>7</left>
							<top>185</top>
							<width>226</width>
							<height>15</height>
							<font>secondary.info.big</font>
							<textcolor>white</textcolor>
							<selectedcolor>selected</selectedcolor>
							<align>center</align>
							<aligny>center</aligny>
							<label>$INFO[ListItem.Label]$INFO[ListItem.Label2, (,)]</label>
						</control>
					</itemlayout>
					<focusedlayout height="233" width="233">
						<!--background-->
						<control type="image">
							<left>0</left>
							<top>0</top>
							<width>233</width>
							<height>233</height>
							<texture background="true" colordiffuse="button.nf">backgrounds/white.png</texture>
							<bordersize>5</bordersize>
							<bordertexture colordiffuse="$INFO[Skin.String(color.500)]">backgrounds/white.png</bordertexture>
						</control>
						<control type="gamewindow">
							<left>5</left>
							<top>5</top>
							<width>223</width>
							<height>150</height>
							<viewmode>$INFO[ListItem.Property(game.viewmode)]</viewmode>
							<videofilter>$INFO[ListItem.Property(game.videofilter)]</videofilter>
							<rotation>$INFO[ListItem.Property(game.videorotation)]</rotation>
						</control>
						<control type="label">
							<left>7</left>
							<top>185</top>
							<width>226</width>
							<height>15</height>
							<font>secondary.info.big</font>
							<textcolor>white</textcolor>
							<selectedcolor>$INFO[Skin.String(color.500)]</selectedcolor>
							<align>center</align>
							<aligny>center</aligny>
							<label>$INFO[ListItem.Label]$INFO[ListItem.Label2, (,)]</label>
						</control>
					</focusedlayout>
				</control>
			</control>
		</control>
	</include>
</includes>
