<?xml version="1.0" encoding="UTF-8"?>
<window>
	<defaultcontrol always="true">602</defaultcontrol>
	<controls>
		<control type="group">
			<visible>![Window.IsVisible(AddonSettings) | Window.IsVisible(SelectDialog) | Window.IsVisible(VisualisationPresetList) | Window.IsVisible(PVROSDChannels) | Window.IsVisible(PVRChannelGuide) | Window.IsVisible(PVRRadioRDSInfo) | Window.IsVisible(Addon)]</visible>
			<control type="group">
		<visible>!Skin.HasSetting(Weatherinfo) + !String.IsEmpty(Weather.Plugin)</visible>
			<control type="image">
				<left>60</left>
				<top>60</top>
				<width>360</width>
				<height>60</height>
				<texture colordiffuse="black">backgrounds/bg_fade.png</texture>
			</control>
			<control type="image">
				<left>70</left>
				<top>60</top>
				<width>60</width>
				<height>60</height>
				<aspectratio>keep</aspectratio>
				<texture>$INFO[Weather.ConditionsIcon]</texture>
			</control>
			<control type="label">
				<left>140</left>
				<top>60</top>
				<width>100</width>
				<height>60</height>
				<align>left</align>
				<aligny>center</aligny>
				<font>menu.title</font>
				<textcolor>$INFO[Skin.String(color.500)]</textcolor>
				<label>[B]$INFO[Window(Weather).Property(Current.Temperature)][/B] $INFO[System.TemperatureUnits]</label>
			</control>
			<control type="label">
				<left>240</left>
				<top>60</top>
				<width>170</width>
				<height>60</height>
				<align>left</align>
				<aligny>center</aligny>
				<font>breadcrumb.secondary</font>
				<textcolor>white</textcolor>
				<label>$INFO[Window(Weather).Property(Current.Condition),]</label>
				<scroll>true</scroll>
			</control>
		</control>
		
		<control type="group">
		<visible>!Skin.HasSetting(Clock)</visible>
			<control type="image">
				<right>60</right>
				<top>60</top>
				<width>360</width>
				<height>60</height>
				<texture colordiffuse="black">backgrounds/bg_fade.png</texture>
			</control>
			<control type="label">
				<right>145</right>
				<top>60</top>
				<width>200</width>
				<height>60</height>
				<align>right</align>
				<aligny>center</aligny>
				<font>menu.title</font>
				<textcolor>$INFO[Skin.String(color.500)]</textcolor>
				<label>$INFO[System.Time(hh:mm)]</label>
			</control>
			<control type="label">
				<right>65</right>
				<top>60</top>
				<width>80</width>
				<height>60</height>
				<align>left</align>
				<aligny>center</aligny>
				<font>menu.title</font>
				<textcolor>$INFO[Skin.String(color.500)]</textcolor>
				<label>:$INFO[System.Time(ss)]</label>
			</control>
			<control type="label">
				<right>280</right>
				<top>60</top>
				<width>300</width>
				<height>60</height>
				<align>right</align>
				<aligny>center</aligny>
				<font>breadcrumb.secondary</font>
				<textcolor>white</textcolor>
				<label>$INFO[System.Date(dd:mm:yyyy]</label>
			</control>
		</control>
		</control>
		<!--all content-->
		<control type="group">
			<left>30</left>
			<top>120r</top>
			<width>1800</width>
			<control type="image" id="1">
				<left>30</left>
				<top>5</top>
				<width>1800</width>
				<height>60</height>
				<texture colordiffuse="black">backgrounds/bg_fade.png</texture>
			</control>
			<control type="slider" id="87">
				<description>Seek Slider</description>
				<left>25</left>
				<top>-50</top>
				<width>1090</width>
				<height>7</height>
				<onup>702</onup>
				<ondown>26</ondown>
				<action>seek</action>
				<animation effect="fade" time="200">VisibleChange</animation>
				<visible>![Window.IsVisible(AddonSettings) | Window.IsVisible(SelectDialog) | Window.IsVisible(VisualisationPresetList) | Window.IsVisible(PVROSDChannels) | Window.IsVisible(PVRChannelGuide) | Window.IsVisible(PVRRadioRDSInfo) | Window.IsVisible(Addon)]</visible>
			</control>
			<control type="grouplist" id="100">
				<left>30</left>
				<top>0</top>
				<onup>1000</onup>
				<ondown>1000</ondown>
				<onleft>704</onleft>
				<onright>606</onright>
				<orientation>horizontal</orientation>
				<itemgap></itemgap>
				<animation effect="fade" time="200">VisibleChange</animation>
				<visible>![Window.IsVisible(AddonSettings) | Window.IsVisible(SelectDialog) | Window.IsVisible(VisualisationPresetList) | Window.IsVisible(PVROSDChannels) | Window.IsVisible(PVRChannelGuide) | Window.IsVisible(PVRRadioRDSInfo) | Window.IsVisible(Addon)]</visible>
				<control type="button" id="600">
					<width>70</width>
					<height>70</height>
					<label>210</label>
					<font></font>
					<texturefocus colordiffuse="$INFO[Skin.String(color.500)]">osd/previous.png</texturefocus>
					<texturenofocus colordiffuse="white">osd/previous.png</texturenofocus>
					<onclick>PlayerControl(Previous)</onclick>
					<visible>!MusicPlayer.Content(LiveTV)</visible>
				</control>
				<control type="button" id="601">
					<width>70</width>
					<height>70</height>
					<label>31354</label>
					<font></font>
					<texturefocus colordiffuse="$INFO[Skin.String(color.500)]">osd/rewind.png</texturefocus>
					<texturenofocus colordiffuse="white">osd/rewind.png</texturenofocus>
					<onclick>PlayerControl(Rewind)</onclick>
				</control>
				<control type="togglebutton" id="602">
					<width>70</width>
					<height>70</height>
					<label>31351</label>
					<altlabel>208</altlabel>
					<font></font>
					<texturefocus colordiffuse="$INFO[Skin.String(color.500)]">osd/pause.png</texturefocus>
					<texturenofocus colordiffuse="white">osd/pause.png</texturenofocus>
					<usealttexture>Player.Paused | Player.Forwarding | Player.Rewinding</usealttexture>
					<alttexturefocus colordiffuse="$INFO[Skin.String(color.500)]">osd/play.png</alttexturefocus>
					<alttexturenofocus colordiffuse="white">osd/play.png</alttexturenofocus>
					<onclick>PlayerControl(Play)</onclick>
				</control>
				<control type="button" id="603">
					<width>70</width>
					<height>70</height>
					<label>31352</label>
					<font></font>
					<texturefocus colordiffuse="$INFO[Skin.String(color.500)]">osd/stop.png</texturefocus>
					<texturenofocus colordiffuse="white">osd/stop.png</texturenofocus>
					<onclick>PlayerControl(Stop)</onclick>
				</control>
				<control type="button" id="604">
					<width>70</width>
					<height>70</height>
					<label>31353</label>
					<font></font>
					<texturefocus colordiffuse="$INFO[Skin.String(color.500)]">osd/forward.png</texturefocus>
					<texturenofocus colordiffuse="white">osd/forward.png</texturenofocus>
					<onclick>PlayerControl(Forward)</onclick>
				</control>
				<control type="button" id="605">
					<width>70</width>
					<height>70</height>
					<label>209</label>
					<font></font>
					<texturefocus colordiffuse="$INFO[Skin.String(color.500)]">osd/next.png</texturefocus>
					<texturenofocus colordiffuse="white">osd/next.png</texturenofocus>
					<onclick>PlayerControl(Next)</onclick>
					<visible>!MusicPlayer.Content(LiveTV)</visible>
				</control>
			</control>
			<control type="grouplist" id="101">
				<left>140r</left>
				<top>0</top>
				<onup>1000</onup>
				<ondown>1000</ondown>
				<onleft>607</onleft>
				<onright>300</onright>
				<align>right</align>
				<orientation>horizontal</orientation>
				<itemgap>0</itemgap>
				<animation effect="fade" time="200">VisibleChange</animation>
				<visible>![Window.IsVisible(AddonSettings) | Window.IsVisible(SelectDialog) | Window.IsVisible(VisualisationPresetList) | Window.IsVisible(PVROSDChannels) | Window.IsVisible(PVRChannelGuide) | Window.IsVisible(PVRRadioRDSInfo) | Window.IsVisible(Addon)]</visible>
				<control type="group" id="698">
					<width>70</width>
					<height>70</height>
					<visible>!MusicPlayer.Content(LiveTV)</visible>
					<control type="button" id="606">
						<width>50</width>
						<height>50</height>
						<label>$LOCALIZE[486]$INFO[Playlist.Repeat, : ]</label>
						<font></font>
						<texturefocus></texturefocus>
						<texturenofocus></texturenofocus>
						<onclick>XBMC.PlayerControl(Repeat)</onclick>
						<onleft>605</onleft>
						<onright>607</onright>
						<onup>1000</onup>
						<ondown>1000</ondown>
					</control>
					<control type="image">
						<width>70</width>
						<height>70</height>
						<texture colordiffuse="white">osd/repeat-off.png</texture>
						<visible>!Playlist.IsRepeat + !Playlist.IsRepeatOne</visible>
						<visible>!Control.HasFocus(606)</visible>
					</control>
					<control type="image">
						<width>70</width>
						<height>70</height>
						<texture colordiffuse="$INFO[Skin.String(color.500)]">osd/repeat-off.png</texture>
						<visible>!Playlist.IsRepeat + !Playlist.IsRepeatOne</visible>
						<visible>Control.HasFocus(606)</visible>
					</control>
					<control type="image">
						<top>2</top>
						<width>70</width>
						<height>70</height>
						<texture colordiffuse="white">osd/repeat-one.png</texture>
						<visible>Playlist.IsRepeatOne</visible>
						<visible>!Control.HasFocus(606)</visible>
					</control>
					<control type="image">
						<top>2</top>
						<width>70</width>
						<height>70</height>
						<texture colordiffuse="$INFO[Skin.String(color.500)]">osd/repeat-one.png</texture>
						<visible>Playlist.IsRepeatOne</visible>
						<visible>Control.HasFocus(606)</visible>
					</control>
					<control type="image">
						<width>70</width>
						<height>70</height>
						<texture colordiffuse="white">osd/repeat-all.png</texture>
						<visible>Playlist.IsRepeat</visible>
						<visible>!Control.HasFocus(606)</visible>
					</control>
					<control type="image">
						<width>70</width>
						<height>70</height>
						<texture colordiffuse="$INFO[Skin.String(color.500)]">osd/repeat-all.png</texture>
						<visible>Playlist.IsRepeat</visible>
						<visible>Control.HasFocus(606)</visible>
					</control>
				</control>
				<control type="group" id="699">
					<width>70</width>
					<height>70</height>
					<visible>!MusicPlayer.Content(LiveTV)</visible>
					<control type="togglebutton" id="607">
						<width>70</width>
						<height>70</height>
						<label>$LOCALIZE[590]$INFO[Playlist.Random, : ]</label>
						<font></font>
						<texturefocus colordiffuse="$INFO[Skin.String(color.500)]">osd/random-off.png</texturefocus>
						<texturenofocus colordiffuse="white">osd/random-off.png</texturenofocus>
						<usealttexture>Playlist.IsRandom</usealttexture>
						<alttexturefocus colordiffuse="$INFO[Skin.String(color.500)]">osd/random-on.png</alttexturefocus>
						<alttexturenofocus colordiffuse="white">osd/random-on.png</alttexturenofocus>
						<onclick>XBMC.PlayerControl(Random)</onclick>
						<visible>!MusicPlayer.Content(LiveTV)</visible>
						<onleft>606</onleft>
						<onright>705</onright>
						<onup>1000</onup>
						<ondown>1000</ondown>
					</control>
				</control>
				
			</control>
		</control>
	</controls>
</window>
