<?xml version="1.0" encoding="UTF-8"?>
<window>
	<defaultcontrol always="true">50</defaultcontrol>
	<onload condition="Skin.HasSetting(StopVideoOnBack) + !Player.HasAudio">PlayerControl(Stop)</onload>
	<menucontrol>9000</menucontrol>
	<views>50</views>
	<controls>
		<include>CommonBackground</include>
		
					<control type="group">
		<visible>!Skin.HasSetting(Weatherinfo) + !String.IsEmpty(Weather.Plugin)</visible>
			<control type="image">
				<left>60</left>
				<top>60</top>
				<width>360</width>
				<height>60</height>
				<texture colordiffuse="black">backgrounds/bg_fade.png</texture>
			</control>
			<control type="image">
				<left>70</left>
				<top>60</top>
				<width>60</width>
				<height>60</height>
				<aspectratio>keep</aspectratio>
				<texture>$INFO[Weather.ConditionsIcon]</texture>
			</control>
			<control type="label">
				<left>140</left>
				<top>60</top>
				<width>100</width>
				<height>60</height>
				<align>left</align>
				<aligny>center</aligny>
				<font>menu.title</font>
				<textcolor>$INFO[Skin.String(color.500)]</textcolor>
				<label>[B]$INFO[Window(Weather).Property(Current.Temperature)][/B] $INFO[System.TemperatureUnits]</label>
			</control>
			<control type="label">
				<left>240</left>
				<top>60</top>
				<width>170</width>
				<height>60</height>
				<align>left</align>
				<aligny>center</aligny>
				<font>breadcrumb.secondary</font>
				<textcolor>white</textcolor>
				<label>$INFO[Window(Weather).Property(Current.Condition),]</label>
				<scroll>true</scroll>
			</control>
		</control>
		
		<control type="group">
		<visible>!Skin.HasSetting(Clock)</visible>
			<control type="image">
				<right>60</right>
				<top>60</top>
				<width>360</width>
				<height>60</height>
				<texture colordiffuse="black">backgrounds/bg_fade.png</texture>
			</control>
			<control type="label">
				<right>145</right>
				<top>60</top>
				<width>200</width>
				<height>60</height>
				<align>right</align>
				<aligny>center</aligny>
				<font>menu.title</font>
				<textcolor>$INFO[Skin.String(color.500)]</textcolor>
				<label>$INFO[System.Time(hh:mm)]</label>
			</control>
			<control type="label">
				<right>65</right>
				<top>60</top>
				<width>80</width>
				<height>60</height>
				<align>left</align>
				<aligny>center</aligny>
				<font>menu.title</font>
				<textcolor>$INFO[Skin.String(color.500)]</textcolor>
				<label>:$INFO[System.Time(ss)]</label>
			</control>
			<control type="label">
				<right>280</right>
				<top>60</top>
				<width>300</width>
				<height>60</height>
				<align>right</align>
				<aligny>center</aligny>
				<font>breadcrumb.secondary</font>
				<textcolor>white</textcolor>
				<label>$INFO[System.Date(dd:mm:yyyy]</label>
			</control>
		</control>
			
		<control type="group">
			<visible>!Skin.HasSetting(Playerinfo)</visible>
			<control type="group">
				<visible>VideoPlayer.Content(Movies)</visible>
				<control type="image">
					<left>510</left>
					<top>116r</top>
					<width>900</width>
					<height>60</height>
					<texture colordiffuse="black">backgrounds/bg_fade.png</texture>
				</control>
				<control type="image">
					<left>520</left>
					<top>116r</top>
					<width>60</width>
					<height>60</height>
					<texture>osd/play.png</texture>
				</control>
				<control type="label">
					<left>575</left>
					<width>600</width>
					<top>110r</top>
					<height>20</height>
					<align>left</align>
					<aligny>center</aligny>
					<font>breadcrumb.secondary</font>
					<textcolor>$INFO[Skin.String(color.500)]</textcolor>
					<shadowcolor>black</shadowcolor>
					<label>$INFO[Player.Title]</label>
					<scroll>true</scroll>
				</control>
				<control type="label">
					<left>575</left>
					<width>830</width>
					<top>86r</top>
					<height>20</height>
					<align>left</align>
					<aligny>center</aligny>
					<font>breadcrumb.secondary</font>
					<textcolor>white</textcolor>
					<label>$INFO[VideoPlayer.Studio]</label>
					<scroll>true</scroll>
				</control>
				<control type="label">
					<left>1100</left>
					<width>300</width>
					<top>106r</top>
					<height>45</height>
					<align>right</align>
					<aligny>center</aligny>
					<font>breadcrumb.secondary</font>
					<textcolor>white</textcolor>
					<label>$INFO[Player.Time] / $INFO[Player.Duration,]</label>
				</control>
			</control>
			<control type="group">
				<visible>VideoPlayer.Content(Episodes)</visible>
				<control type="image">
					<left>510</left>
					<top>116r</top>
					<width>900</width>
					<height>60</height>
					<texture colordiffuse="black">backgrounds/bg_fade.png</texture>
				</control>
				<control type="image">
					<left>520</left>
					<top>116r</top>
					<width>60</width>
					<height>60</height>
					<texture>osd/play.png</texture>
				</control>
				<control type="label">
					<left>575</left>
					<width>600</width>
					<top>110r</top>
					<height>20</height>
					<align>left</align>
					<aligny>center</aligny>
					<font>breadcrumb.secondary</font>
					<textcolor>$INFO[Skin.String(color.500)]</textcolor>
					<shadowcolor>black</shadowcolor>
					<label>$INFO[Player.Title]</label>
					<scroll>true</scroll>
				</control>
				<control type="label">
					<left>575</left>
					<width>830</width>
					<top>86r</top>
					<height>20</height>
					<align>left</align>
					<aligny>center</aligny>
					<font>breadcrumb.secondary</font>
					<textcolor>white</textcolor>
					<label>$INFO[VideoPlayer.TVShowTitle] ($INFO[VideoPlayer.Season,$LOCALIZE[20373] , - ]$INFO[VideoPlayer.episode,$LOCALIZE[20359] ,])</label>
					<scroll>true</scroll>
				</control>
				<control type="label">
					<left>1100</left>
					<width>300</width>
					<top>106r</top>
					<height>45</height>
					<align>right</align>
					<aligny>center</aligny>
					<font>breadcrumb.secondary</font>
					<textcolor>white</textcolor>
					<label>$INFO[Player.Time] / $INFO[Player.Duration,]</label>
				</control>
			</control>
			<control type="group">
				<visible>Player.HasVideo</visible>
				<visible>!VideoPlayer.Content(Movies) + !VideoPlayer.Content(Episodes) + !VideoPlayer.Content(LiveTV)</visible>
				<control type="image">
					<left>510</left>
					<top>116r</top>
					<width>900</width>
					<height>60</height>
					<texture colordiffuse="black">backgrounds/bg_fade.png</texture>
				</control>
				<control type="image">
					<left>520</left>
					<top>116r</top>
					<width>60</width>
					<height>60</height>
					<texture>osd/play.png</texture>
				</control>
				<control type="label">
				<left>575</left>
					<width>600</width>
					<top>106r</top>
					<height>45</height>
					<align>left</align>
					<aligny>center</aligny>
					<font>breadcrumb</font>
					<textcolor>$INFO[Skin.String(color.500)]</textcolor>
					<shadowcolor>black</shadowcolor>
					<label>$INFO[Player.Title]</label>
				</control>
				<control type="label">
				<left>1100</left>
					<width>300</width>
					<top>106r</top>
					<height>45</height>
					<align>right</align>
					<aligny>center</aligny>
					<font>breadcrumb.secondary</font>
					<textcolor>white</textcolor>
					<label>$INFO[Player.Time] / $INFO[Player.Duration,]</label>
				</control>
			</control>
			<control type="group">
				<visible>VideoPlayer.Content(LiveTV)</visible>
				<control type="image">
					<left>510</left>
					<top>116r</top>
					<width>900</width>
					<height>60</height>
					<texture colordiffuse="black">backgrounds/bg_fade.png</texture>
				</control>
				<control type="image">
					<left>520</left>
					<top>116r</top>
					<width>60</width>
					<height>60</height>
					<texture>osd/play.png</texture>
				</control>
				<control type="label">
					<left>575</left>
					<width>600</width>
					<top>110r</top>
					<height>20</height>
					<align>left</align>
					<aligny>center</aligny>
					<font>breadcrumb.secondary</font>
					<textcolor>$INFO[Skin.String(color.500)]</textcolor>
					<shadowcolor>black</shadowcolor>
					<label>$INFO[Player.Title]</label>
				</control>
				<control type="label">
					<left>575</left>
					<width>830</width>
					<top>86r</top>
					<height>20</height>
					<align>left</align>
					<aligny>center</aligny>
					<font>breadcrumb.secondary</font>
					<textcolor>white</textcolor>
					<label>$INFO[VideoPlayer.ChannelName]</label>
					<scroll>true</scroll>
				</control>
				<control type="label">
					<left>1100</left>
					<width>300</width>
					<top>106r</top>
					<height>45</height>
					<align>right</align>
					<aligny>center</aligny>
					<font>breadcrumb.secondary</font>
					<textcolor>white</textcolor>
					<label>$INFO[Player.Time] / $INFO[Player.Duration,]</label>
				</control>
			</control>
			<control type="group">
				<visible>VideoPlayer.Content(Radio)</visible>
				<control type="image">
					<left>510</left>
					<top>116r</top>
					<width>900</width>
					<height>60</height>
					<texture colordiffuse="black">backgrounds/bg_fade.png</texture>
				</control>
				<control type="image">
					<left>520</left>
					<top>116r</top>
					<width>60</width>
					<height>60</height>
					<texture>osd/play.png</texture>
				</control>
				<control type="label">
					<left>575</left>
					<width>600</width>
					<top>110r</top>
					<height>20</height>
					<align>left</align>
					<aligny>center</aligny>
					<font>breadcrumb.secondary</font>
					<textcolor>$INFO[Skin.String(color.500)]</textcolor>
					<shadowcolor>black</shadowcolor>
					<label>$INFO[Player.Title]</label>
				</control>
				<control type="label">
					<left>575</left>
					<width>830</width>
					<top>86r</top>
					<height>20</height>
					<align>left</align>
					<aligny>center</aligny>
					<font>breadcrumb.secondary</font>
					<textcolor>white</textcolor>
					<label>$INFO[VideoPlayer.ChannelName]</label>
					<scroll>true</scroll>
				</control>
				<control type="label">
					<left>1100</left>
					<width>300</width>
					<top>106r</top>
					<height>45</height>
					<align>right</align>
					<aligny>center</aligny>
					<font>breadcrumb.secondary</font>
					<textcolor>white</textcolor>
					<label>$INFO[Player.Time] / $INFO[Player.Duration,]</label>
				</control>
			</control>
			<control type="group">
				<visible>Player.HasAudio + !VideoPlayer.Content(Radio)</visible>
				<control type="image">
					<left>510</left>
					<top>116r</top>
					<width>900</width>
					<height>60</height>
					<texture colordiffuse="black">backgrounds/bg_fade.png</texture>
				</control>
				<control type="image">
					<left>520</left>
					<top>116r</top>
					<width>60</width>
					<height>60</height>
					<texture>osd/play.png</texture>
				</control>
				<control type="label">
					<left>575</left>
					<width>600</width>
					<top>110r</top>
					<height>20</height>
					<align>left</align>
					<aligny>center</aligny>
					<font>breadcrumb.secondary</font>
					<textcolor>$INFO[Skin.String(color.500)]</textcolor>
					<shadowcolor>black</shadowcolor>
					<label>$INFO[Player.Title] </label>
				</control>
				<control type="label">
					<left>575</left>
					<width>830</width>
					<top>86r</top>
					<height>20</height>
					<align>left</align>
					<aligny>center</aligny>
					<font>breadcrumb.secondary</font>
					<textcolor>white</textcolor>
					<label>$INFO[MusicPlayer.Artist] - $INFO[MusicPlayer.Album]$INFO[musicplayer.discnumber, - $LOCALIZE[427]: ]</label>
				</control>
				<control type="label">
					<left>1100</left>
					<width>300</width>
					<top>106r</top>
					<height>45</height>
					<align>right</align>
					<aligny>center</aligny>
					<font>breadcrumb.secondary</font>
					<textcolor>white</textcolor>
					<shadowcolor>button.nf</shadowcolor>
					<label>$INFO[Player.Time] / $INFO[Player.Duration,]</label>
				</control>
			</control>
		</control>
		
		<control type="group">
			<visible>Skin.HasSetting(Touchmode)</visible>
			<control type="image">
				<left>60</left>
				<top>115r</top>
				<width>60</width>
				<height>60</height>
				<texture colordiffuse="black">backgrounds/bg_fade.png</texture>
			</control>
			<control type="button">
				<description>Back push button</description>
				<left>55</left>
				<top>120r</top>
				<width>70</width>
				<height>70</height>
				<label></label>
				<font/>
				<onclick>back</onclick>
				<texturefocus colordiffuse="$INFO[Skin.String(color.500)]">icons/back.png</texturefocus>
				<texturenofocus colordiffuse="white">icons/back.png</texturenofocus>
				<onleft></onleft>
				<onright></onright>
				<onup></onup>
				<ondown></ondown>
			</control>
			<control type="image">
				<right>60</right>
				<top>115r</top>
				<width>60</width>
				<height>60</height>
				<texture colordiffuse="black">backgrounds/bg_fade.png</texture>
			</control>
			<control type="button">
				<description>Home push button</description>
				<right>55</right>
				<top>120r</top>
				<width>70</width>
				<height>70</height>
				<label></label>
				<font/>
				<onclick>ActivateWindow(home)</onclick>
				<texturefocus colordiffuse="$INFO[Skin.String(color.500)]">icons/home.png</texturefocus>
				<texturenofocus colordiffuse="white">icons/home.png</texturenofocus>
				<onleft></onleft>
				<onright></onright>
				<onup></onup>
				<ondown></ondown>
			</control>
		</control>
		
		<control type="group">
			<include condition="String.IsEqual(Skin.AspectRatio,4:3)">TallFatListContainer</include>
			<include condition="!String.IsEqual(Skin.AspectRatio,4:3)">ShortListContainer</include>
			<left>60</left>
			<width>1800</width>
			<include>Window_OpenClose_Animation</include>
			<description>TV Channels group</description>
			<visible>Control.IsVisible(50)</visible>
			<include>VisibleFadeEffect</include>
			<!--tv info-->
			<control type="group">
				<left>825</left>
				<centertop>50%</centertop>
				<height>700</height>
				<!--background-->
				<control type="image">
					<left>0</left>
					<top>0</top>
					<width>980</width>
					<height>690</height>
					<texture colordiffuse="black">backgrounds/bg_fade.png</texture>
				</control>
				<control type="image">
					<left>0</left>
					<top>0</top>
					<width>980</width>
					<height>402</height>
					<texture>black-back.png</texture>
					<visible>Player.HasVideo</visible>
				</control>
				<control type="image">
					<left>0</left>
					<top>0</top>
					<width>984</width>
					<height>402</height>
					<texture fallback="special://skin/extras/backgrounds/tv.jpg">$INFO[Skin.String(Home_Custom_Back_TV_Folder)]</texture>
					<include>VisibleFadeEffect</include>
					<visible>!Player.HasVideo</visible>
				</control>
				<control type="videowindow">
					<left>0</left>
					<top>0</top>
					<width>715</width>
					<height>402</height>
					<visible>Player.HasVideo</visible>
					<animation effect="slide" start="0,0" end="-3000,0" time="0">WindowClose</animation>
				</control>
				<control type="image">
					<left>0</left>
					<top>0</top>
					<width>715</width>
					<height>45</height>
					<texture>black-back.png</texture>
					<colordiffuse>DDFFFFFF</colordiffuse>
					<visible>Player.HasVideo</visible>
				</control>
				<control type="label">
					<left>10</left>
					<top>0</top>
					<width>695</width>
					<height>45</height>
					<font>button</font>
					<textcolor>white</textcolor>
					<align>center</align>
					<aligny>center</aligny>
					<label>$INFO[Player.Title]</label>
					<visible>Player.HasVideo</visible>
				</control>
				<!--thumb-->
				<control type="image">
					<left>715</left>
					<top>0</top>
					<width>269</width>
					<height>402</height>
					<aspectratio align="left" aligny="center">keep</aspectratio>
					<texture background="true">$INFO[MusicPlayer.Cover]</texture>
				</control>
				<!--thumb-->
				<control type="image">
					<left>715</left>
					<top>0</top>
					<width>269</width>
					<height>402</height>
					<aspectratio align="left" aligny="center">keep</aspectratio>
					<texture background="true">$INFO[VideoPlayer.Cover]</texture>
				</control>
				<!--secondary label-->
				<control type="label">
					<left>10</left>
					<top>402</top>
					<width>960</width>
					<height>55</height>
					<font>label</font>
					<textcolor>$INFO[Skin.String(color.500)]</textcolor>
					<selectedcolor>$INFO[Skin.String(color.500)]</selectedcolor>
					<align>center</align>
					<aligny>center</aligny>
					<label>$INFO[Container(50).ListItem.Title]$INFO[ListItem.Duration, • ]$INFO[ListItem.Genre, • ,]</label>
					<visible>!Container.Content(Seasons)</visible>
				</control>
				<!--plot (movies)-->
				<control type="textbox">
					<left>10</left>
					<top>455</top>
					<width>960</width>
					<height>178</height>
					<font>label</font>
					<align>justify</align>
					<textcolor>white</textcolor>
					<label>$INFO[ListItem.Plot]</label>
					<autoscroll time="3000" delay="10000" repeat="10000">Skin.HasSetting(AutoScroll)</autoscroll>
				</control>
				<control type="label">
					<left>10</left>
					<top>630</top>
					<width>102</width>
					<height>30</height>
					<align>left</align>
					<aligny>center</aligny>
					<font>font10_title</font>
					<textcolor>$INFO[Skin.String(color.500)]</textcolor>
					<visible>Container(50).ListItem.HasEpg</visible>
					<label>$INFO[Container(50).ListItem.StartTime]</label>
				</control>
				<control type="progress">
					<description>Progressbar</description>
					<left>60</left>
					<top>642</top>
					<width>850</width>
					<height>12</height>
					<visible>Container(50).ListItem.HasEpg</visible>
					<info>Container(50).ListItem.Progress</info>
				</control>
				<control type="label">
					<right>10</right>
					<top>630</top>
					<width>120</width>
					<height>30</height>
					<align>right</align>
					<aligny>center</aligny>
					<font>font10_title</font>
					<textcolor>$INFO[Skin.String(color.500)]</textcolor>
					<visible>Container(50).ListItem.HasEpg</visible>
					<label>$INFO[Container(50).ListItem.EndTime]</label>
				</control>
				<control type="label">
					<left>10</left>
					<top>655</top>
					<width>960</width>
					<height>30</height>
					<font>kai.secondary</font>
					<align>center</align>
					<aligny>center</aligny>
					<scroll>false</scroll>
					<visible>!String.IsEmpty(Container(50).ListItem.NextTitle)</visible>
					<label>$LOCALIZE[19031]: $INFO[Container(50).ListItem.NextTitle]</label>
				</control>
				
			</control>
			<!--content list-->
			<control type="list" id="50">
				<width>800</width>
				<include condition="String.IsEqual(Skin.AspectRatio,4:3)">TallFatListSlide</include>
				<include condition="!String.IsEqual(Skin.AspectRatio,4:3)">ShortFatListSlide</include>
				<onleft>100</onleft>
				<onright>70</onright>
				<onup>50</onup>
				<ondown>50</ondown>
				<viewtype label="535">list</viewtype>
				<pagecontrol>70</pagecontrol>
				<scrolltime>200</scrolltime>
				<itemlayout height="100" width="800">
					<!--unfocused bg-->
					<control type="image">
						<left>4</left>
						<top>0</top>
						<width>800</width>
						<height>92</height>
						<texture colordiffuse="black">backgrounds/bg_fade.png</texture>
					</control>
					<control type="group">
						<left>4</left>
						<top>4</top>
						<!--channel number-->
						<control type="label">
							<left>15</left>
							<top>-4</top>
							<width>60</width>
							<height>45</height>
							<font>channel</font>
							<textcolor>white</textcolor>
							<selectedcolor>$INFO[Skin.String(color.500)]</selectedcolor>
							<align>left</align>
							<info>ListItem.ChannelNumberLabel</info>
						</control>
						<!--channel name-->
						<control type="label">
							<left>75</left>
							<top>0</top>
							<width>600</width>
							<height>30</height>
							<font>label</font>
							<textcolor>white</textcolor>
							<selectedcolor>$INFO[Skin.String(color.500)]</selectedcolor>
							<align>left</align>
							<aligny>center</aligny>
							<label>$INFO[ListItem.Label]</label>
						</control>
						<!--show title (no icon)-->
						<control type="label">
							<left>75</left>
							<top>30</top>
							<width>600</width>
							<height>30</height>
							<font>secondary.info</font>
							<textcolor>white</textcolor>
							<selectedcolor>$INFO[Skin.String(color.500)]</selectedcolor>
							<align>left</align>
							<aligny>center</aligny>
							<label>$INFO[ListItem.Title]</label>
							<visible>String.IsEmpty(Listitem.Icon)</visible>
							<scroll>false</scroll>
						</control>
						<!--show title (icon)-->
						<control type="label">
							<left>75</left>
							<top>30</top>
							<width>600</width>
							<height>30</height>
							<font>secondary.info</font>
							<textcolor>white</textcolor>
							<selectedcolor>$INFO[Skin.String(color.500)]</selectedcolor>
							<align>left</align>
							<aligny>center</aligny>
							<label>$INFO[ListItem.Title]</label>
							<visible>!String.IsEmpty(Listitem.Icon)</visible>
							<scroll>false</scroll>
						</control>
						<!--progress-->
						<control type="progress">
							<description>Progressbar</description>
							<left>75</left>
							<top>70</top>
							<width>600</width>
							<height>7</height>
							<midtexture colordiffuse="$INFO[Skin.String(color.500)]">backgrounds/white.png</midtexture>
							<info>ListItem.Progress</info>
							<visible>ListItem.HasEpg</visible>
						</control>
						<!--channel icon-->
						<control type="image">
							<left>690</left>
							<top>-5</top>
							<width>100</width>
							<height>100</height>
							<align>right</align>
							<aligny>center</aligny>
							<aspectratio>keep</aspectratio>
							<texture>$INFO[ListItem.Icon]</texture>
						</control>
					</control>
				</itemlayout>
				<focusedlayout height="100" width="800">
					<!--focused bg-->
					<control type="image">
						<left>4</left>
						<top>0</top>
						<width>800</width>
						<height>92</height>
						<texture colordiffuse="$INFO[Skin.String(color.500)]">backgrounds/white.png</texture>
						<animation effect="fade" start="100" end="75" time="200" condition="!Control.HasFocus(50)">Conditional</animation>
					</control>
					<control type="group">
						<left>4</left>
						<top>4</top>
						<!--channel number-->
						<control type="label">
							<left>15</left>
							<top>-4</top>
							<width>60</width>
							<height>45</height>
							<font>channel</font>
							<textcolor>white</textcolor>
							<selectedcolor>$INFO[Skin.String(color.500)]</selectedcolor>
							<shadowcolor>black</shadowcolor>
							<align>left</align>
							<info>ListItem.ChannelNumberLabel</info>
						</control>
						<!--channel name-->
						<control type="label">
							<left>75</left>
							<top>0</top>
							<width>600</width>
							<height>30</height>
							<font>label</font>
							<textcolor>white</textcolor>
							<selectedcolor>$INFO[Skin.String(color.500)]</selectedcolor>
							<shadowcolor>black</shadowcolor>
							<align>left</align>
							<aligny>center</aligny>
							<label>$INFO[ListItem.Label]</label>
						</control>
						<!--show title (no icon)-->
						<control type="label">
							<left>75</left>
							<top>30</top>
							<width>600</width>
							<height>30</height>
							<font>secondary.info</font>
							<textcolor>white</textcolor>
							<selectedcolor>$INFO[Skin.String(color.500)]</selectedcolor>
							<shadowcolor>black</shadowcolor>
							<align>left</align>
							<aligny>center</aligny>
							<label>$INFO[ListItem.Title]</label>
							<visible>String.IsEmpty(Listitem.Icon)</visible>
						</control>
						<!--show title (icon)-->
						<control type="label">
							<left>75</left>
							<top>30</top>
							<width>600</width>
							<height>30</height>
							<font>secondary.info</font>
							<textcolor>white</textcolor>
							<selectedcolor>$INFO[Skin.String(color.500)]</selectedcolor>
							<shadowcolor>black</shadowcolor>
							<align>left</align>
							<aligny>center</aligny>
							<label>$INFO[ListItem.Title]</label>
							<visible>!String.IsEmpty(Listitem.Icon)</visible>
						</control>
						<!--progress-->
						<control type="progress">
							<description>Progressbar</description>
							<left>75</left>
							<top>70</top>
							<width>600</width>
							<height>7</height>
							<midtexture>backgrounds/white.png</midtexture>
							<info>ListItem.Progress</info>
							<visible>ListItem.HasEpg</visible>
						</control>
						<!--channel icon-->
						<control type="image">
							<left>690</left>
							<top>-5</top>
							<width>100</width>
							<height>100</height>
							<align>right</align>
							<aligny>center</aligny>
							<aspectratio>keep</aspectratio>
							<texture>$INFO[ListItem.Icon]</texture>
						</control>
					</control>
				</focusedlayout>
			</control>
			<!--scrollbar-->
			<control type="scrollbar" id="70">
				<left>810</left>
				<bottom>10</bottom>
				<onleft>50</onleft>
				<onright>100</onright>
				<orientation>vertical</orientation>
			</control>
		</control>
		<control type="image">
			<left>0</left>
			<top>0</top>
			<width>100%</width>
			<height>100%</height>
			<texture>black-back.png</texture>
			<animation effect="fade" time="400">Visible</animation>
			<animation effect="fade" time="200">Hidden</animation>
			<visible>Window.IsActive(FileBrowser) | Window.IsActive(PVRGuideInfo) | Window.IsActive(PVRRecordingInfo) | Window.IsActive(PVRTimerSetting) | Window.IsActive(PVRGroupManager) | Window.IsActive(PVRGuideSearch)</visible>
		</control>
		<include>PVRSideBlade</include>
		<include>PVRChannelNumberInput</include>
	</controls>
</window>
