<?xml version='1.0' encoding='UTF-8'?>
<includes>
	<include name="skinshortcuts-mainmenu">
		<item id="1">
			<property name="id">$NUMBER[1]</property>
			<label>$LOCALIZE[20343]</label>
			<label2>Allgemeiner Menü Eintrag</label2>
			<icon>DefaultTVShows.png</icon>
			<thumb />
			<property name="labelID">tvshows</property>
			<property name="defaultID">tvshows</property>
			<property name="widgetLayout">Square</property>
			<visible>[Library.HasContent(TVShows)] + [Library.HasContent(TVShows)]</visible>
			<onclick>ActivateWindow(Videos,videodb://tvshows/titles/,return)</onclick>
			<property name="path">ActivateWindow(Videos,videodb://tvshows/titles/,return)</property>
			<property name="list">videodb://tvshows/titles/</property>
			<visible>String.IsEqual(System.ProfileName,Master user)</visible>
			<property name="submenuVisibility">tvshows</property>
			<property name="group">mainmenu</property>
			<property name="hasSubmenu">True</property>
		</item>
		<item id="2">
			<property name="id">$NUMBER[2]</property>
			<label>LiveTv+</label>
			<label2>Benutzerdefinierte Einträge</label2>
			<icon>DefaultShortcut.png</icon>
			<thumb />
			<property name="labelID">livetv</property>
			<property name="defaultID" />
			<property name="widgetLayout">Square</property>
			<onclick>noop</onclick>
			<property name="path">noop</property>
			<property name="list">noop</property>
			<visible>String.IsEqual(System.ProfileName,Master user)</visible>
			<property name="submenuVisibility">livetv</property>
			<property name="group">mainmenu</property>
			<property name="hasSubmenu">True</property>
		</item>
		<item id="3">
			<property name="id">$NUMBER[3]</property>
			<label>VTV/Sam.F.</label>
			<label2>Benutzerdefinierte Einträge</label2>
			<icon>DefaultShortcut.png</icon>
			<thumb />
			<property name="labelID">vtv-sam-f</property>
			<property name="defaultID" />
			<property name="widgetLayout">Square</property>
			<onclick>noop</onclick>
			<property name="path">noop</property>
			<property name="list">noop</property>
			<visible>String.IsEqual(System.ProfileName,Master user)</visible>
			<property name="submenuVisibility">vtv-sam-f</property>
			<property name="group">mainmenu</property>
			<property name="hasSubmenu">True</property>
		</item>
		<item id="4">
			<property name="id">$NUMBER[4]</property>
			<label>Streams</label>
			<label2>Benutzerdefinierte Einträge</label2>
			<icon>DefaultShortcut.png</icon>
			<thumb />
			<property name="labelID">streams</property>
			<property name="defaultID" />
			<property name="widget">Addon</property>
			<property name="widgetName">xStream</property>
			<property name="widgetType">videos</property>
			<property name="widgetTarget">videos</property>
			<property name="widgetPath">plugin://plugin.video.xstream?reload=$INFO[Window(Home).Property(widgetreload)]$INFO[Window(Home).Property(widgetreload2)]</property>
			<property name="widgetLayout">Square</property>
			<onclick>noop</onclick>
			<property name="path">noop</property>
			<property name="list">noop</property>
			<visible>String.IsEqual(System.ProfileName,Master user)</visible>
			<property name="submenuVisibility">streams</property>
			<property name="group">mainmenu</property>
			<property name="hasSubmenu">True</property>
		</item>
		<item id="5">
			<property name="id">$NUMBER[5]</property>
			<label>Audio</label>
			<label2>Benutzerdefinierte Einträge</label2>
			<icon>DefaultShortcut.png</icon>
			<thumb />
			<property name="labelID">audio</property>
			<property name="defaultID" />
			<property name="widgetLayout">Square</property>
			<onclick>noop</onclick>
			<property name="path">noop</property>
			<property name="list">noop</property>
			<visible>String.IsEqual(System.ProfileName,Master user)</visible>
			<property name="submenuVisibility">audio</property>
			<property name="group">mainmenu</property>
			<property name="hasSubmenu">True</property>
		</item>
		<item id="6">
			<property name="id">$NUMBER[6]</property>
			<label>Tools</label>
			<label2>Benutzerdefinierte Einträge</label2>
			<icon>DefaultShortcut.png</icon>
			<thumb />
			<property name="labelID">tools</property>
			<property name="defaultID" />
			<property name="widgetLayout">Square</property>
			<onclick>noop</onclick>
			<property name="path">noop</property>
			<property name="list">noop</property>
			<visible>String.IsEqual(System.ProfileName,Master user)</visible>
			<property name="submenuVisibility">tools</property>
			<property name="group">mainmenu</property>
			<property name="hasSubmenu">True</property>
		</item>
	</include>
	<include />
	<include name="skinshortcuts-submenu">
		<item id="1">
			<property name="id">$NUMBER[1]</property>
			<property name="mainmenuid">1</property>
			<label>$LOCALIZE[31328]</label>
			<label2>$ADDON[script.skinshortcuts 32014]</label2>
			<icon>DefaultRecentlyAddedEpisodes.png</icon>
			<thumb />
			<property name="labelID">31328</property>
			<property name="defaultID">31328</property>
			<onclick>ActivateWindow(Videos,videodb://recentlyaddedepisodes/,return)</onclick>
			<property name="path">ActivateWindow(Videos,videodb://recentlyaddedepisodes/,return)</property>
			<property name="list">videodb://recentlyaddedepisodes/</property>
			<visible>[String.IsEqual(System.ProfileName,Master user)] + String.IsEqual(Container(9000).ListItem.Property(submenuVisibility),tvshows)</visible>
			<property name="group">tvshows</property>
			<property name="isSubmenu">True</property>
		</item>
		<item id="2">
			<property name="id">$NUMBER[2]</property>
			<property name="mainmenuid">1</property>
			<label>$LOCALIZE[369]</label>
			<label2>$LOCALIZE[20343]</label2>
			<icon>DefaultTVShowTitle.png</icon>
			<thumb />
			<property name="labelID">369</property>
			<property name="defaultID">369</property>
			<visible>[Library.HasContent(TVShows)] + String.IsEqual(Container(9000).ListItem.Property(submenuVisibility),tvshows)</visible>
			<onclick>ActivateWindow(Videos,videodb://tvshows/titles/,return)</onclick>
			<property name="path">ActivateWindow(Videos,videodb://tvshows/titles/,return)</property>
			<property name="list">videodb://tvshows/titles/</property>
			<visible>String.IsEqual(System.ProfileName,Master user)</visible>
			<property name="group">tvshows</property>
			<property name="isSubmenu">True</property>
		</item>
		<item id="3">
			<property name="id">$NUMBER[3]</property>
			<property name="mainmenuid">1</property>
			<label>$LOCALIZE[135]</label>
			<label2>$LOCALIZE[20343]</label2>
			<icon>DefaultGenre.png</icon>
			<thumb />
			<property name="labelID">135</property>
			<property name="defaultID">135</property>
			<visible>[Library.HasContent(TVShows)] + String.IsEqual(Container(9000).ListItem.Property(submenuVisibility),tvshows)</visible>
			<onclick>ActivateWindow(Videos,videodb://tvshows/genres/,return)</onclick>
			<property name="path">ActivateWindow(Videos,videodb://tvshows/genres/,return)</property>
			<property name="list">videodb://tvshows/genres/</property>
			<visible>String.IsEqual(System.ProfileName,Master user)</visible>
			<property name="group">tvshows</property>
			<property name="isSubmenu">True</property>
		</item>
		<item id="4">
			<property name="id">$NUMBER[4]</property>
			<property name="mainmenuid">1</property>
			<label>$LOCALIZE[652]</label>
			<label2>$LOCALIZE[20343]</label2>
			<icon>DefaultYear.png</icon>
			<thumb />
			<property name="labelID">652</property>
			<property name="defaultID">652</property>
			<visible>[Library.HasContent(TVShows)] + String.IsEqual(Container(9000).ListItem.Property(submenuVisibility),tvshows)</visible>
			<onclick>ActivateWindow(Videos,videodb://tvshows/years/,return)</onclick>
			<property name="path">ActivateWindow(Videos,videodb://tvshows/years/,return)</property>
			<property name="list">videodb://tvshows/years/</property>
			<visible>String.IsEqual(System.ProfileName,Master user)</visible>
			<property name="group">tvshows</property>
			<property name="isSubmenu">True</property>
		</item>
		<item id="5">
			<property name="id">$NUMBER[5]</property>
			<property name="mainmenuid">1</property>
			<label>$LOCALIZE[344]</label>
			<label2>$LOCALIZE[20343]</label2>
			<icon>DefaultActor.png</icon>
			<thumb />
			<property name="labelID">344</property>
			<property name="defaultID">344</property>
			<visible>[Library.HasContent(TVShows)] + String.IsEqual(Container(9000).ListItem.Property(submenuVisibility),tvshows)</visible>
			<onclick>ActivateWindow(Videos,videodb://tvshows/actors/,return)</onclick>
			<property name="path">ActivateWindow(Videos,videodb://tvshows/actors/,return)</property>
			<property name="list">videodb://tvshows/actors/</property>
			<visible>String.IsEqual(System.ProfileName,Master user)</visible>
			<property name="group">tvshows</property>
			<property name="isSubmenu">True</property>
		</item>
		<item id="1">
			<property name="id">$NUMBER[1]</property>
			<property name="mainmenuid">2</property>
			<label>TV+</label>
			<label2>Programm</label2>
			<icon>DefaultAddon.png</icon>
			<thumb>image://special://home/addons%5cscript.tvguide.fullscreen%5cicon.png/</thumb>
			<property name="labelID">script.tvguide.fullscreen</property>
			<property name="defaultID">script.tvguide.fullscreen</property>
			<onclick>RunAddOn(script.tvguide.fullscreen)</onclick>
			<property name="path">RunAddOn(script.tvguide.fullscreen)</property>
			<property name="list">RunAddOn(script.tvguide.fullscreen)</property>
			<visible>[String.IsEqual(System.ProfileName,Master user)] + String.IsEqual(Container(9000).ListItem.Property(submenuVisibility),livetv)</visible>
			<property name="group">livetv</property>
			<property name="isSubmenu">True</property>
		</item>
		<item id="2">
			<property name="id">$NUMBER[2]</property>
			<property name="mainmenuid">2</property>
			<label>Fix TV+</label>
			<label2>Programm</label2>
			<icon>DefaultAddon.png</icon>
			<thumb>image://special://home/addons%5cscript.fix.tvguide%5cicon.png/</thumb>
			<property name="labelID">script.fix.tvguide</property>
			<property name="defaultID">script.fix.tvguide</property>
			<onclick>RunAddOn(script.fix.tvguide)</onclick>
			<property name="path">RunAddOn(script.fix.tvguide)</property>
			<property name="list">RunAddOn(script.fix.tvguide)</property>
			<visible>[String.IsEqual(System.ProfileName,Master user)] + String.IsEqual(Container(9000).ListItem.Property(submenuVisibility),livetv)</visible>
			<property name="group">livetv</property>
			<property name="isSubmenu">True</property>
		</item>
		<item id="1">
			<property name="id">$NUMBER[1]</property>
			<property name="mainmenuid">3</property>
			<label>VTV1 AT</label>
			<label2>Video Add-On</label2>
			<icon>DefaultShortcut.png</icon>
			<thumb>image://special://home/addons%5cplugin.video.VTV%5cicon.png/</thumb>
			<property name="labelID">vtv1at</property>
			<property name="defaultID" />
			<onclick>ActivateWindow(Videos,"plugin://plugin.video.VTV/?genre_name=Live%3A+Austria&amp;portal=%7B%22url%22%3A+%22http%3A%2F%2Ftv.mtbox.hitv.one%22%2C+%22mac%22%3A+%2200%3A1a%3A79%3Ab4%3A96%3Ab7%22%2C+%22name%22%3A+%22SERVER1%22%2C+%22serial%22%3A+%7B%22custom%22%3A+false%7D%7D&amp;mode=channels&amp;genre_id=4",return)</onclick>
			<property name="path">ActivateWindow(Videos,"plugin://plugin.video.VTV/?genre_name=Live%3A+Austria&amp;portal=%7B%22url%22%3A+%22http%3A%2F%2Ftv.mtbox.hitv.one%22%2C+%22mac%22%3A+%2200%3A1a%3A79%3Ab4%3A96%3Ab7%22%2C+%22name%22%3A+%22SERVER1%22%2C+%22serial%22%3A+%7B%22custom%22%3A+false%7D%7D&amp;mode=channels&amp;genre_id=4",return)</property>
			<property name="list">plugin://plugin.video.VTV/?genre_name=Live%3A+Austria&amp;portal=%7B%22url%22%3A+%22http%3A%2F%2Ftv.mtbox.hitv.one%22%2C+%22mac%22%3A+%2200%3A1a%3A79%3Ab4%3A96%3Ab7%22%2C+%22name%22%3A+%22SERVER1%22%2C+%22serial%22%3A+%7B%22custom%22%3A+false%7D%7D&amp;mode=channels&amp;genre_id=4</property>
			<visible>[String.IsEqual(System.ProfileName,Master user)] + String.IsEqual(Container(9000).ListItem.Property(submenuVisibility),vtv-sam-f)</visible>
			<property name="group">vtv-sam-f</property>
			<property name="isSubmenu">True</property>
		</item>
		<item id="2">
			<property name="id">$NUMBER[2]</property>
			<property name="mainmenuid">3</property>
			<label>VTV 1 DE</label>
			<label2>Video Add-On</label2>
			<icon>DefaultShortcut.png</icon>
			<thumb>image://special://home/addons%5cplugin.video.VTV%5cicon.png/</thumb>
			<property name="labelID">vtv1de</property>
			<property name="defaultID" />
			<onclick>ActivateWindow(Videos,"plugin://plugin.video.VTV/?genre_name=Live%3A+Germany&amp;portal=%7B%22url%22%3A+%22http%3A%2F%2Ftv.mtbox.hitv.one%22%2C+%22mac%22%3A+%2200%3A1a%3A79%3Ab4%3A96%3Ab7%22%2C+%22name%22%3A+%22SERVER1%22%2C+%22serial%22%3A+%7B%22custom%22%3A+false%7D%7D&amp;mode=channels&amp;genre_id=14",return)</onclick>
			<property name="path">ActivateWindow(Videos,"plugin://plugin.video.VTV/?genre_name=Live%3A+Germany&amp;portal=%7B%22url%22%3A+%22http%3A%2F%2Ftv.mtbox.hitv.one%22%2C+%22mac%22%3A+%2200%3A1a%3A79%3Ab4%3A96%3Ab7%22%2C+%22name%22%3A+%22SERVER1%22%2C+%22serial%22%3A+%7B%22custom%22%3A+false%7D%7D&amp;mode=channels&amp;genre_id=14",return)</property>
			<property name="list">plugin://plugin.video.VTV/?genre_name=Live%3A+Germany&amp;portal=%7B%22url%22%3A+%22http%3A%2F%2Ftv.mtbox.hitv.one%22%2C+%22mac%22%3A+%2200%3A1a%3A79%3Ab4%3A96%3Ab7%22%2C+%22name%22%3A+%22SERVER1%22%2C+%22serial%22%3A+%7B%22custom%22%3A+false%7D%7D&amp;mode=channels&amp;genre_id=14</property>
			<visible>[String.IsEqual(System.ProfileName,Master user)] + String.IsEqual(Container(9000).ListItem.Property(submenuVisibility),vtv-sam-f)</visible>
			<property name="group">vtv-sam-f</property>
			<property name="isSubmenu">True</property>
		</item>
		<item id="3">
			<property name="id">$NUMBER[3]</property>
			<property name="mainmenuid">3</property>
			<label>VTV2 AT</label>
			<label2>Benutzerdefinierte Einträge</label2>
			<icon>DefaultShortcut.png</icon>
			<thumb />
			<property name="labelID">vtv2at</property>
			<property name="defaultID" />
			<onclick>ActivateWindow(Videos,"plugin://plugin.video.VTV/?genre_name=Live%3A+Austria&amp;portal=%7B%22url%22%3A+%22http%3A%2F%2Ftv.mtbox.hitv.one%22%2C+%22mac%22%3A+%2200%3A1a%3A79%3Ab0%3A4d%3Ae1%22%2C+%22name%22%3A+%22SERVER2%22%2C+%22serial%22%3A+%7B%22custom%22%3A+false%7D%7D&amp;mode=channels&amp;genre_id=4",return)</onclick>
			<property name="path">ActivateWindow(Videos,"plugin://plugin.video.VTV/?genre_name=Live%3A+Austria&amp;portal=%7B%22url%22%3A+%22http%3A%2F%2Ftv.mtbox.hitv.one%22%2C+%22mac%22%3A+%2200%3A1a%3A79%3Ab0%3A4d%3Ae1%22%2C+%22name%22%3A+%22SERVER2%22%2C+%22serial%22%3A+%7B%22custom%22%3A+false%7D%7D&amp;mode=channels&amp;genre_id=4",return)</property>
			<property name="list">plugin://plugin.video.VTV/?genre_name=Live%3A+Austria&amp;portal=%7B%22url%22%3A+%22http%3A%2F%2Ftv.mtbox.hitv.one%22%2C+%22mac%22%3A+%2200%3A1a%3A79%3Ab0%3A4d%3Ae1%22%2C+%22name%22%3A+%22SERVER2%22%2C+%22serial%22%3A+%7B%22custom%22%3A+false%7D%7D&amp;mode=channels&amp;genre_id=4</property>
			<visible>[String.IsEqual(System.ProfileName,Master user)] + String.IsEqual(Container(9000).ListItem.Property(submenuVisibility),vtv-sam-f)</visible>
			<property name="group">vtv-sam-f</property>
			<property name="isSubmenu">True</property>
		</item>
		<item id="4">
			<property name="id">$NUMBER[4]</property>
			<property name="mainmenuid">3</property>
			<label>VTV2 DE</label>
			<label2>Benutzerdefinierte Einträge</label2>
			<icon>DefaultShortcut.png</icon>
			<thumb />
			<property name="labelID">vtv2de</property>
			<property name="defaultID" />
			<onclick>ActivateWindow(Videos,"plugin://plugin.video.VTV/?genre_name=Live%3A+Germany&amp;portal=%7B%22url%22%3A+%22http%3A%2F%2Ftv.mtbox.hitv.one%22%2C+%22mac%22%3A+%2200%3A1a%3A79%3Ab0%3A4d%3Ae1%22%2C+%22name%22%3A+%22SERVER2%22%2C+%22serial%22%3A+%7B%22custom%22%3A+false%7D%7D&amp;mode=channels&amp;genre_id=14",return)</onclick>
			<property name="path">ActivateWindow(Videos,"plugin://plugin.video.VTV/?genre_name=Live%3A+Germany&amp;portal=%7B%22url%22%3A+%22http%3A%2F%2Ftv.mtbox.hitv.one%22%2C+%22mac%22%3A+%2200%3A1a%3A79%3Ab0%3A4d%3Ae1%22%2C+%22name%22%3A+%22SERVER2%22%2C+%22serial%22%3A+%7B%22custom%22%3A+false%7D%7D&amp;mode=channels&amp;genre_id=14",return)</property>
			<property name="list">plugin://plugin.video.VTV/?genre_name=Live%3A+Germany&amp;portal=%7B%22url%22%3A+%22http%3A%2F%2Ftv.mtbox.hitv.one%22%2C+%22mac%22%3A+%2200%3A1a%3A79%3Ab0%3A4d%3Ae1%22%2C+%22name%22%3A+%22SERVER2%22%2C+%22serial%22%3A+%7B%22custom%22%3A+false%7D%7D&amp;mode=channels&amp;genre_id=14</property>
			<visible>[String.IsEqual(System.ProfileName,Master user)] + String.IsEqual(Container(9000).ListItem.Property(submenuVisibility),vtv-sam-f)</visible>
			<property name="group">vtv-sam-f</property>
			<property name="isSubmenu">True</property>
		</item>
		<item id="5">
			<property name="id">$NUMBER[5]</property>
			<property name="mainmenuid">3</property>
			<label>Sam.F.</label>
			<label2>Video Add-On</label2>
			<icon>DefaultShortcut.png</icon>
			<thumb>image://https%3a%2f%2fia902806.us.archive.org%2f24%2fitems%2fgerman1_202002%2fGerman_1.jpg/</thumb>
			<property name="labelID">sam-f</property>
			<property name="defaultID" />
			<onclick>ActivateWindow(Videos,"plugin://plugin.video.Freak_VMOD/?url=https%3A%2F%2Fraw.githubusercontent.com%2Fkodifreak2020%2FVideo_Addon_Menue%2Fmaster%2FGerman_TV_Menue&amp;mode=1&amp;name=%5BB%5DGerman%5B%2FB%5D&amp;fanart=https%3A%2F%2Fia902806.us.archive.org%2F24%2Fitems%2Fgerman1_202002%2FGerman_1.jpg",return)</onclick>
			<property name="path">ActivateWindow(Videos,"plugin://plugin.video.Freak_VMOD/?url=https%3A%2F%2Fraw.githubusercontent.com%2Fkodifreak2020%2FVideo_Addon_Menue%2Fmaster%2FGerman_TV_Menue&amp;mode=1&amp;name=%5BB%5DGerman%5B%2FB%5D&amp;fanart=https%3A%2F%2Fia902806.us.archive.org%2F24%2Fitems%2Fgerman1_202002%2FGerman_1.jpg",return)</property>
			<property name="list">plugin://plugin.video.Freak_VMOD/?url=https%3A%2F%2Fraw.githubusercontent.com%2Fkodifreak2020%2FVideo_Addon_Menue%2Fmaster%2FGerman_TV_Menue&amp;mode=1&amp;name=%5BB%5DGerman%5B%2FB%5D&amp;fanart=https%3A%2F%2Fia902806.us.archive.org%2F24%2Fitems%2Fgerman1_202002%2FGerman_1.jpg</property>
			<visible>[String.IsEqual(System.ProfileName,Master user)] + String.IsEqual(Container(9000).ListItem.Property(submenuVisibility),vtv-sam-f)</visible>
			<property name="group">vtv-sam-f</property>
			<property name="isSubmenu">True</property>
		</item>
		<item id="1">
			<property name="id">$NUMBER[1]</property>
			<property name="mainmenuid">4</property>
			<label>ORF</label>
			<label2>Benutzerdefinierte Einträge</label2>
			<icon>DefaultShortcut.png</icon>
			<thumb />
			<property name="labelID">orf</property>
			<property name="defaultID" />
			<onclick>noop</onclick>
			<property name="path">noop</property>
			<property name="list">noop</property>
			<visible>[String.IsEqual(System.ProfileName,Master user)] + String.IsEqual(Container(9000).ListItem.Property(submenuVisibility),streams)</visible>
			<property name="group">streams</property>
			<property name="isSubmenu">True</property>
		</item>
		<item id="2">
			<property name="id">$NUMBER[2]</property>
			<property name="mainmenuid">4</property>
			<label>ZDF ARD usw</label>
			<label2>Benutzerdefinierte Einträge</label2>
			<icon>DefaultShortcut.png</icon>
			<thumb />
			<property name="labelID">zdfardusw</property>
			<property name="defaultID" />
			<onclick>noop</onclick>
			<property name="path">noop</property>
			<property name="list">noop</property>
			<visible>[String.IsEqual(System.ProfileName,Master user)] + String.IsEqual(Container(9000).ListItem.Property(submenuVisibility),streams)</visible>
			<property name="group">streams</property>
			<property name="isSubmenu">True</property>
		</item>
		<item id="3">
			<property name="id">$NUMBER[3]</property>
			<property name="mainmenuid">4</property>
			<label>VavooTV</label>
			<label2>Video Add-On</label2>
			<icon>DefaultShortcut.png</icon>
			<thumb>image://C%3a%5cUsers%5cRonald%5cAppData%5cRoaming%5cKodi%5caddons%5cplugin.video.vatv%5cicon.png/</thumb>
			<property name="labelID">plugin.video.vatv</property>
			<property name="defaultID">plugin.video.vatv</property>
			<property name="translatedPath">ActivateWindow(Videos,"plugin://plugin.video.vatv",return)</property>
			<onclick>ActivateWindow(Videos,"plugin://plugin.video.vatv",return)</onclick>
			<property name="path">ActivateWindow(Videos,"plugin://plugin.video.vatv",return)</property>
			<property name="list">plugin://plugin.video.vatv</property>
			<visible>[String.IsEqual(System.ProfileName,Master user)] + String.IsEqual(Container(9000).ListItem.Property(submenuVisibility),streams)</visible>
			<property name="group">streams</property>
			<property name="isSubmenu">True</property>
		</item>
		<item id="4">
			<property name="id">$NUMBER[4]</property>
			<property name="mainmenuid">4</property>
			<label>$LOCALIZE[744]</label>
			<label2>item</label2>
			<icon>DefaultFolder.png</icon>
			<thumb />
			<property name="labelID">744</property>
			<property name="defaultID">744</property>
			<onclick>ActivateWindow(Videos,sources://video/,return)</onclick>
			<property name="path">ActivateWindow(Videos,sources://video/,return)</property>
			<property name="list">sources://video/</property>
			<visible>[String.IsEqual(System.ProfileName,Master user)] + String.IsEqual(Container(9000).ListItem.Property(submenuVisibility),streams)</visible>
			<property name="group">streams</property>
			<property name="isSubmenu">True</property>
		</item>
		<item id="5">
			<property name="id">$NUMBER[5]</property>
			<property name="mainmenuid">4</property>
			<label>$LOCALIZE[1037]</label>
			<label2>Videos</label2>
			<icon>DefaultAddonVideo.png</icon>
			<thumb />
			<property name="labelID">1037</property>
			<property name="defaultID">1037</property>
			<property name="translatedPath">ActivateWindow(Videos,Addons,return)</property>
			<onclick>ActivateWindow(Videos,Addons,return)</onclick>
			<property name="path">ActivateWindow(Videos,Addons,return)</property>
			<property name="list">Addons</property>
			<visible>[String.IsEqual(System.ProfileName,Master user)] + String.IsEqual(Container(9000).ListItem.Property(submenuVisibility),streams)</visible>
			<property name="group">streams</property>
			<property name="isSubmenu">True</property>
		</item>
		<item id="1">
			<property name="id">$NUMBER[1]</property>
			<property name="mainmenuid">5</property>
			<label>Radio</label>
			<label2>Musik Add-On</label2>
			<icon>DefaultShortcut.png</icon>
			<thumb>image://special://home/addons%5cplugin.audio.radio_de%5cicon.png/</thumb>
			<property name="labelID">plugin.audio.radio_de</property>
			<property name="defaultID">plugin.audio.radio_de</property>
			<onclick>ActivateWindow(Music,"plugin://plugin.audio.radio_de",return)</onclick>
			<property name="path">ActivateWindow(Music,"plugin://plugin.audio.radio_de",return)</property>
			<property name="list">plugin://plugin.audio.radio_de</property>
			<visible>[String.IsEqual(System.ProfileName,Master user)] + String.IsEqual(Container(9000).ListItem.Property(submenuVisibility),audio)</visible>
			<property name="group">audio</property>
			<property name="isSubmenu">True</property>
		</item>
		<item id="2">
			<property name="id">$NUMBER[2]</property>
			<property name="mainmenuid">5</property>
			<label>TuneIn2017</label>
			<label2>Musik Add-On</label2>
			<icon>DefaultShortcut.png</icon>
			<thumb>image://special://home/addons%5cplugin.audio.tunein2017%5cicon.png/</thumb>
			<property name="labelID">plugin.audio.tunein2017</property>
			<property name="defaultID">plugin.audio.tunein2017</property>
			<onclick>ActivateWindow(Music,"plugin://plugin.audio.tunein2017",return)</onclick>
			<property name="path">ActivateWindow(Music,"plugin://plugin.audio.tunein2017",return)</property>
			<property name="list">plugin://plugin.audio.tunein2017</property>
			<visible>[String.IsEqual(System.ProfileName,Master user)] + String.IsEqual(Container(9000).ListItem.Property(submenuVisibility),audio)</visible>
			<property name="group">audio</property>
			<property name="isSubmenu">True</property>
		</item>
		<item id="3">
			<property name="id">$NUMBER[3]</property>
			<property name="mainmenuid">5</property>
			<label>MP3 Streams</label>
			<label2>Musik Add-On</label2>
			<icon>DefaultShortcut.png</icon>
			<thumb>image://special://home/addons%5cplugin.audio.mp3streams%5cicon.png/</thumb>
			<property name="labelID">plugin.audio.mp3streams</property>
			<property name="defaultID">plugin.audio.mp3streams</property>
			<onclick>ActivateWindow(Music,"plugin://plugin.audio.mp3streams",return)</onclick>
			<property name="path">ActivateWindow(Music,"plugin://plugin.audio.mp3streams",return)</property>
			<property name="list">plugin://plugin.audio.mp3streams</property>
			<visible>[String.IsEqual(System.ProfileName,Master user)] + String.IsEqual(Container(9000).ListItem.Property(submenuVisibility),audio)</visible>
			<property name="group">audio</property>
			<property name="isSubmenu">True</property>
		</item>
		<item id="4">
			<property name="id">$NUMBER[4]</property>
			<property name="mainmenuid">5</property>
			<label>Youtube Music</label>
			<label2>Musik Add-On</label2>
			<icon>DefaultShortcut.png</icon>
			<thumb>image://special://home/addons%5cplugin.video.spotitube%5cicon.png/</thumb>
			<property name="labelID">plugin.video.spotitube</property>
			<property name="defaultID">plugin.video.spotitube</property>
			<onclick>ActivateWindow(Music,"plugin://plugin.video.spotitube",return)</onclick>
			<property name="path">ActivateWindow(Music,"plugin://plugin.video.spotitube",return)</property>
			<property name="list">plugin://plugin.video.spotitube</property>
			<visible>[String.IsEqual(System.ProfileName,Master user)] + String.IsEqual(Container(9000).ListItem.Property(submenuVisibility),audio)</visible>
			<property name="group">audio</property>
			<property name="isSubmenu">True</property>
		</item>
		<item id="1">
			<property name="id">$NUMBER[1]</property>
			<property name="mainmenuid">6</property>
			<label>Speed Tester</label>
			<label2>Programm</label2>
			<icon>DefaultAddon.png</icon>
			<thumb>image://C%3a%5cProgram%20Files%5cKoditest%5cportable_data%5caddons%5cscript.speedtester%5cresources%5cmedia%5cicon.png/</thumb>
			<property name="labelID">script.speedtester</property>
			<property name="defaultID">script.speedtester</property>
			<onclick>RunAddOn(script.speedtester)</onclick>
			<property name="path">RunAddOn(script.speedtester)</property>
			<property name="list">RunAddOn(script.speedtester)</property>
			<visible>[String.IsEqual(System.ProfileName,Master user)] + String.IsEqual(Container(9000).ListItem.Property(submenuVisibility),tools)</visible>
			<property name="group">tools</property>
			<property name="isSubmenu">True</property>
		</item>
		<item id="2">
			<property name="id">$NUMBER[2]</property>
			<property name="mainmenuid">6</property>
			<label>K. Updater</label>
			<label2>Programm</label2>
			<icon>DefaultAddon.png</icon>
			<thumb>image://C%3a%5cProgram%20Files%5cKoditest%5cportable_data%5caddons%5cscript.kangool.update%5cicon.png/</thumb>
			<property name="labelID">script.kangool.update</property>
			<property name="defaultID">script.kangool.update</property>
			<onclick>RunAddOn(script.kangool.update)</onclick>
			<property name="path">RunAddOn(script.kangool.update)</property>
			<property name="list">RunAddOn(script.kangool.update)</property>
			<visible>[String.IsEqual(System.ProfileName,Master user)] + String.IsEqual(Container(9000).ListItem.Property(submenuVisibility),tools)</visible>
			<property name="group">tools</property>
			<property name="isSubmenu">True</property>
		</item>
		<item id="3">
			<property name="id">$NUMBER[3]</property>
			<property name="mainmenuid">6</property>
			<label>K.U.Settings</label>
			<label2>Benutzerdefinierte Einträge</label2>
			<icon>DefaultShortcut.png</icon>
			<thumb />
			<property name="labelID">k-u-settings</property>
			<property name="defaultID" />
			<onclick>Addon.openSettings(script.kangool.update)</onclick>
			<property name="path">Addon.openSettings(script.kangool.update)</property>
			<property name="list">Addon.openSettings(script.kangool.update)</property>
			<visible>[String.IsEqual(System.ProfileName,Master user)] + String.IsEqual(Container(9000).ListItem.Property(submenuVisibility),tools)</visible>
			<property name="group">tools</property>
			<property name="isSubmenu">True</property>
		</item>
		<item id="4">
			<property name="id">$NUMBER[4]</property>
			<property name="mainmenuid">6</property>
			<label>Beenden</label>
			<label2>Benutzerdefinierte Einträge</label2>
			<icon>DefaultShortcut.png</icon>
			<thumb />
			<property name="labelID">beenden</property>
			<property name="defaultID" />
			<visible>[System.ShowExitButton] + String.IsEqual(Container(9000).ListItem.Property(submenuVisibility),tools)</visible>
			<onclick>Quit</onclick>
			<property name="path">Quit</property>
			<property name="list">Quit</property>
			<visible>String.IsEqual(System.ProfileName,Master user)</visible>
			<property name="group">tools</property>
			<property name="isSubmenu">True</property>
		</item>
	</include>
	<include name="skinshortcuts-template-submenu">
		<include condition="String.IsEqual(System.ProfileName,Master user)">skinshortcuts-template-submenu-Master user</include>
	</include>
	<include name="skinshortcuts-template-submenu-Master user">
		<control id="9901" type="fixedlist">
			<visible>!Skin.HasSetting(Touchmode)</visible>
			<animation condition="!Control.HasFocus(9901)" effect="fade" end="0" start="100" time="100">Conditional</animation>
			<visible>String.IsEqual(Container(9000).ListItem.Property(submenuVisibility),tvshows)</visible>
			<left>60</left>
			<top>10</top>
			<width>1800</width>
			<height>92</height>
			<onup>9000</onup>
			<ondown>20</ondown>
			<itemgap>0</itemgap>
			<focusposition>0</focusposition>
			<movement>4</movement>
			<orientation>Horizontal</orientation>
			<itemlayout height="92" width="360">
				<control type="label">
					<left>10</left>
					<top>0</top>
					<width>340</width>
					<height>92</height>
					<align>center</align>
					<aligny>center</aligny>
					<font>menu.title</font>
					<textcolor>white</textcolor>
					<info>ListItem.Label</info>
				</control>
			</itemlayout>
			<focusedlayout height="90" width="360">
				<control type="image">
					<left>0</left>
					<top>0</top>
					<width>361</width>
					<height>92</height>
					<texture colordiffuse="$INFO[Skin.String(color.500)]">backgrounds/white.png</texture>
					<visible>Control.HasFocus(9901)</visible>
				</control>
				<control type="label">
					<left>10</left>
					<top>0</top>
					<width>340</width>
					<height>92</height>
					<align>center</align>
					<aligny>center</aligny>
					<font>menu.title</font>
					<textcolor>white</textcolor>
					<shadowcolor>black</shadowcolor>
					<info>ListItem.Label</info>
					<visible>Control.HasFocus(9901)</visible>
				</control>
				<control type="label">
					<left>10</left>
					<top>0</top>
					<width>340</width>
					<height>92</height>
					<align>center</align>
					<aligny>center</aligny>
					<font>menu.title</font>
					<textcolor>white</textcolor>
					<info>ListItem.Label</info>
					<visible>!Control.HasFocus(9901)</visible>
				</control>
			</focusedlayout>
			<content>
				<item id="1">
					<property name="id">$NUMBER[1]</property>
					<property name="mainmenuid">1</property>
					<label>$LOCALIZE[31328]</label>
					<label2>$ADDON[script.skinshortcuts 32014]</label2>
					<icon>DefaultRecentlyAddedEpisodes.png</icon>
					<thumb />
					<property name="labelID">31328</property>
					<property name="defaultID">31328</property>
					<onclick>ActivateWindow(Videos,videodb://recentlyaddedepisodes/,return)</onclick>
					<property name="path">ActivateWindow(Videos,videodb://recentlyaddedepisodes/,return)</property>
					<property name="list">videodb://recentlyaddedepisodes/</property>
					<property name="group">tvshows</property>
					<property name="isSubmenu">True</property>
				</item>
				<item id="2">
					<property name="id">$NUMBER[2]</property>
					<property name="mainmenuid">1</property>
					<label>$LOCALIZE[369]</label>
					<label2>$LOCALIZE[20343]</label2>
					<icon>DefaultTVShowTitle.png</icon>
					<thumb />
					<property name="labelID">369</property>
					<property name="defaultID">369</property>
					<visible>Library.HasContent(TVShows)</visible>
					<onclick>ActivateWindow(Videos,videodb://tvshows/titles/,return)</onclick>
					<property name="path">ActivateWindow(Videos,videodb://tvshows/titles/,return)</property>
					<property name="list">videodb://tvshows/titles/</property>
					<property name="group">tvshows</property>
					<property name="isSubmenu">True</property>
				</item>
				<item id="3">
					<property name="id">$NUMBER[3]</property>
					<property name="mainmenuid">1</property>
					<label>$LOCALIZE[135]</label>
					<label2>$LOCALIZE[20343]</label2>
					<icon>DefaultGenre.png</icon>
					<thumb />
					<property name="labelID">135</property>
					<property name="defaultID">135</property>
					<visible>Library.HasContent(TVShows)</visible>
					<onclick>ActivateWindow(Videos,videodb://tvshows/genres/,return)</onclick>
					<property name="path">ActivateWindow(Videos,videodb://tvshows/genres/,return)</property>
					<property name="list">videodb://tvshows/genres/</property>
					<property name="group">tvshows</property>
					<property name="isSubmenu">True</property>
				</item>
				<item id="4">
					<property name="id">$NUMBER[4]</property>
					<property name="mainmenuid">1</property>
					<label>$LOCALIZE[652]</label>
					<label2>$LOCALIZE[20343]</label2>
					<icon>DefaultYear.png</icon>
					<thumb />
					<property name="labelID">652</property>
					<property name="defaultID">652</property>
					<visible>Library.HasContent(TVShows)</visible>
					<onclick>ActivateWindow(Videos,videodb://tvshows/years/,return)</onclick>
					<property name="path">ActivateWindow(Videos,videodb://tvshows/years/,return)</property>
					<property name="list">videodb://tvshows/years/</property>
					<property name="group">tvshows</property>
					<property name="isSubmenu">True</property>
				</item>
				<item id="5">
					<property name="id">$NUMBER[5]</property>
					<property name="mainmenuid">1</property>
					<label>$LOCALIZE[344]</label>
					<label2>$LOCALIZE[20343]</label2>
					<icon>DefaultActor.png</icon>
					<thumb />
					<property name="labelID">344</property>
					<property name="defaultID">344</property>
					<visible>Library.HasContent(TVShows)</visible>
					<onclick>ActivateWindow(Videos,videodb://tvshows/actors/,return)</onclick>
					<property name="path">ActivateWindow(Videos,videodb://tvshows/actors/,return)</property>
					<property name="list">videodb://tvshows/actors/</property>
					<property name="group">tvshows</property>
					<property name="isSubmenu">True</property>
				</item>
			</content>
		</control>
		<control id="9901" type="fixedlist">
			<visible>Skin.HasSetting(Touchmode)</visible>
			<visible>String.IsEqual(Container(9000).ListItem.Property(submenuVisibility),tvshows)</visible>
			<left>60</left>
			<top>43</top>
			<width>1800</width>
			<height>60</height>
			<onup>9000</onup>
			<ondown>20</ondown>
			<itemgap>0</itemgap>
			<focusposition>0</focusposition>
			<movement>4</movement>
			<orientation>Horizontal</orientation>
			<itemlayout height="60" width="360">
				<control type="label">
					<left>10</left>
					<top>0</top>
					<width>340</width>
					<height>60</height>
					<align>center</align>
					<aligny>center</aligny>
					<font>menu.title</font>
					<textcolor>white</textcolor>
					<info>ListItem.Label</info>
				</control>
			</itemlayout>
			<focusedlayout height="90" width="360">
				<control type="image">
					<left>0</left>
					<top>0</top>
					<width>361</width>
					<height>60</height>
					<texture colordiffuse="$INFO[Skin.String(color.500)]">backgrounds/white.png</texture>
					<visible>Control.HasFocus(9901)</visible>
				</control>
				<control type="label">
					<left>10</left>
					<top>0</top>
					<width>340</width>
					<height>60</height>
					<align>center</align>
					<aligny>center</aligny>
					<font>menu.title</font>
					<textcolor>white</textcolor>
					<shadowcolor>black</shadowcolor>
					<info>ListItem.Label</info>
					<visible>Control.HasFocus(9901)</visible>
				</control>
				<control type="label">
					<left>10</left>
					<top>0</top>
					<width>340</width>
					<height>60</height>
					<align>center</align>
					<aligny>center</aligny>
					<font>menu.title</font>
					<textcolor>white</textcolor>
					<info>ListItem.Label</info>
					<visible>!Control.HasFocus(9901)</visible>
				</control>
			</focusedlayout>
			<content>
				<item id="1">
					<property name="id">$NUMBER[1]</property>
					<property name="mainmenuid">1</property>
					<label>$LOCALIZE[31328]</label>
					<label2>$ADDON[script.skinshortcuts 32014]</label2>
					<icon>DefaultRecentlyAddedEpisodes.png</icon>
					<thumb />
					<property name="labelID">31328</property>
					<property name="defaultID">31328</property>
					<onclick>ActivateWindow(Videos,videodb://recentlyaddedepisodes/,return)</onclick>
					<property name="path">ActivateWindow(Videos,videodb://recentlyaddedepisodes/,return)</property>
					<property name="list">videodb://recentlyaddedepisodes/</property>
					<property name="group">tvshows</property>
					<property name="isSubmenu">True</property>
				</item>
				<item id="2">
					<property name="id">$NUMBER[2]</property>
					<property name="mainmenuid">1</property>
					<label>$LOCALIZE[369]</label>
					<label2>$LOCALIZE[20343]</label2>
					<icon>DefaultTVShowTitle.png</icon>
					<thumb />
					<property name="labelID">369</property>
					<property name="defaultID">369</property>
					<visible>Library.HasContent(TVShows)</visible>
					<onclick>ActivateWindow(Videos,videodb://tvshows/titles/,return)</onclick>
					<property name="path">ActivateWindow(Videos,videodb://tvshows/titles/,return)</property>
					<property name="list">videodb://tvshows/titles/</property>
					<property name="group">tvshows</property>
					<property name="isSubmenu">True</property>
				</item>
				<item id="3">
					<property name="id">$NUMBER[3]</property>
					<property name="mainmenuid">1</property>
					<label>$LOCALIZE[135]</label>
					<label2>$LOCALIZE[20343]</label2>
					<icon>DefaultGenre.png</icon>
					<thumb />
					<property name="labelID">135</property>
					<property name="defaultID">135</property>
					<visible>Library.HasContent(TVShows)</visible>
					<onclick>ActivateWindow(Videos,videodb://tvshows/genres/,return)</onclick>
					<property name="path">ActivateWindow(Videos,videodb://tvshows/genres/,return)</property>
					<property name="list">videodb://tvshows/genres/</property>
					<property name="group">tvshows</property>
					<property name="isSubmenu">True</property>
				</item>
				<item id="4">
					<property name="id">$NUMBER[4]</property>
					<property name="mainmenuid">1</property>
					<label>$LOCALIZE[652]</label>
					<label2>$LOCALIZE[20343]</label2>
					<icon>DefaultYear.png</icon>
					<thumb />
					<property name="labelID">652</property>
					<property name="defaultID">652</property>
					<visible>Library.HasContent(TVShows)</visible>
					<onclick>ActivateWindow(Videos,videodb://tvshows/years/,return)</onclick>
					<property name="path">ActivateWindow(Videos,videodb://tvshows/years/,return)</property>
					<property name="list">videodb://tvshows/years/</property>
					<property name="group">tvshows</property>
					<property name="isSubmenu">True</property>
				</item>
				<item id="5">
					<property name="id">$NUMBER[5]</property>
					<property name="mainmenuid">1</property>
					<label>$LOCALIZE[344]</label>
					<label2>$LOCALIZE[20343]</label2>
					<icon>DefaultActor.png</icon>
					<thumb />
					<property name="labelID">344</property>
					<property name="defaultID">344</property>
					<visible>Library.HasContent(TVShows)</visible>
					<onclick>ActivateWindow(Videos,videodb://tvshows/actors/,return)</onclick>
					<property name="path">ActivateWindow(Videos,videodb://tvshows/actors/,return)</property>
					<property name="list">videodb://tvshows/actors/</property>
					<property name="group">tvshows</property>
					<property name="isSubmenu">True</property>
				</item>
			</content>
		</control>
		<control id="9901" type="fixedlist">
			<visible>!Skin.HasSetting(Touchmode)</visible>
			<animation condition="!Control.HasFocus(9901)" effect="fade" end="0" start="100" time="100">Conditional</animation>
			<visible>String.IsEqual(Container(9000).ListItem.Property(submenuVisibility),livetv)</visible>
			<left>60</left>
			<top>10</top>
			<width>1800</width>
			<height>92</height>
			<onup>9000</onup>
			<ondown>20</ondown>
			<itemgap>0</itemgap>
			<focusposition>0</focusposition>
			<movement>4</movement>
			<orientation>Horizontal</orientation>
			<itemlayout height="92" width="360">
				<control type="label">
					<left>10</left>
					<top>0</top>
					<width>340</width>
					<height>92</height>
					<align>center</align>
					<aligny>center</aligny>
					<font>menu.title</font>
					<textcolor>white</textcolor>
					<info>ListItem.Label</info>
				</control>
			</itemlayout>
			<focusedlayout height="90" width="360">
				<control type="image">
					<left>0</left>
					<top>0</top>
					<width>361</width>
					<height>92</height>
					<texture colordiffuse="$INFO[Skin.String(color.500)]">backgrounds/white.png</texture>
					<visible>Control.HasFocus(9901)</visible>
				</control>
				<control type="label">
					<left>10</left>
					<top>0</top>
					<width>340</width>
					<height>92</height>
					<align>center</align>
					<aligny>center</aligny>
					<font>menu.title</font>
					<textcolor>white</textcolor>
					<shadowcolor>black</shadowcolor>
					<info>ListItem.Label</info>
					<visible>Control.HasFocus(9901)</visible>
				</control>
				<control type="label">
					<left>10</left>
					<top>0</top>
					<width>340</width>
					<height>92</height>
					<align>center</align>
					<aligny>center</aligny>
					<font>menu.title</font>
					<textcolor>white</textcolor>
					<info>ListItem.Label</info>
					<visible>!Control.HasFocus(9901)</visible>
				</control>
			</focusedlayout>
			<content>
				<item id="1">
					<property name="id">$NUMBER[1]</property>
					<property name="mainmenuid">2</property>
					<label>TV+</label>
					<label2>Programm</label2>
					<icon>DefaultAddon.png</icon>
					<thumb>image://special://home/addons%5cscript.tvguide.fullscreen%5cicon.png/</thumb>
					<property name="labelID">script.tvguide.fullscreen</property>
					<property name="defaultID">script.tvguide.fullscreen</property>
					<onclick>RunAddOn(script.tvguide.fullscreen)</onclick>
					<property name="path">RunAddOn(script.tvguide.fullscreen)</property>
					<property name="list">RunAddOn(script.tvguide.fullscreen)</property>
					<property name="group">livetv</property>
					<property name="isSubmenu">True</property>
				</item>
				<item id="2">
					<property name="id">$NUMBER[2]</property>
					<property name="mainmenuid">2</property>
					<label>Fix TV+</label>
					<label2>Programm</label2>
					<icon>DefaultAddon.png</icon>
					<thumb>image://special://home/addons%5cscript.fix.tvguide%5cicon.png/</thumb>
					<property name="labelID">script.fix.tvguide</property>
					<property name="defaultID">script.fix.tvguide</property>
					<onclick>RunAddOn(script.fix.tvguide)</onclick>
					<property name="path">RunAddOn(script.fix.tvguide)</property>
					<property name="list">RunAddOn(script.fix.tvguide)</property>
					<property name="group">livetv</property>
					<property name="isSubmenu">True</property>
				</item>
			</content>
		</control>
		<control id="9901" type="fixedlist">
			<visible>Skin.HasSetting(Touchmode)</visible>
			<visible>String.IsEqual(Container(9000).ListItem.Property(submenuVisibility),livetv)</visible>
			<left>60</left>
			<top>43</top>
			<width>1800</width>
			<height>60</height>
			<onup>9000</onup>
			<ondown>20</ondown>
			<itemgap>0</itemgap>
			<focusposition>0</focusposition>
			<movement>4</movement>
			<orientation>Horizontal</orientation>
			<itemlayout height="60" width="360">
				<control type="label">
					<left>10</left>
					<top>0</top>
					<width>340</width>
					<height>60</height>
					<align>center</align>
					<aligny>center</aligny>
					<font>menu.title</font>
					<textcolor>white</textcolor>
					<info>ListItem.Label</info>
				</control>
			</itemlayout>
			<focusedlayout height="90" width="360">
				<control type="image">
					<left>0</left>
					<top>0</top>
					<width>361</width>
					<height>60</height>
					<texture colordiffuse="$INFO[Skin.String(color.500)]">backgrounds/white.png</texture>
					<visible>Control.HasFocus(9901)</visible>
				</control>
				<control type="label">
					<left>10</left>
					<top>0</top>
					<width>340</width>
					<height>60</height>
					<align>center</align>
					<aligny>center</aligny>
					<font>menu.title</font>
					<textcolor>white</textcolor>
					<shadowcolor>black</shadowcolor>
					<info>ListItem.Label</info>
					<visible>Control.HasFocus(9901)</visible>
				</control>
				<control type="label">
					<left>10</left>
					<top>0</top>
					<width>340</width>
					<height>60</height>
					<align>center</align>
					<aligny>center</aligny>
					<font>menu.title</font>
					<textcolor>white</textcolor>
					<info>ListItem.Label</info>
					<visible>!Control.HasFocus(9901)</visible>
				</control>
			</focusedlayout>
			<content>
				<item id="1">
					<property name="id">$NUMBER[1]</property>
					<property name="mainmenuid">2</property>
					<label>TV+</label>
					<label2>Programm</label2>
					<icon>DefaultAddon.png</icon>
					<thumb>image://special://home/addons%5cscript.tvguide.fullscreen%5cicon.png/</thumb>
					<property name="labelID">script.tvguide.fullscreen</property>
					<property name="defaultID">script.tvguide.fullscreen</property>
					<onclick>RunAddOn(script.tvguide.fullscreen)</onclick>
					<property name="path">RunAddOn(script.tvguide.fullscreen)</property>
					<property name="list">RunAddOn(script.tvguide.fullscreen)</property>
					<property name="group">livetv</property>
					<property name="isSubmenu">True</property>
				</item>
				<item id="2">
					<property name="id">$NUMBER[2]</property>
					<property name="mainmenuid">2</property>
					<label>Fix TV+</label>
					<label2>Programm</label2>
					<icon>DefaultAddon.png</icon>
					<thumb>image://special://home/addons%5cscript.fix.tvguide%5cicon.png/</thumb>
					<property name="labelID">script.fix.tvguide</property>
					<property name="defaultID">script.fix.tvguide</property>
					<onclick>RunAddOn(script.fix.tvguide)</onclick>
					<property name="path">RunAddOn(script.fix.tvguide)</property>
					<property name="list">RunAddOn(script.fix.tvguide)</property>
					<property name="group">livetv</property>
					<property name="isSubmenu">True</property>
				</item>
			</content>
		</control>
		<control id="9901" type="fixedlist">
			<visible>!Skin.HasSetting(Touchmode)</visible>
			<animation condition="!Control.HasFocus(9901)" effect="fade" end="0" start="100" time="100">Conditional</animation>
			<visible>String.IsEqual(Container(9000).ListItem.Property(submenuVisibility),vtv-sam-f)</visible>
			<left>60</left>
			<top>10</top>
			<width>1800</width>
			<height>92</height>
			<onup>9000</onup>
			<ondown>20</ondown>
			<itemgap>0</itemgap>
			<focusposition>0</focusposition>
			<movement>4</movement>
			<orientation>Horizontal</orientation>
			<itemlayout height="92" width="360">
				<control type="label">
					<left>10</left>
					<top>0</top>
					<width>340</width>
					<height>92</height>
					<align>center</align>
					<aligny>center</aligny>
					<font>menu.title</font>
					<textcolor>white</textcolor>
					<info>ListItem.Label</info>
				</control>
			</itemlayout>
			<focusedlayout height="90" width="360">
				<control type="image">
					<left>0</left>
					<top>0</top>
					<width>361</width>
					<height>92</height>
					<texture colordiffuse="$INFO[Skin.String(color.500)]">backgrounds/white.png</texture>
					<visible>Control.HasFocus(9901)</visible>
				</control>
				<control type="label">
					<left>10</left>
					<top>0</top>
					<width>340</width>
					<height>92</height>
					<align>center</align>
					<aligny>center</aligny>
					<font>menu.title</font>
					<textcolor>white</textcolor>
					<shadowcolor>black</shadowcolor>
					<info>ListItem.Label</info>
					<visible>Control.HasFocus(9901)</visible>
				</control>
				<control type="label">
					<left>10</left>
					<top>0</top>
					<width>340</width>
					<height>92</height>
					<align>center</align>
					<aligny>center</aligny>
					<font>menu.title</font>
					<textcolor>white</textcolor>
					<info>ListItem.Label</info>
					<visible>!Control.HasFocus(9901)</visible>
				</control>
			</focusedlayout>
			<content>
				<item id="1">
					<property name="id">$NUMBER[1]</property>
					<property name="mainmenuid">3</property>
					<label>VTV1 AT</label>
					<label2>Video Add-On</label2>
					<icon>DefaultShortcut.png</icon>
					<thumb>image://special://home/addons%5cplugin.video.VTV%5cicon.png/</thumb>
					<property name="labelID">vtv1at</property>
					<property name="defaultID" />
					<onclick>ActivateWindow(Videos,"plugin://plugin.video.VTV/?genre_name=Live%3A+Austria&amp;portal=%7B%22url%22%3A+%22http%3A%2F%2Ftv.mtbox.hitv.one%22%2C+%22mac%22%3A+%2200%3A1a%3A79%3Ab4%3A96%3Ab7%22%2C+%22name%22%3A+%22SERVER1%22%2C+%22serial%22%3A+%7B%22custom%22%3A+false%7D%7D&amp;mode=channels&amp;genre_id=4",return)</onclick>
					<property name="path">ActivateWindow(Videos,"plugin://plugin.video.VTV/?genre_name=Live%3A+Austria&amp;portal=%7B%22url%22%3A+%22http%3A%2F%2Ftv.mtbox.hitv.one%22%2C+%22mac%22%3A+%2200%3A1a%3A79%3Ab4%3A96%3Ab7%22%2C+%22name%22%3A+%22SERVER1%22%2C+%22serial%22%3A+%7B%22custom%22%3A+false%7D%7D&amp;mode=channels&amp;genre_id=4",return)</property>
					<property name="list">plugin://plugin.video.VTV/?genre_name=Live%3A+Austria&amp;portal=%7B%22url%22%3A+%22http%3A%2F%2Ftv.mtbox.hitv.one%22%2C+%22mac%22%3A+%2200%3A1a%3A79%3Ab4%3A96%3Ab7%22%2C+%22name%22%3A+%22SERVER1%22%2C+%22serial%22%3A+%7B%22custom%22%3A+false%7D%7D&amp;mode=channels&amp;genre_id=4</property>
					<property name="group">vtv-sam-f</property>
					<property name="isSubmenu">True</property>
				</item>
				<item id="2">
					<property name="id">$NUMBER[2]</property>
					<property name="mainmenuid">3</property>
					<label>VTV 1 DE</label>
					<label2>Video Add-On</label2>
					<icon>DefaultShortcut.png</icon>
					<thumb>image://special://home/addons%5cplugin.video.VTV%5cicon.png/</thumb>
					<property name="labelID">vtv1de</property>
					<property name="defaultID" />
					<onclick>ActivateWindow(Videos,"plugin://plugin.video.VTV/?genre_name=Live%3A+Germany&amp;portal=%7B%22url%22%3A+%22http%3A%2F%2Ftv.mtbox.hitv.one%22%2C+%22mac%22%3A+%2200%3A1a%3A79%3Ab4%3A96%3Ab7%22%2C+%22name%22%3A+%22SERVER1%22%2C+%22serial%22%3A+%7B%22custom%22%3A+false%7D%7D&amp;mode=channels&amp;genre_id=14",return)</onclick>
					<property name="path">ActivateWindow(Videos,"plugin://plugin.video.VTV/?genre_name=Live%3A+Germany&amp;portal=%7B%22url%22%3A+%22http%3A%2F%2Ftv.mtbox.hitv.one%22%2C+%22mac%22%3A+%2200%3A1a%3A79%3Ab4%3A96%3Ab7%22%2C+%22name%22%3A+%22SERVER1%22%2C+%22serial%22%3A+%7B%22custom%22%3A+false%7D%7D&amp;mode=channels&amp;genre_id=14",return)</property>
					<property name="list">plugin://plugin.video.VTV/?genre_name=Live%3A+Germany&amp;portal=%7B%22url%22%3A+%22http%3A%2F%2Ftv.mtbox.hitv.one%22%2C+%22mac%22%3A+%2200%3A1a%3A79%3Ab4%3A96%3Ab7%22%2C+%22name%22%3A+%22SERVER1%22%2C+%22serial%22%3A+%7B%22custom%22%3A+false%7D%7D&amp;mode=channels&amp;genre_id=14</property>
					<property name="group">vtv-sam-f</property>
					<property name="isSubmenu">True</property>
				</item>
				<item id="3">
					<property name="id">$NUMBER[3]</property>
					<property name="mainmenuid">3</property>
					<label>VTV2 AT</label>
					<label2>Benutzerdefinierte Einträge</label2>
					<icon>DefaultShortcut.png</icon>
					<thumb />
					<property name="labelID">vtv2at</property>
					<property name="defaultID" />
					<onclick>ActivateWindow(Videos,"plugin://plugin.video.VTV/?genre_name=Live%3A+Austria&amp;portal=%7B%22url%22%3A+%22http%3A%2F%2Ftv.mtbox.hitv.one%22%2C+%22mac%22%3A+%2200%3A1a%3A79%3Ab0%3A4d%3Ae1%22%2C+%22name%22%3A+%22SERVER2%22%2C+%22serial%22%3A+%7B%22custom%22%3A+false%7D%7D&amp;mode=channels&amp;genre_id=4",return)</onclick>
					<property name="path">ActivateWindow(Videos,"plugin://plugin.video.VTV/?genre_name=Live%3A+Austria&amp;portal=%7B%22url%22%3A+%22http%3A%2F%2Ftv.mtbox.hitv.one%22%2C+%22mac%22%3A+%2200%3A1a%3A79%3Ab0%3A4d%3Ae1%22%2C+%22name%22%3A+%22SERVER2%22%2C+%22serial%22%3A+%7B%22custom%22%3A+false%7D%7D&amp;mode=channels&amp;genre_id=4",return)</property>
					<property name="list">plugin://plugin.video.VTV/?genre_name=Live%3A+Austria&amp;portal=%7B%22url%22%3A+%22http%3A%2F%2Ftv.mtbox.hitv.one%22%2C+%22mac%22%3A+%2200%3A1a%3A79%3Ab0%3A4d%3Ae1%22%2C+%22name%22%3A+%22SERVER2%22%2C+%22serial%22%3A+%7B%22custom%22%3A+false%7D%7D&amp;mode=channels&amp;genre_id=4</property>
					<property name="group">vtv-sam-f</property>
					<property name="isSubmenu">True</property>
				</item>
				<item id="4">
					<property name="id">$NUMBER[4]</property>
					<property name="mainmenuid">3</property>
					<label>VTV2 DE</label>
					<label2>Benutzerdefinierte Einträge</label2>
					<icon>DefaultShortcut.png</icon>
					<thumb />
					<property name="labelID">vtv2de</property>
					<property name="defaultID" />
					<onclick>ActivateWindow(Videos,"plugin://plugin.video.VTV/?genre_name=Live%3A+Germany&amp;portal=%7B%22url%22%3A+%22http%3A%2F%2Ftv.mtbox.hitv.one%22%2C+%22mac%22%3A+%2200%3A1a%3A79%3Ab0%3A4d%3Ae1%22%2C+%22name%22%3A+%22SERVER2%22%2C+%22serial%22%3A+%7B%22custom%22%3A+false%7D%7D&amp;mode=channels&amp;genre_id=14",return)</onclick>
					<property name="path">ActivateWindow(Videos,"plugin://plugin.video.VTV/?genre_name=Live%3A+Germany&amp;portal=%7B%22url%22%3A+%22http%3A%2F%2Ftv.mtbox.hitv.one%22%2C+%22mac%22%3A+%2200%3A1a%3A79%3Ab0%3A4d%3Ae1%22%2C+%22name%22%3A+%22SERVER2%22%2C+%22serial%22%3A+%7B%22custom%22%3A+false%7D%7D&amp;mode=channels&amp;genre_id=14",return)</property>
					<property name="list">plugin://plugin.video.VTV/?genre_name=Live%3A+Germany&amp;portal=%7B%22url%22%3A+%22http%3A%2F%2Ftv.mtbox.hitv.one%22%2C+%22mac%22%3A+%2200%3A1a%3A79%3Ab0%3A4d%3Ae1%22%2C+%22name%22%3A+%22SERVER2%22%2C+%22serial%22%3A+%7B%22custom%22%3A+false%7D%7D&amp;mode=channels&amp;genre_id=14</property>
					<property name="group">vtv-sam-f</property>
					<property name="isSubmenu">True</property>
				</item>
				<item id="5">
					<property name="id">$NUMBER[5]</property>
					<property name="mainmenuid">3</property>
					<label>Sam.F.</label>
					<label2>Video Add-On</label2>
					<icon>DefaultShortcut.png</icon>
					<thumb>image://https%3a%2f%2fia902806.us.archive.org%2f24%2fitems%2fgerman1_202002%2fGerman_1.jpg/</thumb>
					<property name="labelID">sam-f</property>
					<property name="defaultID" />
					<onclick>ActivateWindow(Videos,"plugin://plugin.video.Freak_VMOD/?url=https%3A%2F%2Fraw.githubusercontent.com%2Fkodifreak2020%2FVideo_Addon_Menue%2Fmaster%2FGerman_TV_Menue&amp;mode=1&amp;name=%5BB%5DGerman%5B%2FB%5D&amp;fanart=https%3A%2F%2Fia902806.us.archive.org%2F24%2Fitems%2Fgerman1_202002%2FGerman_1.jpg",return)</onclick>
					<property name="path">ActivateWindow(Videos,"plugin://plugin.video.Freak_VMOD/?url=https%3A%2F%2Fraw.githubusercontent.com%2Fkodifreak2020%2FVideo_Addon_Menue%2Fmaster%2FGerman_TV_Menue&amp;mode=1&amp;name=%5BB%5DGerman%5B%2FB%5D&amp;fanart=https%3A%2F%2Fia902806.us.archive.org%2F24%2Fitems%2Fgerman1_202002%2FGerman_1.jpg",return)</property>
					<property name="list">plugin://plugin.video.Freak_VMOD/?url=https%3A%2F%2Fraw.githubusercontent.com%2Fkodifreak2020%2FVideo_Addon_Menue%2Fmaster%2FGerman_TV_Menue&amp;mode=1&amp;name=%5BB%5DGerman%5B%2FB%5D&amp;fanart=https%3A%2F%2Fia902806.us.archive.org%2F24%2Fitems%2Fgerman1_202002%2FGerman_1.jpg</property>
					<property name="group">vtv-sam-f</property>
					<property name="isSubmenu">True</property>
				</item>
			</content>
		</control>
		<control id="9901" type="fixedlist">
			<visible>Skin.HasSetting(Touchmode)</visible>
			<visible>String.IsEqual(Container(9000).ListItem.Property(submenuVisibility),vtv-sam-f)</visible>
			<left>60</left>
			<top>43</top>
			<width>1800</width>
			<height>60</height>
			<onup>9000</onup>
			<ondown>20</ondown>
			<itemgap>0</itemgap>
			<focusposition>0</focusposition>
			<movement>4</movement>
			<orientation>Horizontal</orientation>
			<itemlayout height="60" width="360">
				<control type="label">
					<left>10</left>
					<top>0</top>
					<width>340</width>
					<height>60</height>
					<align>center</align>
					<aligny>center</aligny>
					<font>menu.title</font>
					<textcolor>white</textcolor>
					<info>ListItem.Label</info>
				</control>
			</itemlayout>
			<focusedlayout height="90" width="360">
				<control type="image">
					<left>0</left>
					<top>0</top>
					<width>361</width>
					<height>60</height>
					<texture colordiffuse="$INFO[Skin.String(color.500)]">backgrounds/white.png</texture>
					<visible>Control.HasFocus(9901)</visible>
				</control>
				<control type="label">
					<left>10</left>
					<top>0</top>
					<width>340</width>
					<height>60</height>
					<align>center</align>
					<aligny>center</aligny>
					<font>menu.title</font>
					<textcolor>white</textcolor>
					<shadowcolor>black</shadowcolor>
					<info>ListItem.Label</info>
					<visible>Control.HasFocus(9901)</visible>
				</control>
				<control type="label">
					<left>10</left>
					<top>0</top>
					<width>340</width>
					<height>60</height>
					<align>center</align>
					<aligny>center</aligny>
					<font>menu.title</font>
					<textcolor>white</textcolor>
					<info>ListItem.Label</info>
					<visible>!Control.HasFocus(9901)</visible>
				</control>
			</focusedlayout>
			<content>
				<item id="1">
					<property name="id">$NUMBER[1]</property>
					<property name="mainmenuid">3</property>
					<label>VTV1 AT</label>
					<label2>Video Add-On</label2>
					<icon>DefaultShortcut.png</icon>
					<thumb>image://special://home/addons%5cplugin.video.VTV%5cicon.png/</thumb>
					<property name="labelID">vtv1at</property>
					<property name="defaultID" />
					<onclick>ActivateWindow(Videos,"plugin://plugin.video.VTV/?genre_name=Live%3A+Austria&amp;portal=%7B%22url%22%3A+%22http%3A%2F%2Ftv.mtbox.hitv.one%22%2C+%22mac%22%3A+%2200%3A1a%3A79%3Ab4%3A96%3Ab7%22%2C+%22name%22%3A+%22SERVER1%22%2C+%22serial%22%3A+%7B%22custom%22%3A+false%7D%7D&amp;mode=channels&amp;genre_id=4",return)</onclick>
					<property name="path">ActivateWindow(Videos,"plugin://plugin.video.VTV/?genre_name=Live%3A+Austria&amp;portal=%7B%22url%22%3A+%22http%3A%2F%2Ftv.mtbox.hitv.one%22%2C+%22mac%22%3A+%2200%3A1a%3A79%3Ab4%3A96%3Ab7%22%2C+%22name%22%3A+%22SERVER1%22%2C+%22serial%22%3A+%7B%22custom%22%3A+false%7D%7D&amp;mode=channels&amp;genre_id=4",return)</property>
					<property name="list">plugin://plugin.video.VTV/?genre_name=Live%3A+Austria&amp;portal=%7B%22url%22%3A+%22http%3A%2F%2Ftv.mtbox.hitv.one%22%2C+%22mac%22%3A+%2200%3A1a%3A79%3Ab4%3A96%3Ab7%22%2C+%22name%22%3A+%22SERVER1%22%2C+%22serial%22%3A+%7B%22custom%22%3A+false%7D%7D&amp;mode=channels&amp;genre_id=4</property>
					<property name="group">vtv-sam-f</property>
					<property name="isSubmenu">True</property>
				</item>
				<item id="2">
					<property name="id">$NUMBER[2]</property>
					<property name="mainmenuid">3</property>
					<label>VTV 1 DE</label>
					<label2>Video Add-On</label2>
					<icon>DefaultShortcut.png</icon>
					<thumb>image://special://home/addons%5cplugin.video.VTV%5cicon.png/</thumb>
					<property name="labelID">vtv1de</property>
					<property name="defaultID" />
					<onclick>ActivateWindow(Videos,"plugin://plugin.video.VTV/?genre_name=Live%3A+Germany&amp;portal=%7B%22url%22%3A+%22http%3A%2F%2Ftv.mtbox.hitv.one%22%2C+%22mac%22%3A+%2200%3A1a%3A79%3Ab4%3A96%3Ab7%22%2C+%22name%22%3A+%22SERVER1%22%2C+%22serial%22%3A+%7B%22custom%22%3A+false%7D%7D&amp;mode=channels&amp;genre_id=14",return)</onclick>
					<property name="path">ActivateWindow(Videos,"plugin://plugin.video.VTV/?genre_name=Live%3A+Germany&amp;portal=%7B%22url%22%3A+%22http%3A%2F%2Ftv.mtbox.hitv.one%22%2C+%22mac%22%3A+%2200%3A1a%3A79%3Ab4%3A96%3Ab7%22%2C+%22name%22%3A+%22SERVER1%22%2C+%22serial%22%3A+%7B%22custom%22%3A+false%7D%7D&amp;mode=channels&amp;genre_id=14",return)</property>
					<property name="list">plugin://plugin.video.VTV/?genre_name=Live%3A+Germany&amp;portal=%7B%22url%22%3A+%22http%3A%2F%2Ftv.mtbox.hitv.one%22%2C+%22mac%22%3A+%2200%3A1a%3A79%3Ab4%3A96%3Ab7%22%2C+%22name%22%3A+%22SERVER1%22%2C+%22serial%22%3A+%7B%22custom%22%3A+false%7D%7D&amp;mode=channels&amp;genre_id=14</property>
					<property name="group">vtv-sam-f</property>
					<property name="isSubmenu">True</property>
				</item>
				<item id="3">
					<property name="id">$NUMBER[3]</property>
					<property name="mainmenuid">3</property>
					<label>VTV2 AT</label>
					<label2>Benutzerdefinierte Einträge</label2>
					<icon>DefaultShortcut.png</icon>
					<thumb />
					<property name="labelID">vtv2at</property>
					<property name="defaultID" />
					<onclick>ActivateWindow(Videos,"plugin://plugin.video.VTV/?genre_name=Live%3A+Austria&amp;portal=%7B%22url%22%3A+%22http%3A%2F%2Ftv.mtbox.hitv.one%22%2C+%22mac%22%3A+%2200%3A1a%3A79%3Ab0%3A4d%3Ae1%22%2C+%22name%22%3A+%22SERVER2%22%2C+%22serial%22%3A+%7B%22custom%22%3A+false%7D%7D&amp;mode=channels&amp;genre_id=4",return)</onclick>
					<property name="path">ActivateWindow(Videos,"plugin://plugin.video.VTV/?genre_name=Live%3A+Austria&amp;portal=%7B%22url%22%3A+%22http%3A%2F%2Ftv.mtbox.hitv.one%22%2C+%22mac%22%3A+%2200%3A1a%3A79%3Ab0%3A4d%3Ae1%22%2C+%22name%22%3A+%22SERVER2%22%2C+%22serial%22%3A+%7B%22custom%22%3A+false%7D%7D&amp;mode=channels&amp;genre_id=4",return)</property>
					<property name="list">plugin://plugin.video.VTV/?genre_name=Live%3A+Austria&amp;portal=%7B%22url%22%3A+%22http%3A%2F%2Ftv.mtbox.hitv.one%22%2C+%22mac%22%3A+%2200%3A1a%3A79%3Ab0%3A4d%3Ae1%22%2C+%22name%22%3A+%22SERVER2%22%2C+%22serial%22%3A+%7B%22custom%22%3A+false%7D%7D&amp;mode=channels&amp;genre_id=4</property>
					<property name="group">vtv-sam-f</property>
					<property name="isSubmenu">True</property>
				</item>
				<item id="4">
					<property name="id">$NUMBER[4]</property>
					<property name="mainmenuid">3</property>
					<label>VTV2 DE</label>
					<label2>Benutzerdefinierte Einträge</label2>
					<icon>DefaultShortcut.png</icon>
					<thumb />
					<property name="labelID">vtv2de</property>
					<property name="defaultID" />
					<onclick>ActivateWindow(Videos,"plugin://plugin.video.VTV/?genre_name=Live%3A+Germany&amp;portal=%7B%22url%22%3A+%22http%3A%2F%2Ftv.mtbox.hitv.one%22%2C+%22mac%22%3A+%2200%3A1a%3A79%3Ab0%3A4d%3Ae1%22%2C+%22name%22%3A+%22SERVER2%22%2C+%22serial%22%3A+%7B%22custom%22%3A+false%7D%7D&amp;mode=channels&amp;genre_id=14",return)</onclick>
					<property name="path">ActivateWindow(Videos,"plugin://plugin.video.VTV/?genre_name=Live%3A+Germany&amp;portal=%7B%22url%22%3A+%22http%3A%2F%2Ftv.mtbox.hitv.one%22%2C+%22mac%22%3A+%2200%3A1a%3A79%3Ab0%3A4d%3Ae1%22%2C+%22name%22%3A+%22SERVER2%22%2C+%22serial%22%3A+%7B%22custom%22%3A+false%7D%7D&amp;mode=channels&amp;genre_id=14",return)</property>
					<property name="list">plugin://plugin.video.VTV/?genre_name=Live%3A+Germany&amp;portal=%7B%22url%22%3A+%22http%3A%2F%2Ftv.mtbox.hitv.one%22%2C+%22mac%22%3A+%2200%3A1a%3A79%3Ab0%3A4d%3Ae1%22%2C+%22name%22%3A+%22SERVER2%22%2C+%22serial%22%3A+%7B%22custom%22%3A+false%7D%7D&amp;mode=channels&amp;genre_id=14</property>
					<property name="group">vtv-sam-f</property>
					<property name="isSubmenu">True</property>
				</item>
				<item id="5">
					<property name="id">$NUMBER[5]</property>
					<property name="mainmenuid">3</property>
					<label>Sam.F.</label>
					<label2>Video Add-On</label2>
					<icon>DefaultShortcut.png</icon>
					<thumb>image://https%3a%2f%2fia902806.us.archive.org%2f24%2fitems%2fgerman1_202002%2fGerman_1.jpg/</thumb>
					<property name="labelID">sam-f</property>
					<property name="defaultID" />
					<onclick>ActivateWindow(Videos,"plugin://plugin.video.Freak_VMOD/?url=https%3A%2F%2Fraw.githubusercontent.com%2Fkodifreak2020%2FVideo_Addon_Menue%2Fmaster%2FGerman_TV_Menue&amp;mode=1&amp;name=%5BB%5DGerman%5B%2FB%5D&amp;fanart=https%3A%2F%2Fia902806.us.archive.org%2F24%2Fitems%2Fgerman1_202002%2FGerman_1.jpg",return)</onclick>
					<property name="path">ActivateWindow(Videos,"plugin://plugin.video.Freak_VMOD/?url=https%3A%2F%2Fraw.githubusercontent.com%2Fkodifreak2020%2FVideo_Addon_Menue%2Fmaster%2FGerman_TV_Menue&amp;mode=1&amp;name=%5BB%5DGerman%5B%2FB%5D&amp;fanart=https%3A%2F%2Fia902806.us.archive.org%2F24%2Fitems%2Fgerman1_202002%2FGerman_1.jpg",return)</property>
					<property name="list">plugin://plugin.video.Freak_VMOD/?url=https%3A%2F%2Fraw.githubusercontent.com%2Fkodifreak2020%2FVideo_Addon_Menue%2Fmaster%2FGerman_TV_Menue&amp;mode=1&amp;name=%5BB%5DGerman%5B%2FB%5D&amp;fanart=https%3A%2F%2Fia902806.us.archive.org%2F24%2Fitems%2Fgerman1_202002%2FGerman_1.jpg</property>
					<property name="group">vtv-sam-f</property>
					<property name="isSubmenu">True</property>
				</item>
			</content>
		</control>
		<control id="9901" type="fixedlist">
			<visible>!Skin.HasSetting(Touchmode)</visible>
			<animation condition="!Control.HasFocus(9901)" effect="fade" end="0" start="100" time="100">Conditional</animation>
			<visible>String.IsEqual(Container(9000).ListItem.Property(submenuVisibility),streams)</visible>
			<left>60</left>
			<top>10</top>
			<width>1800</width>
			<height>92</height>
			<onup>9000</onup>
			<ondown>20</ondown>
			<itemgap>0</itemgap>
			<focusposition>0</focusposition>
			<movement>4</movement>
			<orientation>Horizontal</orientation>
			<itemlayout height="92" width="360">
				<control type="label">
					<left>10</left>
					<top>0</top>
					<width>340</width>
					<height>92</height>
					<align>center</align>
					<aligny>center</aligny>
					<font>menu.title</font>
					<textcolor>white</textcolor>
					<info>ListItem.Label</info>
				</control>
			</itemlayout>
			<focusedlayout height="90" width="360">
				<control type="image">
					<left>0</left>
					<top>0</top>
					<width>361</width>
					<height>92</height>
					<texture colordiffuse="$INFO[Skin.String(color.500)]">backgrounds/white.png</texture>
					<visible>Control.HasFocus(9901)</visible>
				</control>
				<control type="label">
					<left>10</left>
					<top>0</top>
					<width>340</width>
					<height>92</height>
					<align>center</align>
					<aligny>center</aligny>
					<font>menu.title</font>
					<textcolor>white</textcolor>
					<shadowcolor>black</shadowcolor>
					<info>ListItem.Label</info>
					<visible>Control.HasFocus(9901)</visible>
				</control>
				<control type="label">
					<left>10</left>
					<top>0</top>
					<width>340</width>
					<height>92</height>
					<align>center</align>
					<aligny>center</aligny>
					<font>menu.title</font>
					<textcolor>white</textcolor>
					<info>ListItem.Label</info>
					<visible>!Control.HasFocus(9901)</visible>
				</control>
			</focusedlayout>
			<content>
				<item id="1">
					<property name="id">$NUMBER[1]</property>
					<property name="mainmenuid">4</property>
					<label>ORF</label>
					<label2>Benutzerdefinierte Einträge</label2>
					<icon>DefaultShortcut.png</icon>
					<thumb />
					<property name="labelID">orf</property>
					<property name="defaultID" />
					<onclick>noop</onclick>
					<property name="path">noop</property>
					<property name="list">noop</property>
					<property name="group">streams</property>
					<property name="isSubmenu">True</property>
				</item>
				<item id="2">
					<property name="id">$NUMBER[2]</property>
					<property name="mainmenuid">4</property>
					<label>ZDF ARD usw</label>
					<label2>Benutzerdefinierte Einträge</label2>
					<icon>DefaultShortcut.png</icon>
					<thumb />
					<property name="labelID">zdfardusw</property>
					<property name="defaultID" />
					<onclick>noop</onclick>
					<property name="path">noop</property>
					<property name="list">noop</property>
					<property name="group">streams</property>
					<property name="isSubmenu">True</property>
				</item>
				<item id="3">
					<property name="id">$NUMBER[3]</property>
					<property name="mainmenuid">4</property>
					<label>VavooTV</label>
					<label2>Video Add-On</label2>
					<icon>DefaultShortcut.png</icon>
					<thumb>image://C%3a%5cUsers%5cRonald%5cAppData%5cRoaming%5cKodi%5caddons%5cplugin.video.vatv%5cicon.png/</thumb>
					<property name="labelID">plugin.video.vatv</property>
					<property name="defaultID">plugin.video.vatv</property>
					<property name="translatedPath">ActivateWindow(Videos,"plugin://plugin.video.vatv",return)</property>
					<onclick>ActivateWindow(Videos,"plugin://plugin.video.vatv",return)</onclick>
					<property name="path">ActivateWindow(Videos,"plugin://plugin.video.vatv",return)</property>
					<property name="list">plugin://plugin.video.vatv</property>
					<property name="group">streams</property>
					<property name="isSubmenu">True</property>
				</item>
				<item id="4">
					<property name="id">$NUMBER[4]</property>
					<property name="mainmenuid">4</property>
					<label>$LOCALIZE[744]</label>
					<label2>item</label2>
					<icon>DefaultFolder.png</icon>
					<thumb />
					<property name="labelID">744</property>
					<property name="defaultID">744</property>
					<onclick>ActivateWindow(Videos,sources://video/,return)</onclick>
					<property name="path">ActivateWindow(Videos,sources://video/,return)</property>
					<property name="list">sources://video/</property>
					<property name="group">streams</property>
					<property name="isSubmenu">True</property>
				</item>
				<item id="5">
					<property name="id">$NUMBER[5]</property>
					<property name="mainmenuid">4</property>
					<label>$LOCALIZE[1037]</label>
					<label2>Videos</label2>
					<icon>DefaultAddonVideo.png</icon>
					<thumb />
					<property name="labelID">1037</property>
					<property name="defaultID">1037</property>
					<property name="translatedPath">ActivateWindow(Videos,Addons,return)</property>
					<onclick>ActivateWindow(Videos,Addons,return)</onclick>
					<property name="path">ActivateWindow(Videos,Addons,return)</property>
					<property name="list">Addons</property>
					<property name="group">streams</property>
					<property name="isSubmenu">True</property>
				</item>
			</content>
		</control>
		<control id="9901" type="fixedlist">
			<visible>Skin.HasSetting(Touchmode)</visible>
			<visible>String.IsEqual(Container(9000).ListItem.Property(submenuVisibility),streams)</visible>
			<left>60</left>
			<top>43</top>
			<width>1800</width>
			<height>60</height>
			<onup>9000</onup>
			<ondown>20</ondown>
			<itemgap>0</itemgap>
			<focusposition>0</focusposition>
			<movement>4</movement>
			<orientation>Horizontal</orientation>
			<itemlayout height="60" width="360">
				<control type="label">
					<left>10</left>
					<top>0</top>
					<width>340</width>
					<height>60</height>
					<align>center</align>
					<aligny>center</aligny>
					<font>menu.title</font>
					<textcolor>white</textcolor>
					<info>ListItem.Label</info>
				</control>
			</itemlayout>
			<focusedlayout height="90" width="360">
				<control type="image">
					<left>0</left>
					<top>0</top>
					<width>361</width>
					<height>60</height>
					<texture colordiffuse="$INFO[Skin.String(color.500)]">backgrounds/white.png</texture>
					<visible>Control.HasFocus(9901)</visible>
				</control>
				<control type="label">
					<left>10</left>
					<top>0</top>
					<width>340</width>
					<height>60</height>
					<align>center</align>
					<aligny>center</aligny>
					<font>menu.title</font>
					<textcolor>white</textcolor>
					<shadowcolor>black</shadowcolor>
					<info>ListItem.Label</info>
					<visible>Control.HasFocus(9901)</visible>
				</control>
				<control type="label">
					<left>10</left>
					<top>0</top>
					<width>340</width>
					<height>60</height>
					<align>center</align>
					<aligny>center</aligny>
					<font>menu.title</font>
					<textcolor>white</textcolor>
					<info>ListItem.Label</info>
					<visible>!Control.HasFocus(9901)</visible>
				</control>
			</focusedlayout>
			<content>
				<item id="1">
					<property name="id">$NUMBER[1]</property>
					<property name="mainmenuid">4</property>
					<label>ORF</label>
					<label2>Benutzerdefinierte Einträge</label2>
					<icon>DefaultShortcut.png</icon>
					<thumb />
					<property name="labelID">orf</property>
					<property name="defaultID" />
					<onclick>noop</onclick>
					<property name="path">noop</property>
					<property name="list">noop</property>
					<property name="group">streams</property>
					<property name="isSubmenu">True</property>
				</item>
				<item id="2">
					<property name="id">$NUMBER[2]</property>
					<property name="mainmenuid">4</property>
					<label>ZDF ARD usw</label>
					<label2>Benutzerdefinierte Einträge</label2>
					<icon>DefaultShortcut.png</icon>
					<thumb />
					<property name="labelID">zdfardusw</property>
					<property name="defaultID" />
					<onclick>noop</onclick>
					<property name="path">noop</property>
					<property name="list">noop</property>
					<property name="group">streams</property>
					<property name="isSubmenu">True</property>
				</item>
				<item id="3">
					<property name="id">$NUMBER[3]</property>
					<property name="mainmenuid">4</property>
					<label>VavooTV</label>
					<label2>Video Add-On</label2>
					<icon>DefaultShortcut.png</icon>
					<thumb>image://C%3a%5cUsers%5cRonald%5cAppData%5cRoaming%5cKodi%5caddons%5cplugin.video.vatv%5cicon.png/</thumb>
					<property name="labelID">plugin.video.vatv</property>
					<property name="defaultID">plugin.video.vatv</property>
					<property name="translatedPath">ActivateWindow(Videos,"plugin://plugin.video.vatv",return)</property>
					<onclick>ActivateWindow(Videos,"plugin://plugin.video.vatv",return)</onclick>
					<property name="path">ActivateWindow(Videos,"plugin://plugin.video.vatv",return)</property>
					<property name="list">plugin://plugin.video.vatv</property>
					<property name="group">streams</property>
					<property name="isSubmenu">True</property>
				</item>
				<item id="4">
					<property name="id">$NUMBER[4]</property>
					<property name="mainmenuid">4</property>
					<label>$LOCALIZE[744]</label>
					<label2>item</label2>
					<icon>DefaultFolder.png</icon>
					<thumb />
					<property name="labelID">744</property>
					<property name="defaultID">744</property>
					<onclick>ActivateWindow(Videos,sources://video/,return)</onclick>
					<property name="path">ActivateWindow(Videos,sources://video/,return)</property>
					<property name="list">sources://video/</property>
					<property name="group">streams</property>
					<property name="isSubmenu">True</property>
				</item>
				<item id="5">
					<property name="id">$NUMBER[5]</property>
					<property name="mainmenuid">4</property>
					<label>$LOCALIZE[1037]</label>
					<label2>Videos</label2>
					<icon>DefaultAddonVideo.png</icon>
					<thumb />
					<property name="labelID">1037</property>
					<property name="defaultID">1037</property>
					<property name="translatedPath">ActivateWindow(Videos,Addons,return)</property>
					<onclick>ActivateWindow(Videos,Addons,return)</onclick>
					<property name="path">ActivateWindow(Videos,Addons,return)</property>
					<property name="list">Addons</property>
					<property name="group">streams</property>
					<property name="isSubmenu">True</property>
				</item>
			</content>
		</control>
		<control id="9901" type="fixedlist">
			<visible>!Skin.HasSetting(Touchmode)</visible>
			<animation condition="!Control.HasFocus(9901)" effect="fade" end="0" start="100" time="100">Conditional</animation>
			<visible>String.IsEqual(Container(9000).ListItem.Property(submenuVisibility),audio)</visible>
			<left>60</left>
			<top>10</top>
			<width>1800</width>
			<height>92</height>
			<onup>9000</onup>
			<ondown>20</ondown>
			<itemgap>0</itemgap>
			<focusposition>0</focusposition>
			<movement>4</movement>
			<orientation>Horizontal</orientation>
			<itemlayout height="92" width="360">
				<control type="label">
					<left>10</left>
					<top>0</top>
					<width>340</width>
					<height>92</height>
					<align>center</align>
					<aligny>center</aligny>
					<font>menu.title</font>
					<textcolor>white</textcolor>
					<info>ListItem.Label</info>
				</control>
			</itemlayout>
			<focusedlayout height="90" width="360">
				<control type="image">
					<left>0</left>
					<top>0</top>
					<width>361</width>
					<height>92</height>
					<texture colordiffuse="$INFO[Skin.String(color.500)]">backgrounds/white.png</texture>
					<visible>Control.HasFocus(9901)</visible>
				</control>
				<control type="label">
					<left>10</left>
					<top>0</top>
					<width>340</width>
					<height>92</height>
					<align>center</align>
					<aligny>center</aligny>
					<font>menu.title</font>
					<textcolor>white</textcolor>
					<shadowcolor>black</shadowcolor>
					<info>ListItem.Label</info>
					<visible>Control.HasFocus(9901)</visible>
				</control>
				<control type="label">
					<left>10</left>
					<top>0</top>
					<width>340</width>
					<height>92</height>
					<align>center</align>
					<aligny>center</aligny>
					<font>menu.title</font>
					<textcolor>white</textcolor>
					<info>ListItem.Label</info>
					<visible>!Control.HasFocus(9901)</visible>
				</control>
			</focusedlayout>
			<content>
				<item id="1">
					<property name="id">$NUMBER[1]</property>
					<property name="mainmenuid">5</property>
					<label>Radio</label>
					<label2>Musik Add-On</label2>
					<icon>DefaultShortcut.png</icon>
					<thumb>image://special://home/addons%5cplugin.audio.radio_de%5cicon.png/</thumb>
					<property name="labelID">plugin.audio.radio_de</property>
					<property name="defaultID">plugin.audio.radio_de</property>
					<onclick>ActivateWindow(Music,"plugin://plugin.audio.radio_de",return)</onclick>
					<property name="path">ActivateWindow(Music,"plugin://plugin.audio.radio_de",return)</property>
					<property name="list">plugin://plugin.audio.radio_de</property>
					<property name="group">audio</property>
					<property name="isSubmenu">True</property>
				</item>
				<item id="2">
					<property name="id">$NUMBER[2]</property>
					<property name="mainmenuid">5</property>
					<label>TuneIn2017</label>
					<label2>Musik Add-On</label2>
					<icon>DefaultShortcut.png</icon>
					<thumb>image://special://home/addons%5cplugin.audio.tunein2017%5cicon.png/</thumb>
					<property name="labelID">plugin.audio.tunein2017</property>
					<property name="defaultID">plugin.audio.tunein2017</property>
					<onclick>ActivateWindow(Music,"plugin://plugin.audio.tunein2017",return)</onclick>
					<property name="path">ActivateWindow(Music,"plugin://plugin.audio.tunein2017",return)</property>
					<property name="list">plugin://plugin.audio.tunein2017</property>
					<property name="group">audio</property>
					<property name="isSubmenu">True</property>
				</item>
				<item id="3">
					<property name="id">$NUMBER[3]</property>
					<property name="mainmenuid">5</property>
					<label>MP3 Streams</label>
					<label2>Musik Add-On</label2>
					<icon>DefaultShortcut.png</icon>
					<thumb>image://special://home/addons%5cplugin.audio.mp3streams%5cicon.png/</thumb>
					<property name="labelID">plugin.audio.mp3streams</property>
					<property name="defaultID">plugin.audio.mp3streams</property>
					<onclick>ActivateWindow(Music,"plugin://plugin.audio.mp3streams",return)</onclick>
					<property name="path">ActivateWindow(Music,"plugin://plugin.audio.mp3streams",return)</property>
					<property name="list">plugin://plugin.audio.mp3streams</property>
					<property name="group">audio</property>
					<property name="isSubmenu">True</property>
				</item>
				<item id="4">
					<property name="id">$NUMBER[4]</property>
					<property name="mainmenuid">5</property>
					<label>Youtube Music</label>
					<label2>Musik Add-On</label2>
					<icon>DefaultShortcut.png</icon>
					<thumb>image://special://home/addons%5cplugin.video.spotitube%5cicon.png/</thumb>
					<property name="labelID">plugin.video.spotitube</property>
					<property name="defaultID">plugin.video.spotitube</property>
					<onclick>ActivateWindow(Music,"plugin://plugin.video.spotitube",return)</onclick>
					<property name="path">ActivateWindow(Music,"plugin://plugin.video.spotitube",return)</property>
					<property name="list">plugin://plugin.video.spotitube</property>
					<property name="group">audio</property>
					<property name="isSubmenu">True</property>
				</item>
			</content>
		</control>
		<control id="9901" type="fixedlist">
			<visible>Skin.HasSetting(Touchmode)</visible>
			<visible>String.IsEqual(Container(9000).ListItem.Property(submenuVisibility),audio)</visible>
			<left>60</left>
			<top>43</top>
			<width>1800</width>
			<height>60</height>
			<onup>9000</onup>
			<ondown>20</ondown>
			<itemgap>0</itemgap>
			<focusposition>0</focusposition>
			<movement>4</movement>
			<orientation>Horizontal</orientation>
			<itemlayout height="60" width="360">
				<control type="label">
					<left>10</left>
					<top>0</top>
					<width>340</width>
					<height>60</height>
					<align>center</align>
					<aligny>center</aligny>
					<font>menu.title</font>
					<textcolor>white</textcolor>
					<info>ListItem.Label</info>
				</control>
			</itemlayout>
			<focusedlayout height="90" width="360">
				<control type="image">
					<left>0</left>
					<top>0</top>
					<width>361</width>
					<height>60</height>
					<texture colordiffuse="$INFO[Skin.String(color.500)]">backgrounds/white.png</texture>
					<visible>Control.HasFocus(9901)</visible>
				</control>
				<control type="label">
					<left>10</left>
					<top>0</top>
					<width>340</width>
					<height>60</height>
					<align>center</align>
					<aligny>center</aligny>
					<font>menu.title</font>
					<textcolor>white</textcolor>
					<shadowcolor>black</shadowcolor>
					<info>ListItem.Label</info>
					<visible>Control.HasFocus(9901)</visible>
				</control>
				<control type="label">
					<left>10</left>
					<top>0</top>
					<width>340</width>
					<height>60</height>
					<align>center</align>
					<aligny>center</aligny>
					<font>menu.title</font>
					<textcolor>white</textcolor>
					<info>ListItem.Label</info>
					<visible>!Control.HasFocus(9901)</visible>
				</control>
			</focusedlayout>
			<content>
				<item id="1">
					<property name="id">$NUMBER[1]</property>
					<property name="mainmenuid">5</property>
					<label>Radio</label>
					<label2>Musik Add-On</label2>
					<icon>DefaultShortcut.png</icon>
					<thumb>image://special://home/addons%5cplugin.audio.radio_de%5cicon.png/</thumb>
					<property name="labelID">plugin.audio.radio_de</property>
					<property name="defaultID">plugin.audio.radio_de</property>
					<onclick>ActivateWindow(Music,"plugin://plugin.audio.radio_de",return)</onclick>
					<property name="path">ActivateWindow(Music,"plugin://plugin.audio.radio_de",return)</property>
					<property name="list">plugin://plugin.audio.radio_de</property>
					<property name="group">audio</property>
					<property name="isSubmenu">True</property>
				</item>
				<item id="2">
					<property name="id">$NUMBER[2]</property>
					<property name="mainmenuid">5</property>
					<label>TuneIn2017</label>
					<label2>Musik Add-On</label2>
					<icon>DefaultShortcut.png</icon>
					<thumb>image://special://home/addons%5cplugin.audio.tunein2017%5cicon.png/</thumb>
					<property name="labelID">plugin.audio.tunein2017</property>
					<property name="defaultID">plugin.audio.tunein2017</property>
					<onclick>ActivateWindow(Music,"plugin://plugin.audio.tunein2017",return)</onclick>
					<property name="path">ActivateWindow(Music,"plugin://plugin.audio.tunein2017",return)</property>
					<property name="list">plugin://plugin.audio.tunein2017</property>
					<property name="group">audio</property>
					<property name="isSubmenu">True</property>
				</item>
				<item id="3">
					<property name="id">$NUMBER[3]</property>
					<property name="mainmenuid">5</property>
					<label>MP3 Streams</label>
					<label2>Musik Add-On</label2>
					<icon>DefaultShortcut.png</icon>
					<thumb>image://special://home/addons%5cplugin.audio.mp3streams%5cicon.png/</thumb>
					<property name="labelID">plugin.audio.mp3streams</property>
					<property name="defaultID">plugin.audio.mp3streams</property>
					<onclick>ActivateWindow(Music,"plugin://plugin.audio.mp3streams",return)</onclick>
					<property name="path">ActivateWindow(Music,"plugin://plugin.audio.mp3streams",return)</property>
					<property name="list">plugin://plugin.audio.mp3streams</property>
					<property name="group">audio</property>
					<property name="isSubmenu">True</property>
				</item>
				<item id="4">
					<property name="id">$NUMBER[4]</property>
					<property name="mainmenuid">5</property>
					<label>Youtube Music</label>
					<label2>Musik Add-On</label2>
					<icon>DefaultShortcut.png</icon>
					<thumb>image://special://home/addons%5cplugin.video.spotitube%5cicon.png/</thumb>
					<property name="labelID">plugin.video.spotitube</property>
					<property name="defaultID">plugin.video.spotitube</property>
					<onclick>ActivateWindow(Music,"plugin://plugin.video.spotitube",return)</onclick>
					<property name="path">ActivateWindow(Music,"plugin://plugin.video.spotitube",return)</property>
					<property name="list">plugin://plugin.video.spotitube</property>
					<property name="group">audio</property>
					<property name="isSubmenu">True</property>
				</item>
			</content>
		</control>
		<control id="9901" type="fixedlist">
			<visible>!Skin.HasSetting(Touchmode)</visible>
			<animation condition="!Control.HasFocus(9901)" effect="fade" end="0" start="100" time="100">Conditional</animation>
			<visible>String.IsEqual(Container(9000).ListItem.Property(submenuVisibility),tools)</visible>
			<left>60</left>
			<top>10</top>
			<width>1800</width>
			<height>92</height>
			<onup>9000</onup>
			<ondown>20</ondown>
			<itemgap>0</itemgap>
			<focusposition>0</focusposition>
			<movement>4</movement>
			<orientation>Horizontal</orientation>
			<itemlayout height="92" width="360">
				<control type="label">
					<left>10</left>
					<top>0</top>
					<width>340</width>
					<height>92</height>
					<align>center</align>
					<aligny>center</aligny>
					<font>menu.title</font>
					<textcolor>white</textcolor>
					<info>ListItem.Label</info>
				</control>
			</itemlayout>
			<focusedlayout height="90" width="360">
				<control type="image">
					<left>0</left>
					<top>0</top>
					<width>361</width>
					<height>92</height>
					<texture colordiffuse="$INFO[Skin.String(color.500)]">backgrounds/white.png</texture>
					<visible>Control.HasFocus(9901)</visible>
				</control>
				<control type="label">
					<left>10</left>
					<top>0</top>
					<width>340</width>
					<height>92</height>
					<align>center</align>
					<aligny>center</aligny>
					<font>menu.title</font>
					<textcolor>white</textcolor>
					<shadowcolor>black</shadowcolor>
					<info>ListItem.Label</info>
					<visible>Control.HasFocus(9901)</visible>
				</control>
				<control type="label">
					<left>10</left>
					<top>0</top>
					<width>340</width>
					<height>92</height>
					<align>center</align>
					<aligny>center</aligny>
					<font>menu.title</font>
					<textcolor>white</textcolor>
					<info>ListItem.Label</info>
					<visible>!Control.HasFocus(9901)</visible>
				</control>
			</focusedlayout>
			<content>
				<item id="1">
					<property name="id">$NUMBER[1]</property>
					<property name="mainmenuid">6</property>
					<label>Speed Tester</label>
					<label2>Programm</label2>
					<icon>DefaultAddon.png</icon>
					<thumb>image://C%3a%5cProgram%20Files%5cKoditest%5cportable_data%5caddons%5cscript.speedtester%5cresources%5cmedia%5cicon.png/</thumb>
					<property name="labelID">script.speedtester</property>
					<property name="defaultID">script.speedtester</property>
					<onclick>RunAddOn(script.speedtester)</onclick>
					<property name="path">RunAddOn(script.speedtester)</property>
					<property name="list">RunAddOn(script.speedtester)</property>
					<property name="group">tools</property>
					<property name="isSubmenu">True</property>
				</item>
				<item id="2">
					<property name="id">$NUMBER[2]</property>
					<property name="mainmenuid">6</property>
					<label>K. Updater</label>
					<label2>Programm</label2>
					<icon>DefaultAddon.png</icon>
					<thumb>image://C%3a%5cProgram%20Files%5cKoditest%5cportable_data%5caddons%5cscript.kangool.update%5cicon.png/</thumb>
					<property name="labelID">script.kangool.update</property>
					<property name="defaultID">script.kangool.update</property>
					<onclick>RunAddOn(script.kangool.update)</onclick>
					<property name="path">RunAddOn(script.kangool.update)</property>
					<property name="list">RunAddOn(script.kangool.update)</property>
					<property name="group">tools</property>
					<property name="isSubmenu">True</property>
				</item>
				<item id="3">
					<property name="id">$NUMBER[3]</property>
					<property name="mainmenuid">6</property>
					<label>K.U.Settings</label>
					<label2>Benutzerdefinierte Einträge</label2>
					<icon>DefaultShortcut.png</icon>
					<thumb />
					<property name="labelID">k-u-settings</property>
					<property name="defaultID" />
					<onclick>Addon.openSettings(script.kangool.update)</onclick>
					<property name="path">Addon.openSettings(script.kangool.update)</property>
					<property name="list">Addon.openSettings(script.kangool.update)</property>
					<property name="group">tools</property>
					<property name="isSubmenu">True</property>
				</item>
				<item id="4">
					<property name="id">$NUMBER[4]</property>
					<property name="mainmenuid">6</property>
					<label>Beenden</label>
					<label2>Benutzerdefinierte Einträge</label2>
					<icon>DefaultShortcut.png</icon>
					<thumb />
					<property name="labelID">beenden</property>
					<property name="defaultID" />
					<visible>System.ShowExitButton</visible>
					<onclick>Quit</onclick>
					<property name="path">Quit</property>
					<property name="list">Quit</property>
					<property name="group">tools</property>
					<property name="isSubmenu">True</property>
				</item>
			</content>
		</control>
		<control id="9901" type="fixedlist">
			<visible>Skin.HasSetting(Touchmode)</visible>
			<visible>String.IsEqual(Container(9000).ListItem.Property(submenuVisibility),tools)</visible>
			<left>60</left>
			<top>43</top>
			<width>1800</width>
			<height>60</height>
			<onup>9000</onup>
			<ondown>20</ondown>
			<itemgap>0</itemgap>
			<focusposition>0</focusposition>
			<movement>4</movement>
			<orientation>Horizontal</orientation>
			<itemlayout height="60" width="360">
				<control type="label">
					<left>10</left>
					<top>0</top>
					<width>340</width>
					<height>60</height>
					<align>center</align>
					<aligny>center</aligny>
					<font>menu.title</font>
					<textcolor>white</textcolor>
					<info>ListItem.Label</info>
				</control>
			</itemlayout>
			<focusedlayout height="90" width="360">
				<control type="image">
					<left>0</left>
					<top>0</top>
					<width>361</width>
					<height>60</height>
					<texture colordiffuse="$INFO[Skin.String(color.500)]">backgrounds/white.png</texture>
					<visible>Control.HasFocus(9901)</visible>
				</control>
				<control type="label">
					<left>10</left>
					<top>0</top>
					<width>340</width>
					<height>60</height>
					<align>center</align>
					<aligny>center</aligny>
					<font>menu.title</font>
					<textcolor>white</textcolor>
					<shadowcolor>black</shadowcolor>
					<info>ListItem.Label</info>
					<visible>Control.HasFocus(9901)</visible>
				</control>
				<control type="label">
					<left>10</left>
					<top>0</top>
					<width>340</width>
					<height>60</height>
					<align>center</align>
					<aligny>center</aligny>
					<font>menu.title</font>
					<textcolor>white</textcolor>
					<info>ListItem.Label</info>
					<visible>!Control.HasFocus(9901)</visible>
				</control>
			</focusedlayout>
			<content>
				<item id="1">
					<property name="id">$NUMBER[1]</property>
					<property name="mainmenuid">6</property>
					<label>Speed Tester</label>
					<label2>Programm</label2>
					<icon>DefaultAddon.png</icon>
					<thumb>image://C%3a%5cProgram%20Files%5cKoditest%5cportable_data%5caddons%5cscript.speedtester%5cresources%5cmedia%5cicon.png/</thumb>
					<property name="labelID">script.speedtester</property>
					<property name="defaultID">script.speedtester</property>
					<onclick>RunAddOn(script.speedtester)</onclick>
					<property name="path">RunAddOn(script.speedtester)</property>
					<property name="list">RunAddOn(script.speedtester)</property>
					<property name="group">tools</property>
					<property name="isSubmenu">True</property>
				</item>
				<item id="2">
					<property name="id">$NUMBER[2]</property>
					<property name="mainmenuid">6</property>
					<label>K. Updater</label>
					<label2>Programm</label2>
					<icon>DefaultAddon.png</icon>
					<thumb>image://C%3a%5cProgram%20Files%5cKoditest%5cportable_data%5caddons%5cscript.kangool.update%5cicon.png/</thumb>
					<property name="labelID">script.kangool.update</property>
					<property name="defaultID">script.kangool.update</property>
					<onclick>RunAddOn(script.kangool.update)</onclick>
					<property name="path">RunAddOn(script.kangool.update)</property>
					<property name="list">RunAddOn(script.kangool.update)</property>
					<property name="group">tools</property>
					<property name="isSubmenu">True</property>
				</item>
				<item id="3">
					<property name="id">$NUMBER[3]</property>
					<property name="mainmenuid">6</property>
					<label>K.U.Settings</label>
					<label2>Benutzerdefinierte Einträge</label2>
					<icon>DefaultShortcut.png</icon>
					<thumb />
					<property name="labelID">k-u-settings</property>
					<property name="defaultID" />
					<onclick>Addon.openSettings(script.kangool.update)</onclick>
					<property name="path">Addon.openSettings(script.kangool.update)</property>
					<property name="list">Addon.openSettings(script.kangool.update)</property>
					<property name="group">tools</property>
					<property name="isSubmenu">True</property>
				</item>
				<item id="4">
					<property name="id">$NUMBER[4]</property>
					<property name="mainmenuid">6</property>
					<label>Beenden</label>
					<label2>Benutzerdefinierte Einträge</label2>
					<icon>DefaultShortcut.png</icon>
					<thumb />
					<property name="labelID">beenden</property>
					<property name="defaultID" />
					<visible>System.ShowExitButton</visible>
					<onclick>Quit</onclick>
					<property name="path">Quit</property>
					<property name="list">Quit</property>
					<property name="group">tools</property>
					<property name="isSubmenu">True</property>
				</item>
			</content>
		</control>
	</include>
	<include name="skinshortcuts-template-widget">
		<include condition="String.IsEqual(System.ProfileName,Master user)">skinshortcuts-template-widget-Master user</include>
	</include>
	<include name="skinshortcuts-template-widget-Master user">
		<control type="group">
			<visible>String.IsEqual(Container(9000).ListItem.Property(submenuVisibility),streams)</visible>
			<include content="SquareWidget">
				<param name="content" value="plugin://plugin.video.xstream?reload=$INFO[Window(Home).Property(widgetreload)]$INFO[Window(Home).Property(widgetreload2)]" />
				<param name="target" value="videos" />
				<param name="contentInclude" value="WidgetContent" />
				<param name="list_id" value="80114" />
				<param name="artwork" value="$VAR[HomeWidgetPosterVar]" />
			</include>
		</control>
	</include>
</includes>
