<?xml version="1.0" encoding="UTF-8"?>
<window>
	<defaultcontrol always="true">9000</defaultcontrol>
	<include>CheckSkinColorsSet</include>
	<onunload>RunScript(script.skinshortcuts,type=buildxml&amp;mainmenuID=9000&amp;group=mainmenu&amp;options=noGroups)</onunload>
	<controls>
		<include>CommonBackground</include>
		
					<control type="group">
		<visible>!Skin.HasSetting(Weatherinfo) + !String.IsEmpty(Weather.Plugin)</visible>
			<control type="image">
				<left>60</left>
				<top>60</top>
				<width>360</width>
				<height>60</height>
				<texture colordiffuse="black">backgrounds/bg_fade.png</texture>
			</control>
			<control type="image">
				<left>70</left>
				<top>60</top>
				<width>60</width>
				<height>60</height>
				<aspectratio>keep</aspectratio>
				<texture>$INFO[Weather.ConditionsIcon]</texture>
			</control>
			<control type="label">
				<left>140</left>
				<top>60</top>
				<width>100</width>
				<height>60</height>
				<align>left</align>
				<aligny>center</aligny>
				<font>menu.title</font>
				<textcolor>$INFO[Skin.String(color.500)]</textcolor>
				<label>[B]$INFO[Window(Weather).Property(Current.Temperature)][/B] $INFO[System.TemperatureUnits]</label>
			</control>
			<control type="label">
				<left>240</left>
				<top>60</top>
				<width>170</width>
				<height>60</height>
				<align>left</align>
				<aligny>center</aligny>
				<font>breadcrumb.secondary</font>
				<textcolor>white</textcolor>
				<label>$INFO[Window(Weather).Property(Current.Condition),]</label>
				<scroll>true</scroll>
			</control>
		</control>
		
		<control type="group">
		<visible>!Skin.HasSetting(Clock)</visible>
			<control type="image">
				<right>60</right>
				<top>60</top>
				<width>360</width>
				<height>60</height>
				<texture colordiffuse="black">backgrounds/bg_fade.png</texture>
			</control>
			<control type="label">
				<right>145</right>
				<top>60</top>
				<width>200</width>
				<height>60</height>
				<align>right</align>
				<aligny>center</aligny>
				<font>menu.title</font>
				<textcolor>$INFO[Skin.String(color.500)]</textcolor>
				<label>$INFO[System.Time(hh:mm)]</label>
			</control>
			<control type="label">
				<right>65</right>
				<top>60</top>
				<width>80</width>
				<height>60</height>
				<align>left</align>
				<aligny>center</aligny>
				<font>menu.title</font>
				<textcolor>$INFO[Skin.String(color.500)]</textcolor>
				<label>:$INFO[System.Time(ss)]</label>
			</control>
			<control type="label">
				<right>280</right>
				<top>60</top>
				<width>300</width>
				<height>60</height>
				<align>right</align>
				<aligny>center</aligny>
				<font>breadcrumb.secondary</font>
				<textcolor>white</textcolor>
				<label>$INFO[System.Date(dd:mm:yyyy]</label>
			</control>
		</control>
			
		<control type="group">
			<visible>!Skin.HasSetting(Playerinfo)</visible>
			<control type="group">
				<visible>VideoPlayer.Content(Movies)</visible>
				<control type="image">
					<left>510</left>
					<top>116r</top>
					<width>900</width>
					<height>60</height>
					<texture colordiffuse="black">backgrounds/bg_fade.png</texture>
				</control>
				<control type="image">
					<left>520</left>
					<top>116r</top>
					<width>60</width>
					<height>60</height>
					<texture>osd/play.png</texture>
				</control>
				<control type="label">
					<left>575</left>
					<width>600</width>
					<top>110r</top>
					<height>20</height>
					<align>left</align>
					<aligny>center</aligny>
					<font>breadcrumb.secondary</font>
					<textcolor>$INFO[Skin.String(color.500)]</textcolor>
					<shadowcolor>black</shadowcolor>
					<label>$INFO[Player.Title]</label>
					<scroll>true</scroll>
				</control>
				<control type="label">
					<left>575</left>
					<width>830</width>
					<top>86r</top>
					<height>20</height>
					<align>left</align>
					<aligny>center</aligny>
					<font>breadcrumb.secondary</font>
					<textcolor>white</textcolor>
					<label>$INFO[VideoPlayer.Studio]</label>
					<scroll>true</scroll>
				</control>
				<control type="label">
					<left>1100</left>
					<width>300</width>
					<top>106r</top>
					<height>45</height>
					<align>right</align>
					<aligny>center</aligny>
					<font>breadcrumb.secondary</font>
					<textcolor>white</textcolor>
					<label>$INFO[Player.Time] / $INFO[Player.Duration,]</label>
				</control>
			</control>
			<control type="group">
				<visible>VideoPlayer.Content(Episodes)</visible>
				<control type="image">
					<left>510</left>
					<top>116r</top>
					<width>900</width>
					<height>60</height>
					<texture colordiffuse="black">backgrounds/bg_fade.png</texture>
				</control>
				<control type="image">
					<left>520</left>
					<top>116r</top>
					<width>60</width>
					<height>60</height>
					<texture>osd/play.png</texture>
				</control>
				<control type="label">
					<left>575</left>
					<width>600</width>
					<top>110r</top>
					<height>20</height>
					<align>left</align>
					<aligny>center</aligny>
					<font>breadcrumb.secondary</font>
					<textcolor>$INFO[Skin.String(color.500)]</textcolor>
					<shadowcolor>black</shadowcolor>
					<label>$INFO[Player.Title]</label>
					<scroll>true</scroll>
				</control>
				<control type="label">
					<left>575</left>
					<width>830</width>
					<top>86r</top>
					<height>20</height>
					<align>left</align>
					<aligny>center</aligny>
					<font>breadcrumb.secondary</font>
					<textcolor>white</textcolor>
					<label>$INFO[VideoPlayer.TVShowTitle] ($INFO[VideoPlayer.Season,$LOCALIZE[20373] , - ]$INFO[VideoPlayer.episode,$LOCALIZE[20359] ,])</label>
					<scroll>true</scroll>
				</control>
				<control type="label">
					<left>1100</left>
					<width>300</width>
					<top>106r</top>
					<height>45</height>
					<align>right</align>
					<aligny>center</aligny>
					<font>breadcrumb.secondary</font>
					<textcolor>white</textcolor>
					<label>$INFO[Player.Time] / $INFO[Player.Duration,]</label>
				</control>
			</control>
			<control type="group">
				<visible>Player.HasVideo</visible>
				<visible>!VideoPlayer.Content(Movies) + !VideoPlayer.Content(Episodes) + !VideoPlayer.Content(LiveTV)</visible>
				<control type="image">
					<left>510</left>
					<top>116r</top>
					<width>900</width>
					<height>60</height>
					<texture colordiffuse="black">backgrounds/bg_fade.png</texture>
				</control>
				<control type="image">
					<left>520</left>
					<top>116r</top>
					<width>60</width>
					<height>60</height>
					<texture>osd/play.png</texture>
				</control>
				<control type="label">
				<left>575</left>
					<width>600</width>
					<top>106r</top>
					<height>45</height>
					<align>left</align>
					<aligny>center</aligny>
					<font>breadcrumb</font>
					<textcolor>$INFO[Skin.String(color.500)]</textcolor>
					<shadowcolor>black</shadowcolor>
					<label>$INFO[Player.Title]</label>
				</control>
				<control type="label">
				<left>1100</left>
					<width>300</width>
					<top>106r</top>
					<height>45</height>
					<align>right</align>
					<aligny>center</aligny>
					<font>breadcrumb.secondary</font>
					<textcolor>white</textcolor>
					<label>$INFO[Player.Time] / $INFO[Player.Duration,]</label>
				</control>
			</control>
			<control type="group">
				<visible>VideoPlayer.Content(LiveTV)</visible>
				<control type="image">
					<left>510</left>
					<top>116r</top>
					<width>900</width>
					<height>60</height>
					<texture colordiffuse="black">backgrounds/bg_fade.png</texture>
				</control>
				<control type="image">
					<left>520</left>
					<top>116r</top>
					<width>60</width>
					<height>60</height>
					<texture>osd/play.png</texture>
				</control>
				<control type="label">
					<left>575</left>
					<width>600</width>
					<top>110r</top>
					<height>20</height>
					<align>left</align>
					<aligny>center</aligny>
					<font>breadcrumb.secondary</font>
					<textcolor>$INFO[Skin.String(color.500)]</textcolor>
					<shadowcolor>black</shadowcolor>
					<label>$INFO[Player.Title]</label>
				</control>
				<control type="label">
					<left>575</left>
					<width>830</width>
					<top>86r</top>
					<height>20</height>
					<align>left</align>
					<aligny>center</aligny>
					<font>breadcrumb.secondary</font>
					<textcolor>white</textcolor>
					<label>$INFO[VideoPlayer.ChannelName]</label>
					<scroll>true</scroll>
				</control>
				<control type="label">
					<left>1100</left>
					<width>300</width>
					<top>106r</top>
					<height>45</height>
					<align>right</align>
					<aligny>center</aligny>
					<font>breadcrumb.secondary</font>
					<textcolor>white</textcolor>
					<label>$INFO[Player.Time] / $INFO[Player.Duration,]</label>
				</control>
			</control>
			<control type="group">
				<visible>VideoPlayer.Content(Radio)</visible>
				<control type="image">
					<left>510</left>
					<top>116r</top>
					<width>900</width>
					<height>60</height>
					<texture colordiffuse="black">backgrounds/bg_fade.png</texture>
				</control>
				<control type="image">
					<left>520</left>
					<top>116r</top>
					<width>60</width>
					<height>60</height>
					<texture>osd/play.png</texture>
				</control>
				<control type="label">
					<left>575</left>
					<width>600</width>
					<top>110r</top>
					<height>20</height>
					<align>left</align>
					<aligny>center</aligny>
					<font>breadcrumb.secondary</font>
					<textcolor>$INFO[Skin.String(color.500)]</textcolor>
					<shadowcolor>black</shadowcolor>
					<label>$INFO[Player.Title]</label>
				</control>
				<control type="label">
					<left>575</left>
					<width>830</width>
					<top>86r</top>
					<height>20</height>
					<align>left</align>
					<aligny>center</aligny>
					<font>breadcrumb.secondary</font>
					<textcolor>white</textcolor>
					<label>$INFO[VideoPlayer.ChannelName]</label>
					<scroll>true</scroll>
				</control>
				<control type="label">
					<left>1100</left>
					<width>300</width>
					<top>106r</top>
					<height>45</height>
					<align>right</align>
					<aligny>center</aligny>
					<font>breadcrumb.secondary</font>
					<textcolor>white</textcolor>
					<label>$INFO[Player.Time] / $INFO[Player.Duration,]</label>
				</control>
			</control>
			<control type="group">
				<visible>Player.HasAudio + !VideoPlayer.Content(Radio)</visible>
				<control type="image">
					<left>510</left>
					<top>116r</top>
					<width>900</width>
					<height>60</height>
					<texture colordiffuse="black">backgrounds/bg_fade.png</texture>
				</control>
				<control type="image">
					<left>520</left>
					<top>116r</top>
					<width>60</width>
					<height>60</height>
					<texture>osd/play.png</texture>
				</control>
				<control type="label">
					<left>575</left>
					<width>600</width>
					<top>110r</top>
					<height>20</height>
					<align>left</align>
					<aligny>center</aligny>
					<font>breadcrumb.secondary</font>
					<textcolor>$INFO[Skin.String(color.500)]</textcolor>
					<shadowcolor>black</shadowcolor>
					<label>$INFO[Player.Title] </label>
				</control>
				<control type="label">
					<left>575</left>
					<width>830</width>
					<top>86r</top>
					<height>20</height>
					<align>left</align>
					<aligny>center</aligny>
					<font>breadcrumb.secondary</font>
					<textcolor>white</textcolor>
					<label>$INFO[MusicPlayer.Artist] - $INFO[MusicPlayer.Album]$INFO[musicplayer.discnumber, - $LOCALIZE[427]: ]</label>
				</control>
				<control type="label">
					<left>1100</left>
					<width>300</width>
					<top>106r</top>
					<height>45</height>
					<align>right</align>
					<aligny>center</aligny>
					<font>breadcrumb.secondary</font>
					<textcolor>white</textcolor>
					<shadowcolor>button.nf</shadowcolor>
					<label>$INFO[Player.Time] / $INFO[Player.Duration,]</label>
				</control>
			</control>
		</control>
		
		<control type="group">
			<visible>Skin.HasSetting(Touchmode)</visible>
			<control type="image">
				<left>60</left>
				<top>115r</top>
				<width>60</width>
				<height>60</height>
				<texture colordiffuse="black">backgrounds/bg_fade.png</texture>
			</control>
			<control type="button">
				<description>Back push button</description>
				<left>55</left>
				<top>120r</top>
				<width>70</width>
				<height>70</height>
				<label></label>
				<font/>
				<onclick>back</onclick>
				<texturefocus colordiffuse="$INFO[Skin.String(color.500)]">icons/back.png</texturefocus>
				<texturenofocus colordiffuse="white">icons/back.png</texturenofocus>
				<onleft></onleft>
				<onright></onright>
				<onup></onup>
				<ondown></ondown>
			</control>
			<control type="image">
				<right>60</right>
				<top>115r</top>
				<width>60</width>
				<height>60</height>
				<texture colordiffuse="black">backgrounds/bg_fade.png</texture>
			</control>
			<control type="button">
				<description>Home push button</description>
				<right>55</right>
				<top>120r</top>
				<width>70</width>
				<height>70</height>
				<label></label>
				<font/>
				<onclick>ActivateWindow(home)</onclick>
				<texturefocus colordiffuse="$INFO[Skin.String(color.500)]">icons/home.png</texturefocus>
				<texturenofocus colordiffuse="white">icons/home.png</texturenofocus>
				<onleft></onleft>
				<onright></onright>
				<onup></onup>
				<ondown></ondown>
			</control>
		</control>
		
		<!--main content-->
		<control type="group">
			<left>60</left>
			<centertop>50%</centertop>
			<width>1800</width>
			<height>783</height>
			<visible>![Window.IsActive(PVRChannelManager) | Window.IsActive(PVRGroupManager)]</visible>
			<animation effect="slide" start="0,1512" end="0,0" time="400" tween="quadratic" easing="out" condition="!Window.Previous(Settings.xml)">WindowOpen</animation>
			<animation effect="slide" start="0,0" end="0,1512" time="400" tween="quadratic" easing="out" condition="!Window.Next(Settings.xml)">WindowClose</animation>
			<animation effect="slide" start="2015,0" end="0,0" time="400" tween="quadratic" easing="out" condition="Window.Previous(Settings.xml)">WindowOpen</animation>
			<animation effect="slide" start="0,0" end="2015,0" time="400" tween="quadratic" easing="out" condition="Window.Next(Settings.xml)">WindowClose</animation>
			<control type="image">
				<left>0</left>
				<top>0</top>
				<width>1800</width>
				<height>650</height>
				<texture colordiffuse="black">backgrounds/bg_fade.png</texture>
			</control>
			<control type="image">
				<left>0</left>
				<top>0</top>
				<width>375</width>
				<height>650</height>
				<texture colordiffuse="black">backgrounds/bg_fade.png</texture>
			</control>
			<!--title-->
			<control type="label">
				<left>0</left>
				<top>5</top>
				<width>1800</width>
				<height>60</height>
				<font>info.title</font>
				<align>center</align>
				<aligny>center</aligny>
				<textcolor>$INFO[Skin.String(color.500)]</textcolor>
				<label>$LOCALIZE[31072] - $LOCALIZE[5]</label>
			</control>
			
			<control type="group">
				<visible>Container(9000).Hasfocus(5)</visible>
				<control type="image">
					<left>390</left>
					<right>10</right>
					<top>250</top>
					<height>1</height>
					<texture colordiffuse="$INFO[Skin.String(color.500)]">backgrounds/white.png</texture>
				</control>
				<control type="textbox">
				<left>390</left>
					<top>300</top>
					<width>960</width>
					<height>60</height>
					<font>label</font>
					<align>justify</align>
					<textcolor>white</textcolor>
					<label>[I]Das Hauptmenü wird touch-kompatibel umgestellt,[CR]sowie die Touch-Buttons (Back &amp; Home) werden in allen Ansichten sichtbar.[/I]</label>
				</control>
				<control type="image">
					<left>390</left>
					<right>10</right>
					<top>370</top>
					<height>92</height>
					<texture colordiffuse="black">backgrounds/bg_fade.png</texture>
				</control>
				<control type="label">
					<left>390</left>
					<top>370</top>
					<width>340</width>
					<height>92</height>
					<font>main.menu2</font>
					<textcolor>white</textcolor>
					<align>center</align>
					<aligny>center</aligny>
					<label>TV</label>
				</control>
				<control type="label">
					<left>730</left>
					<top>370</top>
					<width>340</width>
					<height>92</height>
					<font>main.menu2</font>
					<textcolor>white</textcolor>
					<align>center</align>
					<aligny>center</aligny>
					<label>RADIO</label>
				</control>
				<control type="image">
					<left>1070</left>
					<width>340</width>
					<top>370</top>
					<height>92</height>
					<texture colordiffuse="$INFO[Skin.String(color.500)]">backgrounds/white.png</texture>
				</control>
				<control type="label">
					<left>1070</left>
					<top>370</top>
					<width>340</width>
					<height>92</height>
					<font>main.menu2</font>
					<textcolor>white</textcolor>
					<align>center</align>
					<aligny>center</aligny>
					<label>FILME</label>
				</control>
				<control type="label">
					<left>1410</left>
					<top>370</top>
					<width>340</width>
					<height>92</height>
					<font>main.menu2</font>
					<textcolor>white</textcolor>
					<align>center</align>
					<aligny>center</aligny>
					<label>SERIEN</label>
				</control>
				<control type="image">
					<left>390</left>
					<right>10</right>
					<top>472</top>
					<height>60</height>
					<texture colordiffuse="black">backgrounds/bg_fade.png</texture>
				</control>
				<control type="label">
					<left>390</left>
					<top>472</top>
					<width>340</width>
					<height>60</height>
					<font>menu.title</font>
					<textcolor>white</textcolor>
					<align>center</align>
					<aligny>center</aligny>
					<label>Genre</label>
				</control>
				<control type="label">
					<left>730</left>
					<top>472</top>
					<width>340</width>
					<height>60</height>
					<font>menu.title</font>
					<textcolor>white</textcolor>
					<align>center</align>
					<aligny>center</aligny>
					<label>Titel</label>
				</control>
				<control type="label">
					<left>1070</left>
					<top>472</top>
					<width>340</width>
					<height>60</height>
					<font>menu.title</font>
					<textcolor>white</textcolor>
					<align>center</align>
					<aligny>center</aligny>
					<label>Jahre</label>
				</control>
				<control type="label">
					<left>1410</left>
					<top>472</top>
					<width>340</width>
					<height>60</height>
					<font>menu.title</font>
					<textcolor>white</textcolor>
					<align>center</align>
					<aligny>center</aligny>
					<label>Darsteller</label>
				</control>
				<control type="image">
					<left>390</left>
					<right>10</right>
					<top>400</top>
					<height>200</height>
					<aspectratio>keep</aspectratio>
					<texture>icons/hand.png</texture>
				</control>
				<control type="image">
					<left>390</left>
					<top>562</top>
					<width>60</width>
					<height>60</height>
					<texture colordiffuse="black">backgrounds/bg_fade.png</texture>
				</control>
				<control type="image">
					<left>390</left>
					<top>562</top>
					<width>60</width>
					<height>60</height>
					<texture>icons/back.png</texture>
				</control>
				<control type="image">
					<left>70r</left>
					<top>562</top>
					<width>60</width>
					<height>60</height>
					<texture colordiffuse="black">backgrounds/bg_fade.png</texture>
				</control>
				<control type="image">
					<left>70r</left>
					<top>562</top>
					<width>60</width>
					<height>60</height>
					<texture>icons/home.png</texture>
				</control>
			</control>
			
			<control type="image">
				<left>0</left>
				<top>0</top>
				<width>120</width>
				<height>120</height>
				<aspectratio align="left">keep</aspectratio>
				<texture colordiffuse="white">$INFO[ListItem.Icon]</texture>
			</control>
			
			<control type="image">
				<visible>Container(9000).Hasfocus(4)</visible>
				<left>563r</left>
				<top>182</top>
				<width>493</width>
				<height>394</height>
				<aspectratio align="left">keep</aspectratio>
				<texture>colours/colors.png</texture>
			</control>
			<control type="image">
				<visible>Container(9000).Hasfocus(3)</visible>
				<left>563r</left>
				<top>182</top>
				<width>493</width>
				<height>394</height>
				<aspectratio align="left">keep</aspectratio>
				<texture>colours/background.png</texture>
			</control>
					
			<!--left buttons-->
			<control type="list" id="9000">
				<left>10</left>
				<top>120</top>
				<width>390</width>
				<height>400</height>
				<onleft>9010</onleft>
				<onright>9010</onright>
				<onup>9000</onup>
				<ondown>9000</ondown>
				<pagecontrol></pagecontrol>
				<itemlayout height="65" width="390">
					<!--label-->
					<control type="label">
						<left>15</left>
						<top>0</top>
						<width>570</width>
						<height>60</height>
						<font>label</font>
						<textcolor>white</textcolor>
						<align>left</align>
						<aligny>center</aligny>
						<label>$INFO[ListItem.Label]</label>
					</control>
				</itemlayout>
				<focusedlayout height="65" width="390">
					<!--focused bg-->
					<control type="image">
						<left>0</left>
						<top>0</top>
						<width>355</width>
						<height>60</height>
						<texture colordiffuse="$INFO[Skin.String(color.500)]">backgrounds/white.png</texture>
						<animation effect="fade" start="100" end="30" time="100" condition="!Control.HasFocus(9000)">Conditional</animation>
					</control>
					<!--label-->
					<control type="label">
						<left>15</left>
						<top>0</top>
						<width>325</width>
						<height>60</height>
						<font>label</font>
						<textcolor>white</textcolor>
						<align>left</align>
						<aligny>center</aligny>
						<label>$INFO[ListItem.Label]</label>
					</control>
				</focusedlayout>
				<content>
					<item id="1">
						<label>128</label>
						<label2>5</label2>
						<icon>icons/settings.png</icon>
					</item>
					<item id="5">
						<label>TouchModus</label>
						<label2>Touchmodus</label2>
						<icon>icons/touch.png</icon>
					</item>
					<item id="2">
						<label>Menü konfigurieren</label>
						<label2>Menü konfigurieren</label2>
						<icon>icons/homemenu.png</icon>
					</item>
					<item id="4">
						<label>Farbe</label>
						<label2>Farbe</label2>
						<icon>icons/skin.png</icon>
					</item>
					<item id="3">
						<label>Hintergrund</label>
						<label2>Hintergrund</label2>
						<icon>icons/skin.png</icon>
					</item>
					<item id="6">
						<label>Skin Backup</label>
						<label2>Skin Backup</label2>
						<onclick>RunAddon(script.skin.helper.skinbackup)</onclick>
						<onclick>InstallAddon(script.skin.helper.skinbackup)</onclick>
						<icon>icons/settings.png</icon>
					</item>
				</content>
			</control>
			<!--all settings-->
			<control type="group" id="9010">
				<!--general settings-->
				<control type="grouplist" id="9001">
					<visible>Container(9000).Hasfocus(1)</visible>
					<left>385</left>
					<top>120</top>
					<width>1405</width>
					<height>500</height>
					<itemgap>5</itemgap>
					<pagecontrol>60</pagecontrol>
					<onleft>9000</onleft>
					<onright>60</onright>
					<onup>9001</onup>
					<ondown>9001</ondown>
					<control type="label" id="100">
						<width>1405</width>
						<height>60</height>
						<font>font13_title</font>
						<textcolor>$INFO[Skin.String(color.500)]</textcolor>
						<textoffsetx>5</textoffsetx>
						<aligny>center</aligny>
						<label>31106</label>
					</control>
					<control type="radiobutton" id="101">
						<width>1405</width>
						<label>Wetter anzeigen</label>
						<onclick>Skin.ToggleSetting(Weatherinfo)</onclick>
						<selected>!Skin.HasSetting(Weatherinfo)</selected>
					</control>
					<control type="radiobutton" id="102">
						<width>1405</width>
						<label>Uhr &amp; Datum anzeigen</label>
						<onclick>Skin.ToggleSetting(Clock)</onclick>
						<selected>!Skin.HasSetting(Clock)</selected>
					</control>
					<control type="radiobutton" id="103">
						<width>1405</width>
						<label>FloorButtons anzeigen</label>
						<onclick>Skin.ToggleSetting(FloorButtons)</onclick>
						<selected>!Skin.HasSetting(FloorButtons)</selected>
					</control>
					<control type="radiobutton" id="104">
						<width>1405</width>
						<label>20189</label>
						<onclick>Skin.ToggleSetting(AutoScroll)</onclick>
						<selected>Skin.HasSetting(AutoScroll)</selected>
					</control>
					<control type="radiobutton" id="105">
						<width>1405</width>
						<label>Playerbuttons anzeigen</label>
						<onclick>Skin.ToggleSetting(Playerbuttons)</onclick>
						<selected>!Skin.HasSetting(Playerbuttons)</selected>
					</control>
					<control type="radiobutton" id="106">
						<width>1405</width>
						<label>Playerinfo (VideoWindow) anzeigen</label>
						<onclick>Skin.ToggleSetting(Playerinfo)</onclick>
						<selected>!Skin.HasSetting(Playerinfo)</selected>
					</control>
					<control type="radiobutton" id="107">
						<width>1405</width>
						<label>Musik immer im Vollbild wiedergeben</label>
						<onclick>Skin.ToggleSetting(MusicFullscreen)</onclick>
						<selected>Skin.HasSetting(MusicFullscreen)</selected>
					</control>
					<control type="label" id="108">
						<width>1405</width>
						<height>60</height>
						<font>font13_title</font>
						<textcolor>$INFO[Skin.String(color.500)]</textcolor>
						<textoffsetx>5</textoffsetx>
						<aligny>center</aligny>
						<label>512</label>
					</control>
					<control type="radiobutton" id="109">
						<width>1405</width>
						<label>31007</label>
						<onclick>Skin.ToggleSetting(Use_Startup_Playlist)</onclick>
						<selected>Skin.HasSetting(Use_Startup_Playlist)</selected>
					</control>
					<control type="button" id="110">
						<width>1405</width>
						<label>15311</label>
						<label2>$INFO[Skin.String(Startup_Playlist_Path)]</label2>
						<onclick>Skin.SetFile(Startup_Playlist_Path,,special://MusicPlaylists/)</onclick>
						<enable>Skin.HasSetting(Use_Startup_Playlist)</enable>
					</control>
					<control type="label" id="111">
						<width>1405</width>
						<height>60</height>
						<font>font13_title</font>
						<textcolor>$INFO[Skin.String(color.500)]</textcolor>
						<textoffsetx>5</textoffsetx>
						<aligny>center</aligny>
						<label>31030</label>
					</control>
					<!--reset all skin settings-->
					<control type="button" id="112">
						<width>1405</width>
						<label>31075</label>
						<onclick>Skin.ResetSettings</onclick>
						<onclick>ReloadSkin()</onclick>
					</control>
				</control>
				<!--home window options-->
				<control type="grouplist" id="9002">
					<visible>Container(9000).Hasfocus(2)</visible>
					<left>385</left>
					<top>120</top>
					<width>1405</width>
					<height>500</height>
					<itemgap>5</itemgap>
					<pagecontrol>60</pagecontrol>
					<onleft>9000</onleft>
					<onright>60</onright>
					<onup>9002</onup>
					<ondown>9002</ondown>
					<control type="label" id="230">
						<width>1405</width>
						<height>60</height>
						<font>font13_title</font>
						<textcolor>$INFO[Skin.String(color.500)]</textcolor>
						<textoffsetx>5</textoffsetx>
						<aligny>center</aligny>
						<label>$ADDON[script.skinshortcuts 32071]</label>
					</control>
					<!--customize skin shortcuts menu-->
					<control type="button" id="232">
						<width>1405</width>
						<label>$ADDON[script.skinshortcuts 32035]</label>
						<onclick>RunScript(script.skinshortcuts,type=manage&amp;nolabels=True&amp;group=mainmenu)</onclick>
						<enable>System.HasAddon(script.skinshortcuts)</enable>
					</control>
					<!--reset skin shortcuts menu-->
					<control type="button" id="233">
						<width>1405</width>
						<label>$ADDON[script.skinshortcuts 32037]</label>
						<onclick>RunScript(script.skinshortcuts,type=resetall)</onclick>
						<enable>System.HasAddon(script.skinshortcuts)</enable>
					</control>
				</control>
				
				<control type="grouplist" id="9004">
					<visible>Container(9000).Hasfocus(4)</visible>
					<left>385</left>
					<top>120</top>
					<width>1405</width>
					<height>500</height>
					<itemgap>5</itemgap>
					<pagecontrol>60</pagecontrol>
					<onleft>9000</onleft>
					<onright>60</onright>
					<onup>9004</onup>
					<ondown>9004</ondown>
					<control type="label" id="453">
						<width>1405</width>
						<height>60</height>
						<font>font13_title</font>
						<textcolor>$INFO[Skin.String(color.500)]</textcolor>
						<textoffsetx>5</textoffsetx>
						<aligny>center</aligny>
						<label>Themen Farbe auswählen</label>
					</control>
					<control type="button" id="455">
						<width>770</width>
						<label>RED</label>
						<onclick>Skin.SetString(color.500, FFE51C23)</onclick>
						<onclick>Skin.SetString(color.900, FF850A04)</onclick>
						<onclick>Skin.SetString(color.400, FFE84E40)</onclick>
						<onclick>Skin.SetString(color.alt, FFFFEB3B)</onclick>
					</control>
					<control type="button" id="456">
						<width>770</width>
						<label>PINK</label>
						<onclick>Skin.SetString(color.500, FFE91E63)</onclick>
						<onclick>Skin.SetString(color.900, FF880E4F)</onclick>
						<onclick>Skin.SetString(color.400, FFEC407A)</onclick>
						<onclick>Skin.SetString(color.alt, FFFFEB3B)</onclick>
					</control>
					<control type="button" id="411">
						<width>770</width>
						<label>PURPLE</label>
						<onclick>Skin.SetString(color.500, FF9C27B0)</onclick>
						<onclick>Skin.SetString(color.900, FF5B1287)</onclick>
						<onclick>Skin.SetString(color.400, FFAB47BC)</onclick>
						<onclick>Skin.SetString(color.alt, FFFFEB3B)</onclick>
					</control>
					<control type="button" id="412">
						<width>770</width>
						<label>DEEP PURPLE</label>
						<onclick>Skin.SetString(color.500, FF673AB7)</onclick>
						<onclick>Skin.SetString(color.900, FF341E96)</onclick>
						<onclick>Skin.SetString(color.400, FF7E57C2)</onclick>
						<onclick>Skin.SetString(color.alt, FFFFEB3B)</onclick>
					</control>
					<control type="button" id="413">
						<width>770</width>
						<label>INDIGO</label>
						<onclick>Skin.SetString(color.500, FF3F51B5)</onclick>
						<onclick>Skin.SetString(color.900, FF1C2688)</onclick>
						<onclick>Skin.SetString(color.400, FF5C6BC0)</onclick>
						<onclick>Skin.SetString(color.alt, FFFFEB3B)</onclick>
					</control>
					<control type="button" id="414">
						<width>770</width>
						<label>BLUE</label>
						<onclick>Skin.SetString(color.500, FF5677FC)</onclick>
						<onclick>Skin.SetString(color.900, FF313EBC)</onclick>
						<onclick>Skin.SetString(color.400, FF738FFE)</onclick>
						<onclick>Skin.SetString(color.alt, FFFFEB3B)</onclick>
					</control>
					<control type="button" id="415">
						<width>770</width>
						<label>LIGHT BLUE</label>
						<onclick>Skin.SetString(color.500, FF03A9F4)</onclick>
						<onclick>Skin.SetString(color.900, FF1275C4)</onclick>
						<onclick>Skin.SetString(color.400, FF3EBCF5)</onclick>
						<onclick>Skin.SetString(color.alt, FFFFEB3B)</onclick>
					</control>
					<control type="button" id="421">
						<width>770</width>
						<label>CYAN</label>
						<onclick>Skin.SetString(color.500, FF00BCD4)</onclick>
						<onclick>Skin.SetString(color.900, FF057A7F)</onclick>
						<onclick>Skin.SetString(color.400, FF3FD8EB)</onclick>
						<onclick>Skin.SetString(color.alt, FFFFEB3B)</onclick>
					</control>
					<control type="button" id="422">
						<width>770</width>
						<label>TEAL</label>
						<onclick>Skin.SetString(color.500, FF009688)</onclick>
						<onclick>Skin.SetString(color.900, FF056857)</onclick>
						<onclick>Skin.SetString(color.400, FF2EBEB0)</onclick>
						<onclick>Skin.SetString(color.alt, FFFFEB3B)</onclick>
					</control>
					<control type="button" id="423">
						<width>770</width>
						<label>GREEN</label>
						<onclick>Skin.SetString(color.500, FF259B24)</onclick>
						<onclick>Skin.SetString(color.900, FF156808)</onclick>
						<onclick>Skin.SetString(color.400, FF39C439)</onclick>
						<onclick>Skin.SetString(color.alt, FFFFEB3B)</onclick>
					</control>
					<control type="button" id="424">
						<width>770</width>
						<label>LIGHT GREEN</label>
						<onclick>Skin.SetString(color.500, FF8BC34A)</onclick>
						<onclick>Skin.SetString(color.900, FF4F9833)</onclick>
						<onclick>Skin.SetString(color.400, FFA0D068)</onclick>
						<onclick>Skin.SetString(color.alt, FFFFEB3B)</onclick>
					</control>
					<control type="button" id="425">
						<width>770</width>
						<label>LIME</label>
						<onclick>Skin.SetString(color.500, FFCDDC39)</onclick>
						<onclick>Skin.SetString(color.900, FFA89B26)</onclick>
						<onclick>Skin.SetString(color.400, FFDDEA60)</onclick>
						<onclick>Skin.SetString(color.alt, FFE51C23)</onclick>
					</control>
					<control type="button" id="431">
						<width>770</width>
						<label>YELLOW</label>
						<onclick>Skin.SetString(color.500, FFF6E233)</onclick>
						<onclick>Skin.SetString(color.900, FFEFB415)</onclick>
						<onclick>Skin.SetString(color.400, FFFFEE58)</onclick>
						<onclick>Skin.SetString(color.alt, FFE51C23)</onclick>
					</control>
					<control type="button" id="432">
						<width>770</width>
						<label>AMBER</label>
						<onclick>Skin.SetString(color.500, FFF6B904)</onclick>
						<onclick>Skin.SetString(color.900, FFFF8A00)</onclick>
						<onclick>Skin.SetString(color.400, FFFBCB37)</onclick>
						<onclick>Skin.SetString(color.alt, FFE51C23)</onclick>
					</control>
					<control type="button" id="433">
						<width>770</width>
						<label>ORANGE</label>
						<onclick>Skin.SetString(color.500, FFFF9800)</onclick>
						<onclick>Skin.SetString(color.900, FFE06603)</onclick>
						<onclick>Skin.SetString(color.400, FFFAAC3A)</onclick>
						<onclick>Skin.SetString(color.alt, FFFFEB3B)</onclick>
					</control>
					<control type="button" id="434">
						<width>770</width>
						<label>DEEP ORANGE</label>
						<onclick>Skin.SetString(color.500, FFFF5722)</onclick>
						<onclick>Skin.SetString(color.900, FFB9330A)</onclick>
						<onclick>Skin.SetString(color.400, FFFB6536)</onclick>
						<onclick>Skin.SetString(color.alt, FFFFEB3B)</onclick>
					</control>
					<control type="button" id="435">
						<width>770</width>
						<label>BROWN</label>
						<onclick>Skin.SetString(color.500, FF795548)</onclick>
						<onclick>Skin.SetString(color.900, FF55322C)</onclick>
						<onclick>Skin.SetString(color.400, FF8D6E63)</onclick>
						<onclick>Skin.SetString(color.alt, FFFFEB3B)</onclick>
					</control>
					<control type="button" id="441">
						<width>770</width>
						<label>BLUE GREY</label>
						<onclick>Skin.SetString(color.500, FF587482)</onclick>
						<onclick>Skin.SetString(color.900, FF3A4B5C)</onclick>
						<onclick>Skin.SetString(color.400, FF78909C)</onclick>
						<onclick>Skin.SetString(color.alt, FFFFEB3B)</onclick>
					</control>
					<control type="button" id="442">
						<width>770</width>
						<label>GREY</label>
						<onclick>Skin.SetString(color.500, FF908E8E)</onclick>
						<onclick>Skin.SetString(color.900, FF5D5C5C)</onclick>
						<onclick>Skin.SetString(color.400, FFBDBDBD)</onclick>
						<onclick>Skin.SetString(color.alt, FFFFEB3B)</onclick>
					</control>
				</control>
				
				<control type="grouplist" id="9003">
					<visible>Container(9000).Hasfocus(3)</visible>
					<left>385</left>
					<top>120</top>
					<width>1405</width>
					<height>500</height>
					<itemgap>5</itemgap>
					<pagecontrol>60</pagecontrol>
					<onleft>9000</onleft>
					<onright>60</onright>
					<onup>9004</onup>
					<ondown>9004</ondown>
					<control type="label" id="310">
						<width>770</width>
						<height>60</height>
						<font>font13_title</font>
						<textcolor>$INFO[Skin.String(color.500)]</textcolor>
						<textoffsetx>5</textoffsetx>
						<aligny>center</aligny>
						<label>31102</label>
					</control>
					<control type="radiobutton" id="311">
						<width>770</width>
						<label>31109</label>
						<onclick condition="!System.HasAddon(script.skin.helper.service)">InstallAddon(script.skin.helper.service)</onclick>
						<onclick condition="System.HasAddon(script.skin.helper.service)">Skin.ToggleSetting(UseCustomBackground)</onclick>
						<selected>Skin.HasSetting(UseCustomBackground)</selected>
					</control>
					<control type="button" id="312">
						<width>770</width>
						<label>- $LOCALIZE[31110]</label>
						<label2>[COLOR=white]$INFO[Skin.String(CustomBackgroundPath.label)][/COLOR]</label2>
						<onclick condition="!System.HasAddon(script.skin.helper.service)">InstallAddon(script.skin.helper.service)</onclick>
						<onclick condition="System.HasAddon(script.skin.helper.service)">RunScript(script.skin.helper.service,action=selectimage,skinstring=CustomBackgroundPath,allowmulti=true,resourceaddon=resource.images.skinbackgrounds,skinhelperbackgrounds=false)</onclick>
						<enable>Skin.HasSetting(UseCustomBackground)</enable>
					</control>
					<control type="label" id="300">
						<width>770</width>
						<height>45</height>
						<font>font13_title</font>
						<label>Themen Farbe Hintergund auswählen</label>
						<textcolor>$INFO[Skin.String(color.500)]</textcolor>
						<align>left</align>
						<aligny>center</aligny>
					</control>
					<control type="radiobutton" id="399">
						<width>770</width>
						<height>60</height>
						<font>button.bold</font>
						<label>RED</label>
						<textcolor>grey2</textcolor>
						<focusedcolor>white</focusedcolor>
						<onclick>Skin.ToggleSetting(UseColoredBackground)</onclick>
						<selected>Skin.HasSetting(UseColoredBackground)</selected>
					</control>
					<control type="radiobutton" id="313">
						<width>770</width>
						<height>60</height>
						<font>button.bold</font>
						<label>PINK</label>
						<textcolor>grey2</textcolor>
						<focusedcolor>white</focusedcolor>
						<onclick>Skin.ToggleSetting(UseColoredBackground1)</onclick>
						<selected>Skin.HasSetting(UseColoredBackground1)</selected>
					</control>
					<control type="radiobutton" id="314">
						<width>770</width>
						<height>60</height>
						<font>button.bold</font>
						<label>PURPLE</label>
						<textcolor>grey2</textcolor>
						<focusedcolor>white</focusedcolor>
						<onclick>Skin.ToggleSetting(UseColoredBackground2)</onclick>
						<selected>Skin.HasSetting(UseColoredBackground2)</selected>
					</control>
					<control type="radiobutton" id="315">
						<width>770</width>
						<height>60</height>
						<font>button.bold</font>
						<label>DEEP PURPLE</label>
						<label2></label2>
						<textcolor>grey2</textcolor>
						<focusedcolor>white</focusedcolor>
						<onclick>Skin.ToggleSetting(UseColoredBackground3)</onclick>
						<selected>Skin.HasSetting(UseColoredBackground3)</selected>
					</control>
					<control type="radiobutton" id="316">
						<width>770</width>
						<height>60</height>
						<font>button.bold</font>
						<label>INDIGO</label>
						<textcolor>grey2</textcolor>
						<focusedcolor>white</focusedcolor>
						<onclick>Skin.ToggleSetting(UseColoredBackground4)</onclick>
						<selected>Skin.HasSetting(UseColoredBackground4)</selected>
					</control>
					<control type="radiobutton" id="317">
						<width>770</width>
						<height>60</height>
						<font>button.bold</font>
						<label>BLUE</label>
						<textcolor>grey2</textcolor>
						<focusedcolor>white</focusedcolor>
						<onclick>Skin.ToggleSetting(UseColoredBackground5)</onclick>
						<selected>Skin.HasSetting(UseColoredBackground5)</selected>
					</control>
					<control type="radiobutton" id="318">
						<width>770</width>
						<height>60</height>
						<font>button.bold</font>
						<label>LIGHT BLUE</label>
						<textcolor>grey2</textcolor>
						<focusedcolor>white</focusedcolor>
						<onclick>Skin.ToggleSetting(UseColoredBackground6)</onclick>
						<selected>Skin.HasSetting(UseColoredBackground6)</selected>
					</control>
					<control type="radiobutton" id="319">
						<width>770</width>
						<height>60</height>
						<font>button.bold</font>
						<label>CYAN</label>
						<textcolor>grey2</textcolor>
						<focusedcolor>white</focusedcolor>
						<onclick>Skin.ToggleSetting(UseColoredBackground7)</onclick>
						<selected>Skin.HasSetting(UseColoredBackground7)</selected>
					</control>
					<control type="radiobutton" id="320">
						<width>770</width>
						<height>60</height>
						<font>button.bold</font>
						<label>TEAL</label>
						<textcolor>grey2</textcolor>
						<focusedcolor>white</focusedcolor>
						<onclick>Skin.ToggleSetting(UseColoredBackground8)</onclick>
						<selected>Skin.HasSetting(UseColoredBackground8)</selected>
					</control>
					<control type="radiobutton" id="321">
						<width>770</width>
						<height>60</height>
						<font>button.bold</font>
						<label>GREEN</label>
						<textcolor>grey2</textcolor>
						<focusedcolor>white</focusedcolor>
						<onclick>Skin.ToggleSetting(UseColoredBackground9)</onclick>
						<selected>Skin.HasSetting(UseColoredBackground9)</selected>
					</control>
					<control type="radiobutton" id="322">
						<width>770</width>
						<height>60</height>
						<font>button.bold</font>
						<label>LIGHT GREEN</label>
						<textcolor>grey2</textcolor>
						<focusedcolor>white</focusedcolor>
						<onclick>Skin.ToggleSetting(UseColoredBackground10)</onclick>
						<selected>Skin.HasSetting(UseColoredBackground10)</selected>
					</control>
					<control type="radiobutton" id="323">
						<width>770</width>
						<height>60</height>
						<font>button.bold</font>
						<label>LIME</label>
						<textcolor>grey2</textcolor>
						<focusedcolor>white</focusedcolor>
						<onclick>Skin.ToggleSetting(UseColoredBackground11)</onclick>
						<selected>Skin.HasSetting(UseColoredBackground11)</selected>
					</control>
					<control type="radiobutton" id="324">
						<width>770</width>
						<height>60</height>
						<font>button.bold</font>
						<label>YELLOW</label>
						<textcolor>grey2</textcolor>
						<focusedcolor>white</focusedcolor>
						<onclick>Skin.ToggleSetting(UseColoredBackground12)</onclick>
						<selected>Skin.HasSetting(UseColoredBackground12)</selected>
					</control>
					<control type="radiobutton" id="325">
						<width>770</width>
						<height>60</height>
						<font>button.bold</font>
						<label>AMBER</label>
						<textcolor>grey2</textcolor>
						<focusedcolor>white</focusedcolor>
						<onclick>Skin.ToggleSetting(UseColoredBackground13)</onclick>
						<selected>Skin.HasSetting(UseColoredBackground13)</selected>
					</control>
					<control type="radiobutton" id="326">
						<width>770</width>
						<height>60</height>
						<font>button.bold</font>
						<label>ORANGE</label>
						<textcolor>grey2</textcolor>
						<focusedcolor>white</focusedcolor>
						<onclick>Skin.ToggleSetting(UseColoredBackground14)</onclick>
						<selected>Skin.HasSetting(UseColoredBackground14)</selected>
					</control>
					<control type="radiobutton" id="327">
						<width>770</width>
						<height>60</height>
						<font>button.bold</font>
						<label>DEEP ORANGE</label>
						<textcolor>grey2</textcolor>
						<focusedcolor>white</focusedcolor>
						<onclick>Skin.ToggleSetting(UseColoredBackground15)</onclick>
						<selected>Skin.HasSetting(UseColoredBackground15)</selected>
					</control>
					<control type="radiobutton" id="328">
						<width>770</width>
						<height>60</height>
						<font>button.bold</font>
						<label>BROWN</label>
						<textcolor>grey2</textcolor>
						<focusedcolor>white</focusedcolor>
						<onclick>Skin.ToggleSetting(UseColoredBackground16)</onclick>
						<selected>Skin.HasSetting(UseColoredBackground16)</selected>
					</control>
					<control type="radiobutton" id="329">
						<width>770</width>
						<height>60</height>
						<font>button.bold</font>
						<label>BLUE GREY</label>
						<textcolor>grey2</textcolor>
						<focusedcolor>white</focusedcolor>
						<onclick>Skin.ToggleSetting(UseColoredBackground17)</onclick>
						<selected>Skin.HasSetting(UseColoredBackground17)</selected>
					</control>
					<control type="radiobutton" id="330">
						<width>770</width>
						<height>60</height>
						<font>button.bold</font>
						<label>GREY</label>
						<textcolor>grey2</textcolor>
						<focusedcolor>white</focusedcolor>
						<onclick>Skin.ToggleSetting(UseColoredBackground18)</onclick>
						<selected>Skin.HasSetting(UseColoredBackground18)</selected>
					</control>
				</control>
				
				<control type="grouplist" id="9004">
					<visible>Container(9000).Hasfocus(5)</visible>
					<left>385</left>
					<top>120</top>
					<width>1405</width>
					<height>500</height>
					<itemgap>5</itemgap>
					<pagecontrol>60</pagecontrol>
					<onleft>9000</onleft>
					<onright>60</onright>
					<onup>9004</onup>
					<ondown>9004</ondown>
					<control type="label" id="998">
						<width>1405</width>
						<height>60</height>
						<font>font13_title</font>
						<textcolor>$INFO[Skin.String(color.500)]</textcolor>
						<textoffsetx>5</textoffsetx>
						<aligny>center</aligny>
						<label>TouchModus</label>
					</control>
					<control type="radiobutton" id="999">
						<width>1405</width>
						<label>Touch-Buttons &amp; Menü aktivieren</label>
						<onclick>Skin.ToggleSetting(Touchmode)</onclick>
						<selected>Skin.HasSetting(Touchmode)</selected>
					</control>
				</control>
			</control>
		</control>
		<include>BehindDialogFadeOut</include>
	</controls>
</window>
