<?xml version="1.0" encoding="UTF-8"?>
<window>
	<defaultcontrol always="true">100</defaultcontrol>
	<controls>
		<control type="group">
			<visible>![Window.IsVisible(SliderDialog) | Window.IsVisible(OSDVideoSettings) | Window.IsVisible(OSDAudioSettings) | Window.IsVisible(OSDSubtitleSettings) | Window.IsVisible(VideoBookmarks) | Window.IsVisible(PVROSDChannels) | Window.IsVisible(PVRChannelGuide)]</visible>
			
			<control type="group">
		<visible>!Skin.HasSetting(Weatherinfo) + !String.IsEmpty(Weather.Plugin)</visible>
			<control type="image">
				<left>60</left>
				<top>60</top>
				<width>360</width>
				<height>60</height>
				<texture colordiffuse="black">backgrounds/bg_fade.png</texture>
			</control>
			<control type="image">
				<left>70</left>
				<top>60</top>
				<width>60</width>
				<height>60</height>
				<aspectratio>keep</aspectratio>
				<texture>$INFO[Weather.ConditionsIcon]</texture>
			</control>
			<control type="label">
				<left>140</left>
				<top>60</top>
				<width>100</width>
				<height>60</height>
				<align>left</align>
				<aligny>center</aligny>
				<font>menu.title</font>
				<textcolor>$INFO[Skin.String(color.500)]</textcolor>
				<label>[B]$INFO[Window(Weather).Property(Current.Temperature)][/B] $INFO[System.TemperatureUnits]</label>
			</control>
			<control type="label">
				<left>240</left>
				<top>60</top>
				<width>170</width>
				<height>60</height>
				<align>left</align>
				<aligny>center</aligny>
				<font>breadcrumb.secondary</font>
				<textcolor>white</textcolor>
				<label>$INFO[Window(Weather).Property(Current.Condition),]</label>
				<scroll>true</scroll>
			</control>
		</control>
		
		<control type="group">
		<visible>!Skin.HasSetting(Clock)</visible>
			<control type="image">
				<right>60</right>
				<top>60</top>
				<width>360</width>
				<height>60</height>
				<texture colordiffuse="black">backgrounds/bg_fade.png</texture>
			</control>
			<control type="label">
				<right>145</right>
				<top>60</top>
				<width>200</width>
				<height>60</height>
				<align>right</align>
				<aligny>center</aligny>
				<font>menu.title</font>
				<textcolor>$INFO[Skin.String(color.500)]</textcolor>
				<label>$INFO[System.Time(hh:mm)]</label>
			</control>
			<control type="label">
				<right>65</right>
				<top>60</top>
				<width>80</width>
				<height>60</height>
				<align>left</align>
				<aligny>center</aligny>
				<font>menu.title</font>
				<textcolor>$INFO[Skin.String(color.500)]</textcolor>
				<label>:$INFO[System.Time(ss)]</label>
			</control>
			<control type="label">
				<right>280</right>
				<top>60</top>
				<width>300</width>
				<height>60</height>
				<align>right</align>
				<aligny>center</aligny>
				<font>breadcrumb.secondary</font>
				<textcolor>white</textcolor>
				<label>$INFO[System.Date(dd:mm:yyyy]</label>
			</control>
		</control>
		</control>
		
		<!--all content-->
		<control type="group">
			<left>60</left>
			<top>120r</top>
			<width>1800</width>
			<visible>![Window.IsVisible(SliderDialog) | Window.IsVisible(OSDVideoSettings) | Window.IsVisible(OSDAudioSettings) | Window.IsVisible(OSDSubtitleSettings) | Window.IsVisible(VideoBookmarks) | Window.IsVisible(PVROSDChannels) | Window.IsVisible(PVRChannelGuide)]</visible>
			<control type="image" id="1">
				<top>5</top>
				<width>1800</width>
				<height>60</height>
				<texture colordiffuse="black">backgrounds/bg_fade.png</texture>
			</control>
			<!--background-->
			<control type="slider" id="87">
				<description>Seek Slider</description>
				<left>25</left>
				<top>-50</top>
				<width>1090</width>
				<height>7</height>
				<action>seek</action>
				<animation effect="fade" time="200">VisibleChange</animation>
				<visible>!VideoPlayer.Content(LiveTV)</visible>
			</control>
			<!-- !LiveTV -->
			<control type="grouplist" id="100">
				<left>10</left>
				<top>0</top>
				<onup>1000</onup>
				<ondown>1000</ondown>
				<onleft>254</onleft>
				<onright>251</onright>
				<orientation>horizontal</orientation>
				<itemgap></itemgap>
				<defaultcontrol always="true">202</defaultcontrol>
				<visible>!VideoPlayer.Content(LiveTV)</visible>
				<control type="button" id="200">
					<width>70</width>
					<height>70</height>
					<label>210</label>
					<font></font>
					<texturefocus colordiffuse="$INFO[Skin.String(color.500)]">osd/previous.png</texturefocus>
					<texturenofocus colordiffuse="white">osd/previous.png</texturenofocus>
					<onclick>PlayerControl(Previous)</onclick>
				</control>
				<control type="button" id="201">
					<width>70</width>
					<height>70</height>
					<label>31354</label>
					<font></font>
					<texturefocus colordiffuse="$INFO[Skin.String(color.500)]">osd/rewind.png</texturefocus>
					<texturenofocus colordiffuse="white">osd/rewind.png</texturenofocus>
					<onclick>PlayerControl(Rewind)</onclick>
				</control>
				<control type="togglebutton" id="202">
					<width>70</width>
					<height>70</height>
					<label>31351</label>
					<altlabel>208</altlabel>
					<font></font>
					<texturefocus colordiffuse="$INFO[Skin.String(color.500)]">osd/pause.png</texturefocus>
					<texturenofocus colordiffuse="white">osd/pause.png</texturenofocus>
					<usealttexture>Player.Paused | Player.Forwarding | Player.Rewinding</usealttexture>
					<alttexturefocus colordiffuse="$INFO[Skin.String(color.500)]">osd/play.png</alttexturefocus>
					<alttexturenofocus colordiffuse="white">osd/play.png</alttexturenofocus>
					<onclick>PlayerControl(Play)</onclick>
				</control>
				<control type="button" id="203">
					<width>70</width>
					<height>70</height>
					<label>31352</label>
					<font></font>
					<texturefocus colordiffuse="$INFO[Skin.String(color.500)]">osd/stop.png</texturefocus>
					<texturenofocus colordiffuse="white">osd/stop.png</texturenofocus>
					<onclick>PlayerControl(Stop)</onclick>
				</control>
				<control type="button" id="204">
					<width>70</width>
					<height>70</height>
					<label>31353</label>
					<font></font>
					<texturefocus colordiffuse="$INFO[Skin.String(color.500)]">osd/forward.png</texturefocus>
					<texturenofocus colordiffuse="white">osd/forward.png</texturenofocus>
					<onclick>PlayerControl(Forward)</onclick>
				</control>
				<control type="button" id="205">
					<width>70</width>
					<height>70</height>
					<label>209</label>
					<font></font>
					<texturefocus colordiffuse="$INFO[Skin.String(color.500)]">osd/next.png</texturefocus>
					<texturenofocus colordiffuse="white">osd/next.png</texturenofocus>
					<onclick>PlayerControl(Next)</onclick>
				</control>
			</control>
			<!-- LiveTV -->
			<control type="grouplist" id="100">
				<left>10</left>
				<top>0</top>
				<onup>1000</onup>
				<ondown>1000</ondown>
				<onleft>353</onleft>
				<onright>350</onright>
				<orientation>horizontal</orientation>
				<itemgap></itemgap>
				<defaultcontrol always="true">304</defaultcontrol>
				<visible>VideoPlayer.Content(LiveTV)</visible>
				<control type="button" id="300">
					<width>70</width>
					<height>70</height>
					<label>210</label>
					<font></font>
					<texturefocus colordiffuse="$INFO[Skin.String(color.500)]">osd/up.png</texturefocus>
					<texturenofocus colordiffuse="white">osd/up.png</texturenofocus>
					<onclick>PlayerControl(Previous)</onclick>
				</control>
				<control type="button" id="301">
					<width>70</width>
					<height>70</height>
					<label>31354</label>
					<font></font>
					<texturefocus colordiffuse="$INFO[Skin.String(color.500)]">osd/down.png</texturefocus>
					<texturenofocus colordiffuse="white">osd/down.png</texturenofocus>
					<onclick>PlayerControl(Next)</onclick>
				</control>
				<control type="button" id="304">
					<width>70</width>
					<height>70</height>
					<label>31351</label>
					<font></font>
					<texturefocus colordiffuse="$INFO[Skin.String(color.500)]">osd/stop.png</texturefocus>
					<texturenofocus colordiffuse="white">osd/stop.png</texturenofocus>
					<onclick>PlayerControl(Stop)</onclick>
				</control>
				<control type="button" id="306">
					<width>70</width>
					<height>70</height>
					<label>19019</label>
					<font></font>
					<texturefocus colordiffuse="$INFO[Skin.String(color.500)]">osd/channels.png</texturefocus>
					<texturenofocus colordiffuse="white">osd/channels.png</texturenofocus>
					<onclick>ActivateWindow(PVROSDChannels)</onclick>
					<onclick>Dialog.Close(VideoOSD)</onclick>
				</control>
				<control type="button" id="307">
					<width>70</width>
					<height>70</height>
					<label>$LOCALIZE[19029]$INFO[VideoPlayer.ChannelName, - ]</label>
					<font></font>
					<texturefocus colordiffuse="$INFO[Skin.String(color.500)]">osd/guide.png</texturefocus>
					<texturenofocus colordiffuse="white">osd/guide.png</texturenofocus>
					<onclick>ActivateWindow(PVRChannelGuide)</onclick>
					<onclick>Dialog.Close(VideoOSD)</onclick>
				</control>
			</control>
			<!-- !LiveTV -->
			<control type="grouplist" id="101">
				<left>380r</left>
				<top>0</top>
				<onup>1000</onup>
				<ondown>1000</ondown>
				<onleft>205</onleft>
				<onright>200</onright>
				<align>right</align>
				<orientation>horizontal</orientation>
				<itemgap></itemgap>
				<visible>!VideoPlayer.Content(LiveTV)</visible>
				<control type="button" id="251">
					<visible>!String.IsEmpty(VideoPlayer.Plot)</visible>
					<width>70</width>
					<height>70</height>
					<label>13395</label>
					<font></font>
					<texturefocus colordiffuse="$INFO[Skin.String(color.500)]">osd/plot.png</texturefocus>
					<texturenofocus colordiffuse="white">osd/plot.png</texturenofocus>
					<onclick>Info</onclick>
				</control>
				<control type="button" id="252">
					<width>70</width>
					<height>70</height>
					<label>13395</label>
					<font></font>
					<texturefocus colordiffuse="$INFO[Skin.String(color.500)]">osd/video.png</texturefocus>
					<texturenofocus colordiffuse="white">osd/video.png</texturenofocus>
					<onclick>ActivateWindow(OSDVideoSettings)</onclick>
				</control>
				<control type="button" id="253">
					<width>70</width>
					<height>70</height>
					<label>13396</label>
					<font></font>
					<texturefocus colordiffuse="$INFO[Skin.String(color.500)]">osd/audio.png</texturefocus>
					<texturenofocus colordiffuse="white">osd/audio.png</texturenofocus>
					<onclick>ActivateWindow(OSDAudioSettings)</onclick>
				</control>
				<control type="button" id="254">
					<width>70</width>
					<height>70</height>
					<label>31355</label>
					<font></font>
					<texturefocus colordiffuse="$INFO[Skin.String(color.500)]">osd/bookmarks.png</texturefocus>
					<texturenofocus colordiffuse="white">osd/bookmarks.png</texturenofocus>
					<onclick>ActivateWindow(VideoBookmarks)</onclick>
				</control>
				<control type="button" id="255">
					<width>70</width>
					<height>70</height>
					<label>31355</label>
					<font></font>
					<texturefocus colordiffuse="$INFO[Skin.String(color.500)]">osd/subtitle.png</texturefocus>
					<texturenofocus colordiffuse="white">osd/subtitle.png</texturenofocus>
					<onclick>ActivateWindow(OSDSubtitleSettings)</onclick>
				</control>
				
			</control>
			<!-- LiveTV -->
			<control type="grouplist" id="101">
				<left>380r</left>
				<top>0</top>
				<onup>1000</onup>
				<ondown>1000</ondown>
				<onleft>307</onleft>
				<onright>300</onright>
				<align>right</align>
				<orientation>horizontal</orientation>
				<itemgap></itemgap>
				<visible>VideoPlayer.Content(LiveTV)</visible>
				<control type="button" id="350">
					<width>70</width>
					<height>70</height>
					<label>31356</label>
					<font></font>
					<texturefocus colordiffuse="$INFO[Skin.String(color.500)]">osd/plot.png</texturefocus>
					<texturenofocus colordiffuse="white">osd/plot.png</texturenofocus>
					<onclick>Info</onclick>
				</control>
				<control type="button" id="351">
					<width>70</width>
					<height>70</height>
					<label>13395</label>
					<font></font>
					<texturefocus colordiffuse="$INFO[Skin.String(color.500)]">osd/video.png</texturefocus>
					<texturenofocus colordiffuse="white">osd/video.png</texturenofocus>
					<onclick>ActivateWindow(OSDVideoSettings)</onclick>
				</control>
				<control type="button" id="352">
					<width>70</width>
					<height>70</height>
					<label>13396</label>
					<font></font>
					<texturefocus colordiffuse="$INFO[Skin.String(color.500)]">osd/audio.png</texturefocus>
					<texturenofocus colordiffuse="white">osd/audio.png</texturenofocus>
					<onclick>ActivateWindow(OSDAudioSettings)</onclick>
				</control>
				
				
				
			</control>
		</control>
	</controls>
</window>
