<?xml version="1.0" encoding="UTF-8"?>
<window type="dialog" id="1101">
	<defaultcontrol always="true">100</defaultcontrol>
	<onload>Skin.SetString(temp.color.primary, $INFO[Skin.String(color.primary)])</onload>
	<onload>Skin.SetString(temp.color.tertiary, $INFO[Skin.String(color.tertiary)])</onload>
	<onload>Skin.SetString(temp.color.disabled, $INFO[Skin.String(color.disabled)])</onload>
	<onload>Skin.SetString(temp.color.text, white)</onload>
	<onload>Skin.SetString(temp.color.border, $INFO[Skin.String(color.border)])</onload>
	<onload>Skin.SetString(temp.color.500, $INFO[Skin.String(color.500)])</onload>
	<onload>Skin.SetString(temp.color.900, $INFO[Skin.String(color.900)])</onload>
	<onload>Skin.SetString(temp.color.400, $INFO[Skin.String(color.400)])</onload>
	<onload>Skin.SetString(temp.color.alt, $INFO[Skin.String(color.alt)])</onload>
	<controls>
		<!--all content-->
		<control type="group">
			<centerleft>50%</centerleft>
			<width>1390</width>
			<visible>!Window.IsActive(script-skin_helper_service-ColorPicker.xml)</visible>
			<animation effect="slide" start="2015,0" end="0,0" time="400" tween="quadratic" easing="out">WindowOpen</animation>
			<animation effect="slide" start="0,0" end="-2015,0" time="400" tween="quadratic" easing="out" condition="!Window.IsActive(1100)">WindowClose</animation>
			<animation effect="slide" start="0,0" end="2015,0" time="400" tween="quadratic" easing="out" condition="Window.IsActive(1100)">WindowClose</animation>
			<animation effect="slide" start="-2015,0" end="0,0" time="400" tween="quadratic" easing="out">Visible</animation>
			<animation effect="slide" start="0,0" end="-2015,0" time="400" tween="quadratic" easing="out">Hidden</animation>
			<animation effect="slide" start="0,0" end="-125,0" time="300" condition="Window.IsActive(ShutdownMenu) + !String.IsEqual(Skin.AspectRatio,21:9)">Conditional</animation>
			<!--title bars and backgrounds-->
			<include content="DynamicDialogBackground">
				<param name="dialog-width" value="1390" />
				<param name="glow-width" value="1470" />
				<param name="subtitle-visible" value="true" />
				<param name="subtitle-height" value="70" />
				<param name="buttonbar-visible" value="true" />
				<param name="buttonbar-height" value="70" />
				<param name="background-visible" value="true" />
			</include>
			<!--close window button-->
			<control type="button">
				<left>5</left>
				<top>0</top>
				<width>50</width>
				<height>25</height>
				<label></label>
				<font></font>
				<onclick>PreviousMenu</onclick>
				<texturefocus>DialogCloseButton-focus.png</texturefocus>
				<texturenofocus>DialogCloseButton.png</texturenofocus>
				<onleft>2</onleft>
				<onright>13</onright>
				<onup>13</onup>
				<ondown>2</ondown>
				<visible>system.getbool(input.enablemouse)</visible>
			</control>
			<!--header-->
			<control type="label">
				<left>45</left>
				<top>25</top>
				<width>1300</width>
				<height>60</height>
				<font>info.title</font>
				<align>left</align>
				<aligny>center</aligny>
				<textcolor>white</textcolor>
				<label>$LOCALIZE[31920]</label>
			</control>
			<!--choose theme-->
			<control type="grouplist" id="9010">
				<top>120</top>
				<centerleft>50%</centerleft>
				<width>800</width>
				<height>60</height>
				<align>justify</align>
				<orientation>horizontal</orientation>
				<onleft>9010</onleft>
				<onright>9010</onright>
				<onup>9000</onup>
				<ondown>100</ondown>
				<!--light theme-->
				<control type="button" id="810">
					<width>200</width>
					<height>50</height>
					<label>$LOCALIZE[31917]</label>
					<align>center</align>
					<texturefocus colordiffuse="white">backgrounds/white.png</texturefocus>
					<textcolor>white</textcolor>
					<focusedcolor>$INFO[Skin.String(color.900)]</focusedcolor>
					<include>ButtonCommonValues</include>
					<onclick>Skin.SetString(temp.color.primary, FFFFFFFF)</onclick>
					<onclick>Skin.SetString(temp.color.tertiary, FFF1F1F1)</onclick>
					<onclick>Skin.SetString(temp.color.disabled, AABBBBBB)</onclick>
					<onclick>Skin.SetString(temp.color.text, FF666666)</onclick>
					<onclick>Skin.SetString(temp.color.border, FFCCCCCC)</onclick>
				</control>
				<!--dark theme-->
				<control type="button" id="811">
					<width>200</width>
					<height>50</height>
					<label>$LOCALIZE[31918]</label>
					<align>center</align>
					<texturefocus colordiffuse="white">backgrounds/white.png</texturefocus>
					<textcolor>white</textcolor>
					<focusedcolor>$INFO[Skin.String(color.900)]</focusedcolor>
					<include>ButtonCommonValues</include>
					<onclick>Skin.SetString(temp.color.primary, FF4BBEFC)</onclick>
					<onclick>Skin.SetString(temp.color.tertiary, FF444444)</onclick>
					<onclick>Skin.SetString(temp.color.disabled, AA606060)</onclick>
					<onclick>Skin.SetString(temp.color.text, FFEEEEEE)</onclick>
					<onclick>Skin.SetString(temp.color.border, FF555555)</onclick>
				</control>
			</control>
			<control type="group">
				<centerleft>50%</centerleft>
				<top>240</top>
				<width>1260</width>
				<height>700</height>
				<!--background glow-->
				<control type="image">
					<left>-40</left>
					<top>-40</top>
					<width>1340</width>
					<height>780</height>
					<texture background="true" border="41,41,41,41">backgrounds/dialog bg.png</texture>
				</control>
				<control type="group">
					<top>110</top>
					<bottom>70</bottom>
					<!--background-->
					<control type="image">
						<left>300</left>
						<right>0</right>
						<top>0</top>
						<height>100%</height>
						<texture background="true" colordiffuse="$INFO[Skin.String(temp.color.tertiary)]">backgrounds/white.png</texture>
					</control>
					<!--side bar-->
					<control type="image">
						<left>0</left>
						<top>0</top>
						<width>300</width>
						<height>100%</height>
						<texture background="true" colordiffuse="$INFO[Skin.String(temp.color.900)]">backgrounds/white.png</texture>
					</control>
					<!--side blade shadow-->
					<control type="image">
						<left>300</left>
						<top>0</top>
						<width>20</width>
						<height>100%</height>
						<texture background="true">sidebarshadow.png</texture>
						<animation effect="fade" start="100" end="75" time="0" condition="true">Conditional</animation>
					</control>
				</control>
				<!--title background-->
				<control type="image">
					<left>0</left>
					<top>0</top>
					<width>1260</width>
					<height>110</height>
					<texture background="true" colordiffuse="$INFO[Skin.String(temp.color.500)]">backgrounds/white.png</texture>
				</control>
				<!--title shadow-->
				<control type="image">
					<left>0</left>
					<top>110</top>
					<width>1260</width>
					<height>20</height>
					<texture background="true">homeshadow.png</texture>
					<animation effect="fade" start="100" end="75" time="0" condition="true">Conditional</animation>
				</control>
				<control type="group">
					<top>70r</top>
					<!--buttons bg-->
					<control type="image">
						<left>0</left>
						<width>1260</width>
						<height>70</height>
						<texture background="true" colordiffuse="$INFO[Skin.String(temp.color.primary)]">backgrounds/white.png</texture>
					</control>
					<!--buttons shadow-->
					<control type="image">
						<left>0</left>
						<top>-10</top>
						<width>1260</width>
						<height>10</height>
						<texture flipy="true" background="true">homeshadow.png</texture>
						<animation effect="fade" start="100" end="75" time="0" condition="true">Conditional</animation>
					</control>
				</control>
				<!--title button-->
				<control type="button" id="100">
					<left>0</left>
					<top>0</top>
					<width>1260</width>
					<height>110</height>
					<onup>9010</onup>
					<ondown>199</ondown>
					<onleft>100</onleft>
					<onright>100</onright>
					<texturefocus border="6" colordiffuse="$INFO[Skin.String(temp.color.text)]">button-border-5.png</texturefocus>
					<onclick>RunScript(script.skin.helper.colorpicker,skinstring=temp.color.500)</onclick>
					<textcolor>$INFO[Skin.String(temp.color.text)]</textcolor>
					<label>[UPPERCASE]#$INFO[Skin.String(temp.color.500)][/UPPERCASE]</label>
				</control>
				<control type="group" id="199">
					<top>110</top>
					<bottom>70</bottom>
					<!--side bar button-->
					<control type="button" id="101">
						<left>0</left>
						<top>0</top>
						<width>300</width>
						<height>100%</height>
						<onup>100</onup>
						<ondown>103</ondown>
						<onleft>102</onleft>
						<onright>102</onright>
						<texturefocus border="6" colordiffuse="$INFO[Skin.String(temp.color.text)]">button-border-5.png</texturefocus>
						<onclick>RunScript(script.skin.helper.colorpicker,skinstring=temp.color.900)</onclick>
						<textcolor>$INFO[Skin.String(temp.color.text)]</textcolor>
						<label>[UPPERCASE]#$INFO[Skin.String(temp.color.900)][/UPPERCASE]</label>
					</control>
					<!--background button-->
					<control type="button" id="102">
						<left>300</left>
						<top>0</top>
						<width>960</width>
						<height>100%</height>
						<onup>100</onup>
						<ondown>103</ondown>
						<onleft>101</onleft>
						<onright>101</onright>
						<texturefocus border="6" colordiffuse="$INFO[Skin.String(temp.color.text)]">button-border-5.png</texturefocus>
						<onclick>RunScript(script.skin.helper.colorpicker,skinstring=temp.color.tertiary)</onclick>
						<textcolor>$INFO[Skin.String(temp.color.text)]</textcolor>
						<label>[UPPERCASE]#$INFO[Skin.String(temp.color.tertiary)][/UPPERCASE]</label>
					</control>
				</control>
				<!--buttons bg button-->
				<control type="button" id="103">
					<left>0</left>
					<top>70r</top>
					<width>1260</width>
					<height>70</height>
					<onup>199</onup>
					<ondown>9000</ondown>
					<onleft>103</onleft>
					<onright>103</onright>
					<texturefocus border="6" colordiffuse="$INFO[Skin.String(temp.color.text)]">button-border-5.png</texturefocus>
					<onclick>RunScript(script.skin.helper.colorpicker,skinstring=temp.color.primary)</onclick>
					<textcolor>$INFO[Skin.String(temp.color.text)]</textcolor>
					<label>[UPPERCASE]#$INFO[Skin.String(temp.color.primary)][/UPPERCASE]</label>
				</control>
			</control>
			<!--buttons-->
			<control type="group">
				<!--controls-->
				<control type="grouplist" id="9000">
					<top>65r</top>
					<centerleft>50%</centerleft>
					<width>800</width>
					<height>60</height>
					<align>justify</align>
					<orientation>horizontal</orientation>
					<onleft>9000</onleft>
					<onright>9000</onright>
					<onup>103</onup>
					<ondown>9010</ondown>
					<!--ok button-->
					<control type="group" id="27710">
						<width>160</width>
						<height>60</height>
						<!--button circle border-->
						<control type="image">
							<left>0</left>
							<top>0</top>
							<width>60</width>
							<height>60</height>
							<texture colordiffuse="white">buttons/buttoncircleborder.png</texture>
							<visible>Control.HasFocus(10)</visible>
						</control>
						<!--button circle animation-->
						<control type="image">
							<left>-1</left>
							<top>-1</top>
							<width>62</width>
							<height>62</height>
							<texture colordiffuse="$INFO[Skin.String(color.500)]">buttons/buttoncircle.png</texture>
							<visible>Control.HasFocus(10)</visible>
							<animation effect="zoom" start="0" end="100" time="250" center="auto">Visible</animation>
						</control>
						<!--button-->
						<control type="button" id="10">
							<animation effect="fade" start="100" end="25" time="100" condition="!Control.IsEnabled(10)">Conditional</animation>
							<left>0</left>
							<top>0</top>
							<width>160</width>
							<height>60</height>
							<font>button</font>
							<align>left</align>
							<textoffsetx>60</textoffsetx>
							<textwidth>160</textwidth>
							<textcolor>white</textcolor>
							<focusedcolor>white</focusedcolor>
							<disabledcolor>white</disabledcolor>
							<texturefocus border="58,0,0,0" colordiffuse="white">buttons/yesbuttonf.png</texturefocus>
							<texturenofocus border="58,0,0,0" colordiffuse="white">buttons/yesbutton.png</texturenofocus>
							<label>186</label>
							<onclick>Skin.SetString(color.primary, $INFO[Skin.String(temp.color.primary)])</onclick>
							<onclick>Skin.SetString(color.tertiary, $INFO[Skin.String(temp.color.tertiary)])</onclick>
							<onclick>Skin.SetString(color.disabled, $INFO[Skin.String(temp.color.disabled)])</onclick>
							<onclick>Skin.SetString(color.text, $INFO[Skin.String(temp.color.text)])</onclick>
							<onclick>Skin.SetString(color.border, $INFO[Skin.String(temp.color.border)])</onclick>
							<onclick>Skin.SetString(color.500, $INFO[Skin.String(temp.color.500)])</onclick>
							<onclick>Skin.SetString(color.900, $INFO[Skin.String(temp.color.900)])</onclick>
							<onclick>Skin.SetString(color.400, $INFO[Skin.String(temp.color.400)])</onclick>
							<onclick>Skin.SetString(color.alt, $INFO[Skin.String(temp.color.alt)])</onclick>
							<onclick>Dialog.Close(all)</onclick>
							<onup>103</onup>
							<ondown>9010</ondown>
							<onleft>11</onleft>
							<onright>11</onright>
						</control>
					</control>
					<!--custom button-->
					<include content="AnimatedCircleButtonGroup">
						<param name="button-id" value="11" />
						<param name="button-width" value="160" />
						<param name="button-texture" value="nobutton" />
						<param name="button-label" value="222" />
						<param name="button-onclick" value="Close" />
						<param name="button-onup" value="103" />
						<param name="button-ondown" value="9010" />
						<param name="button-onleft" value="10" />
						<param name="button-onright" value="10" />
					</include>
				</control>
			</control>
		</control>
	</controls>
</window>