<?xml version="1.0" encoding="UTF-8"?>
<window type="dialog" id="1111">
	<defaultcontrol>9000</defaultcontrol>
	<controls>
		<include>BehindDialogFadeOut</include>
		<!--all content-->
		<control type="group">
			<left>0r</left>
			<width>405</width>
			<include>SideBladeRight</include>
			
			
			<control type="button">
				<visible>Skin.HasSetting(Touchmode)</visible>
				<description>Home push button</description>
				<left>40</left>
				<top>10</top>
				<width>70</width>
				<height>70</height>
				<label></label>
				<font/>
				<onclick>PreviousMenu</onclick>
				<texturefocus colordiffuse="$INFO[Skin.String(color.500)]">icons/home.png</texturefocus>
				<texturenofocus colordiffuse="white">icons/home.png</texturenofocus>
				<onleft></onleft>
				<onright></onright>
				<onup></onup>
				<ondown></ondown>
			</control>
			
			<!--title-->
			<control type="label">
				<left>40</left>
				<top>15</top>
				<width>355</width>
				<height>60</height>
				<font>menu.title</font>
				<textcolor>$INFO[Skin.String(color.500)]</textcolor>
				<align>center</align>
				<aligny>center</aligny>
				<label>Suche</label>
			</control>
			<control type="group">
				<top>100</top>
				<bottom>0</bottom>
				<!--buttons grouplist-->
				<control type="grouplist" id="9000">
					<left>40</left>
					<width>355</width>
					<height>100%</height>
					<onleft>9000</onleft>
					<onright>9000</onright>
					<onup>9000</onup>
					<ondown>9000</ondown>
					<itemgap>0</itemgap>
					<align>left</align>
					<control type="button" id="2">
						<include>ButtonCommonValues</include>
						<onclick>Dialog.Close(all)</onclick>
						<onclick condition="System.hasAddon(script.globalsearch)">RunScript(script.globalsearch)</onclick>
						<onclick condition="!System.hasAddon(script.globalsearch)">InstallAddon(script.globalsearch)</onclick>
						<label>Globale Suche</label>
						<align>center</align>
					</control>
					<control type="button" id="3">
						<include>ButtonCommonValues</include>
						<onclick>Dialog.Close(all)</onclick>
						<onclick>ActivateWindow(addonbrowser,addons://search/,return)</onclick>
						<label>Addons</label>
						<align>center</align>
					</control>
					<control type="togglebutton" id="5">
						<include>ButtonCommonValues</include>
						<onclick>Dialog.Close(all)</onclick>
						<onclick condition="System.hasAddon(plugin.video.youtube)">ActivateWindow(10025,&quot;plugin://plugin.video.youtube/kodion/search/list/&quot;,return)</onclick>
						<onclick condition="!System.hasAddon(plugin.video.youtube)">InstallAddon(plugin.video.youtube)</onclick>
						<label>Youtube</label>
						<align>center</align>
					</control>
					
				</control>
			</control>
		</control>
	</controls>
</window>