<?xml version="1.0" encoding="UTF-8"?>
<window>
	<defaultcontrol always="true">10</defaultcontrol>
	<controls>
		<!--all content-->
		<control type="group">
			<centerleft>50%</centerleft>
			<width>1210</width>
			<animation effect="slide" start="1925,0" end="0,0" time="400" tween="quadratic" easing="out">WindowOpen</animation>
			<animation effect="slide" start="0,0" end="-1925,0" time="400" tween="quadratic" easing="out">WindowClose</animation>
			<animation effect="slide" start="0,0" end="-35,0" time="300" condition="Window.IsActive(ShutdownMenu) + !String.IsEqual(Skin.AspectRatio,21:9)">Conditional</animation>
			<!--title bars and backgrounds-->
			<include content="DynamicDialogBackground">
				<param name="dialog-width" value="1210" />
				<param name="glow-width" value="1290" />
				<param name="buttonbar-visible" value="true" />
				<param name="buttonbar-height" value="70" />
			</include>
			<!--close window button-->
			<control type="button">
				<left>5</left>
				<top>0</top>
				<width>50</width>
				<height>25</height>
				<label></label>
				<font></font>
				<onclick>PreviousMenu</onclick>
				<texturefocus>DialogCloseButton-focus.png</texturefocus>
				<texturenofocus>DialogCloseButton.png</texturenofocus>
				<onleft>9000</onleft>
				<onright>9000</onright>
				<onup>9000</onup>
				<ondown>9000</ondown>
				<visible>system.getbool(input.enablemouse)</visible>
			</control>
			<!--main content-->
			<control type="group">
				<top>45</top>
				<!--title-->
				<control type="label">
					<left>45</left>
					<top>-20</top>
					<width>1120</width>
					<height>60</height>
					<font>info.title</font>
					<align>left</align>
					<aligny>center</aligny>
					<textcolor>white</textcolor>
					<label>$LOCALIZE[29900]</label>
				</control>
				<!--left info list-->
				<control type="list" id="901">
					<left>50</left>
					<top>105</top>
					<width>550</width>
					<height>400</height>
					<onleft>902</onleft>
					<onright>902</onright>
					<onup>9000</onup>
					<ondown>60</ondown>
					<pagecontrol></pagecontrol>
					<scrolltime>200</scrolltime>
					<itemlayout height="40">
						<control type="label">
							<left>20</left>
							<top>0</top>
							<width>120</width>
							<height>35</height>
							<font>secondary.info</font>
							<align>left</align>
							<aligny>center</aligny>
							<textcolor>$INFO[Skin.String(color.500)]</textcolor>
							<selectedcolor>selected</selectedcolor>
							<info>ListItem.Label</info>
						</control>
						<control type="label">
							<left>150</left>
							<top>0</top>
							<width>380</width>
							<height>35</height>
							<font>secondary.info</font>
							<align>left</align>
							<aligny>center</aligny>
							<textcolor>white</textcolor>
							<selectedcolor>white</selectedcolor>
							<label fallback="33077">$INFO[ListItem.Label2]</label>
						</control>
					</itemlayout>
					<focusedlayout height="40">
						<control type="image">
							<left>-3</left>
							<top>8</top>
							<width>20</width>
							<height>20</height>
							<visible>Control.HasFocus(901)</visible>
							<texture colordiffuse="$INFO[Skin.String(color.500)]">buttons/buttoncircle.png</texture>
						</control>
						<control type="label">
							<left>20</left>
							<top>0</top>
							<width>120</width>
							<height>35</height>
							<font>secondary.info</font>
							<align>left</align>
							<aligny>center</aligny>
							<textcolor>$INFO[Skin.String(color.500)]</textcolor>
							<selectedcolor>selected</selectedcolor>
							<info>ListItem.Label</info>
						</control>
						<control type="label">
							<left>150</left>
							<top>0</top>
							<width>380</width>
							<height>35</height>
							<font>secondary.info</font>
							<align>left</align>
							<aligny>center</aligny>
							<textcolor>white</textcolor>
							<selectedcolor>white</selectedcolor>
							<label fallback="33077">$INFO[ListItem.Label2]</label>
						</control>
					</focusedlayout>
					<content>
						<item id="1">
							<description>Composer</description>
							<label>$LOCALIZE[29903]</label>
							<label2>$INFO[RDS.Composer]</label2>
							<visible>!String.IsEmpty(RDS.Composer)</visible>
						</item>
						<item id="2">
							<description>Artist</description>
							<label>$LOCALIZE[557]</label>
							<label2>$INFO[RDS.Artist]</label2>
							<visible>String.IsEmpty(RDS.Band) + !String.IsEmpty(RDS.Artist)</visible>
						</item>
						<item id="3">
							<description>Band</description>
							<label>$LOCALIZE[29901]</label>
							<label2>$INFO[RDS.Band]</label2>
							<visible>!String.IsEmpty(RDS.Band)</visible>
						</item>
						<item id="4">
							<description>Title</description>
							<label>$LOCALIZE[556]</label>
							<label2>$INFO[RDS.Title]</label2>
						</item>
						<item id="5">
							<description>Album</description>
							<label>$LOCALIZE[558]</label>
							<label2>$INFO[RDS.Album]</label2>
							<visible>!String.IsEmpty(RDS.Album)</visible>
						</item>
						<item id="5">
							<description>Conductor</description>
							<label>$LOCALIZE[29905]</label>
							<label2>$INFO[RDS.Conductor]</label2>
							<visible>!String.IsEmpty(RDS.Conductor)</visible>
						</item>
						<item id="6">
							<description>Program Style</description>
							<label>$LOCALIZE[29902]</label>
							<label2>$INFO[RDS.ProgStyle]</label2>
							<visible>!String.IsEmpty(RDS.ProgStyle)</visible>
						</item>
					</content>
				</control>
				<!--right info list-->
				<control type="list" id="902">
					<left>610</left>
					<top>105</top>
					<width>550</width>
					<height>400</height>
					<onleft>901</onleft>
					<onright>901</onright>
					<onup>9000</onup>
					<ondown>60</ondown>
					<pagecontrol></pagecontrol>
					<scrolltime>200</scrolltime>
					<itemlayout height="40">
						<control type="label">
							<left>20</left>
							<top>0</top>
							<width>180</width>
							<height>35</height>
							<font>secondary.info</font>
							<align>left</align>
							<aligny>center</aligny>
							<textcolor>$INFO[Skin.String(color.500)]</textcolor>
							<selectedcolor>selected</selectedcolor>
							<info>ListItem.Label</info>
						</control>
						<control type="label">
							<left>210</left>
							<top>0</top>
							<width>320</width>
							<height>35</height>
							<font>secondary.info</font>
							<align>left</align>
							<aligny>center</aligny>
							<textcolor>white</textcolor>
							<selectedcolor>white</selectedcolor>
							<label fallback="33077">$INFO[ListItem.Label2]</label>
						</control>
					</itemlayout>
					<focusedlayout height="40">
						<control type="image">
							<left>-3</left>
							<top>8</top>
							<width>20</width>
							<height>20</height>
							<visible>Control.HasFocus(902)</visible>
							<texture colordiffuse="$INFO[Skin.String(color.500)]">buttons/buttoncircle.png</texture>
						</control>
						<control type="label">
							<left>20</left>
							<top>0</top>
							<width>180</width>
							<height>35</height>
							<font>secondary.info</font>
							<align>left</align>
							<aligny>center</aligny>
							<textcolor>$INFO[Skin.String(color.500)]</textcolor>
							<selectedcolor>selected</selectedcolor>
							<info>ListItem.Label</info>
						</control>
						<control type="label">
							<left>210</left>
							<top>0</top>
							<width>320</width>
							<height>35</height>
							<font>secondary.info</font>
							<align>left</align>
							<aligny>center</aligny>
							<textcolor>white</textcolor>
							<selectedcolor>white</selectedcolor>
							<label fallback="33077">$INFO[ListItem.Label2]</label>
						</control>
					</focusedlayout>
					<content>
						<item id="1">
							<description>Program Host</description>
							<label>$LOCALIZE[29906]</label>
							<label2>$INFO[RDS.ProgHost]</label2>
							<visible>!String.IsEmpty(RDS.ProgHost)</visible>
						</item>
						<item id="2">
							<description>Comment</description>
							<label>$LOCALIZE[569]</label>
							<label2>$INFO[RDS.Comment]</label2>
							<visible>!String.IsEmpty(RDS.Comment)</visible>
						</item>
						<item id="3">
							<description>Editorial Staff</description>
							<label>$LOCALIZE[29907]</label>
							<label2>$INFO[RDS.ProgEditStaff]</label2>
							<visible>!String.IsEmpty(RDS.ProgEditStaff)</visible>
						</item>
						<item id="4">
							<description>Phone (Studio)</description>
							<label>$LOCALIZE[29910] ($LOCALIZE[29909])</label>
							<label2>$INFO[RDS.PhoneStudio]</label2>
							<visible>!String.IsEmpty(RDS.PhoneStudio)</visible>
						</item>
						<item id="5">
							<description>Email (Studio)</description>
							<label>$LOCALIZE[29911] ($LOCALIZE[29909])</label>
							<label2>$INFO[RDS.EmailStudio]</label2>
							<visible>!String.IsEmpty(RDS.EmailStudio)</visible>
						</item>
						<item id="6">
							<description>SMS (Studio)</description>
							<label>$LOCALIZE[29912] ($LOCALIZE[29909])</label>
							<label2>$INFO[RDS.SMSStudio]</label2>
							<visible>!String.IsEmpty(RDS.SMSStudio)</visible>
						</item>
						<item id="7">
							<description>Phone (Hotline)</description>
							<label>$LOCALIZE[29910] ($LOCALIZE[29913])</label>
							<label2>$INFO[RDS.PhoneHotline]</label2>
							<visible>!String.IsEmpty(RDS.PhoneHotline)</visible>
						</item>
						<item id="8">
							<description>Email (Hotline)</description>
							<label>$LOCALIZE[29911] ($LOCALIZE[29913])</label>
							<label2>$INFO[RDS.EmailHotline]</label2>
							<visible>!String.IsEmpty(RDS.EmailHotline)</visible>
						</item>
						<item id="9">
							<description>Website</description>
							<label>$LOCALIZE[29914]</label>
							<label2>$INFO[RDS.ProgHomepage]</label2>
							<visible>!String.IsEmpty(RDS.ProgHomepage)</visible>
						</item>
					</content>
				</control>
				<control type="image">
					<left>60</left>
					<top>480</top>
					<width>1090</width>
					<height>1</height>
					<aspectratio>stretch</aspectratio>
					<texture colordiffuse="$INFO[Skin.String(color.500)]">backgrounds/white.png</texture>
				</control>
				<control type="grouplist">
					<top>480</top>
					<left>60</left>
					<width>1090</width>
					<itemgap>0</itemgap>
					<control type="label" id="420">
						<width>1090</width>
						<height>60</height>
						<font>button.bold</font>
						<textcolor>$INFO[Skin.String(color.500)]</textcolor>
						<align>center</align>
						<aligny>center</aligny>
						<label>$INFO[RDS.ProgStation]</label>
					</control>
					<control type="group">
						<height>26</height>
						<control type="label">
							<width>80</width>
							<font>secondary.info</font>
							<align>left</align>
							<aligny>center</aligny>
							<textcolor>$INFO[Skin.String(color.500)]</textcolor>
							<label>$LOCALIZE[19030]</label>
						</control>
						<control type="label">
							<left>90</left>
							<width>860</width>
							<font>secondary.info</font>
							<align>left</align>
							<aligny>center</aligny>
							<textcolor>white</textcolor>
							<label fallback="33077">$INFO[RDS.ProgNow]</label>
						</control>
					</control>
					<control type="group">
						<height>44</height>
						<control type="label">
							<width>80</width>
							<font>secondary.info</font>
							<align>left</align>
							<aligny>center</aligny>
							<textcolor>$INFO[Skin.String(color.500)]</textcolor>
							<label>$LOCALIZE[19031]</label>
						</control>
						<control type="label">
							<left>90</left>
							<width>860</width>
							<font>secondary.info</font>
							<align>left</align>
							<aligny>center</aligny>
							<textcolor>white</textcolor>
							<label fallback="33077">$INFO[RDS.ProgNext]</label>
						</control>
					</control>
				</control>
				<control type="image">
					<left>60</left>
					<top>650</top>
					<width>1090</width>
					<height>1</height>
					<aspectratio>stretch</aspectratio>
					<texture colordiffuse="$INFO[Skin.String(color.500)]">backgrounds/white.png</texture>
				</control>
				<control type="label">
					<left>495</left>
					<top>650</top>
					<width>600</width>
					<height>45</height>
					<font>secondary.info.light</font>
					<textcolor>white</textcolor>
					<scroll>true</scroll>
					<align>right</align>
					<aligny>center</aligny>
					<label>[COLOR=$INFO[Skin.String(color.500)]]$LOCALIZE[29915][/COLOR]$INFO[Container(400).CurrentPage, ( $LOCALIZE[31024] ]$INFO[Container(400).NumPages,/, )]</label>
				</control>
				<control type="spincontrol" id="60">
					<description>Next page button</description>
					<left>1095</left>
					<top>657</top>
					<subtype>page</subtype>
					<font></font>
					<onleft>60</onleft>
					<onright>60</onright>
					<ondown>9000</ondown>
					<onup>902</onup>
					<textcolor></textcolor>
					<showonepage>true</showonepage>
					<textureupfocus colordiffuse="$INFO[Skin.String(color.500)]">scroll-up-2.png</textureupfocus>
					<texturedownfocus colordiffuse="$INFO[Skin.String(color.500)]">scroll-down-2.png</texturedownfocus>
				</control>
				<control type="textbox" id="22">
					<description>Plot value</description>
					<left>65</left>
					<top>697</top>
					<width>1090</width>
					<height>290</height>
					<font>label</font>
					<align>justify</align>
					<textcolor>white</textcolor>
					<pagecontrol>60</pagecontrol>
					<label></label>
				</control>
				<!--bottom buttons-->
				<control type="grouplist" id="9000">
					<centerleft>50%</centerleft>
					<top>65r</top>
					<width>1000</width>
					<height>60</height>
					<align>justify</align>
					<orientation>horizontal</orientation>
					<onleft>9000</onleft>
					<onright>9000</onright>
					<onup>60</onup>
					<ondown>60</ondown>
					<!--ok button-->
					<include content="AnimatedCircleButtonGroup">
						<param name="button-id" value="10" />
						<param name="button-width" value="130" />
						<param name="button-texture" value="yesbutton" />
						<param name="button-label" value="186" />
						<param name="button-onup" value="60" />
						<param name="button-ondown" value="901" />
					</include>
				</control>
			</control>
		</control>
	</controls>
</window>