<?xml version="1.0" encoding="UTF-8"?>
<window>
	<defaultcontrol>11</defaultcontrol>
	<controls>
		<control type="image">
			<width>100%</width>
			<height>100%</height>
			<texture>black-back.png</texture>
			<animation effect="fade" time="300">WindowOpen</animation>
			<animation effect="fade" time="150">WindowClose</animation>
		</control>
		<!--all content-->
		<control type="group">
			<height>160</height>
			<centertop>80</centertop>
			<visible>!Window.IsActive(FileBrowser) + !Window.IsActive(ShutdownMenu)</visible>
			<animation effect="slide" start="0,-200" end="0,0" time="100" tween="quadratic" easing="out">WindowOpen</animation>
			<animation effect="slide" start="0,0" end="0,-200" time="100" tween="quadratic" easing="out">WindowClose</animation>
			<animation effect="slide" start="0,-200" end="0,0" time="100" tween="quadratic" easing="out">Visible</animation>
			<animation effect="slide" start="0,0" end="0,-200" time="100" tween="quadratic" easing="out">Hidden</animation>
			<!--title bars and backgrounds-->
			<include content="DynamicDialogBackground">
				<param name="dialog-height" value="160" />
				<param name="glow-height" value="240" />
				<param name="title-height" value="80" />
			</include>
			<control type="group">
				<centerleft>50%</centerleft>
				<width>630</width>
				<control type="label" id="10">
					<description>Dialog header</description>
					<top>10</top>
					<width>315</width>
					<height>60</height>
					<align>left</align>
					<aligny>center</aligny>
					<font>menu.title</font>
					<textcolor>white</textcolor>
				</control>
				<control type="label" id="12">
					<description>Slider Value</description>
					<left>315</left>
					<top>10</top>
					<width>315</width>
					<height>60</height>
					<align>right</align>
					<aligny>center</aligny>
					<font>button.bold</font>
					<textcolor>white</textcolor>
				</control>
				<control type="slider" id="11">
					<description>Slider</description>
					<top>110</top>
					<width>630</width>
					<height>30</height>
					<aligny>center</aligny>
					<texturefocus></texturefocus>
					<texturenofocus></texturenofocus>
					<texturesliderbar colordiffuse="white">osd_slider_bg_3.png</texturesliderbar>
					<textureslidernib colordiffuse="$INFO[Skin.String(color.500)]">osd_slider_nibNF.png</textureslidernib>
					<textureslidernibfocus colordiffuse="$INFO[Skin.String(color.500)]">osd_slider_nib.png</textureslidernibfocus>
					<onup>11</onup>
					<ondown>11</ondown>
					<onleft>11</onleft>
					<onright>11</onright>
				</control>
			</control>
		</control>
	</controls>
</window>