<?xml version="1.0" encoding="UTF-8"?>
<fonts>
	<fontset id="Default" idloc="31390">
		<!--Unity Fonts-->
		<font>
			<name>info.title</name>
			<filename>Greyscale_Regular.ttf</filename>
			<size>50</size>
			<linespacing>0.9</linespacing>
			<style>bold</style>
		</font>
		<font>
			<name>main.menu</name>
			<filename>Greyscale_Regular.ttf</filename>
			<size>40</size>
			<linespacing>0.9</linespacing>
			<style>uppercase</style>
			<style>bold</style>
		</font>
		<font>
			<name>main.menu2</name>
			<filename>Greyscale_Regular.ttf</filename>
			<size>60</size>
			<linespacing>0.9</linespacing>
			<style>bold</style>
		</font>
		<font>
			<name>breadcrumb</name>
			<filename>Greyscale_Regular.ttf</filename>
			<size>35</size>
			<linespacing>0.9</linespacing>
			<style>uppercase</style>
			<style>bold</style>
		</font>
		<font>
			<name>breadcrumb.secondary</name>
			<filename>Greyscale_Regular.ttf</filename>
			<size>25</size>
			<style>uppercase</style>
			<style>bold</style>
		</font>
		<font>
			<name>breadcrumb.secondary2</name>
			<filename>Greyscale_Regular.ttf</filename>
			<size>25</size>
			<style>bold</style>
		</font>
		<font>
			<name>breadcrumb.tertiary</name>
			<filename>Greyscale_Regular.ttf</filename>
			<size>23</size>
			<style>uppercase</style>
			<style>bold</style>

		</font>
		<font>
			<name>label</name>
			<filename>Greyscale_Regular.ttf</filename>
			<size>32</size>
			<linespacing>1</linespacing>
			<style>bold</style>
		</font>
		<font>
			<name>secondary.info</name>
			<filename>Greyscale_Bold.ttf</filename>
			<size>27</size>
			<style>bold</style>
		</font>
		<font>
			<name>secondary.info.light</name>
			<filename>Greyscale_Regular.ttf</filename>
			<size>27</size>
			<style>bold</style>
		</font>
		<font>
			<name>secondary.info.small</name>
			<filename>Greyscale_Regular.ttf</filename>
			<size>25</size>
			<style>bold</style>
		</font>
		<font>
			<name>secondary.info.big</name>
			<filename>Greyscale_Regular.ttf</filename>
			<size>30</size>
			<style>bold</style>
		</font>
		<font>
			<name>menu.title</name>
			<filename>Greyscale_Regular.ttf</filename>
			<size>45</size>
			<linespacing>0.9</linespacing>
			<style>bold</style>
		</font>
		<font>
			<name>channel</name>
			<filename>Roboto-Black.ttf</filename>
			<size>33</size>
			<linespacing>0.9</linespacing>
			<style>bold</style>
		</font>
		<font>
			<name>button</name>
			<filename>Greyscale_Regular.ttf</filename>
			<size>45</size>
			<style>bold</style>
		</font>
		<font>
			<name>button.bold</name>
			<filename>Greyscale_Bold.ttf</filename>
			<size>45</size>
			<style>bold</style>
		</font>
		<font>
			<name>kai.primary</name>
			<filename>Roboto-Medium.ttf</filename>
			<size>29</size>
			<style>bold</style>
		</font>
		<font>
			<name>kai.secondary</name>
			<filename>Greyscale_Regular.ttf</filename>
			<size>25</size>
			<style>bold</style>
		</font>
		<!-- Normal Fonts -->
		<font>
			<name>font10</name>
			<filename>Greyscale_Regular.ttf</filename>
			<size>21</size>
		</font>
		<font>
			<name>font12</name>
			<filename>Greyscale_Regular.ttf</filename>
			<size>31</size>
			<style>bold</style>

		</font>
		<font>
			<name>font13</name>
			<filename>Greyscale_Regular.ttf</filename>
			<size>35</size>
			<style>bold</style>

		</font>
		<font>
			<name>font14</name>
			<filename>Greyscale_Regular.ttf</filename>
			<size>33</size>
		</font>
		<font>
			<name>font16</name>
			<filename>Greyscale_Regular.ttf</filename>
			<size>38</size>
		</font>
		<font>
			<name>font30</name>
			<filename>Greyscale_Regular.ttf</filename>
			<size>45</size>
		</font>
		<font>
			<name>fontContextMenu</name>
			<filename>Greyscale_Regular.ttf</filename>
			<size>27</size>
		</font>
		<!-- Title Fonts -->
		<font>
			<name>font10_title</name>
			<filename>Greyscale_Bold.ttf</filename>
			<size>18</size>
		</font>
		<font>
			<name>font12_title</name>
			<filename>Greyscale_Bold.ttf</filename>
			<size>26</size>
		</font>
		<font>
			<name>font13_title</name>
			<filename>Greyscale_Bold.ttf</filename>
			<size>30</size>
		</font>
		<font>
			<name>font24_title</name>
			<filename>Greyscale_Bold.ttf</filename>
			<size>36</size>
		</font>
		<font>
			<name>font28_title</name>
			<filename>Greyscale_Bold.ttf</filename>
			<size>42</size>
		</font>
		<font>
			<name>font30_title</name>
			<filename>Greyscale_Bold.ttf</filename>
			<size>45</size>
		</font>
		<font>
			<name>font35_title</name>
			<filename>Greyscale_Bold.ttf</filename>
			<size>52</size>
		</font>
		<font>
			<name>font_MainMenu</name>
			<filename>Greyscale_Bold.ttf</filename>
			<size>60</size>
		</font>
		<font>
			<name>WeatherTemp</name>
			<filename>Greyscale_Bold.ttf</filename>
			<size>120</size>
		</font>
	</fontset>
</fonts>