<?xml version="1.0" encoding="UTF-8"?>
<includes>
	<variable name="BackgroundVar">
		<!-- extrafanart background -->
		<value condition="!Skin.HasSetting(HideBackGroundFanart) + Skin.HasSetting(SkinHelper.EnableExtraFanart) + !String.IsEmpty(Window(Home).Property(SkinHelper.ListItem.Art.ExtraFanArt))">$INFO[Window(Home).Property(SkinHelper.ListItem.Art.ExtraFanArt)]</value>
		<!-- global background -->
		<value>$INFO[Skin.CurrentTheme,special://skin/extras/backgrounds/,.jpg]</value>
	</variable>
	
	<include name="RandomizeImages">
		<randomize>true</randomize>
	</include>
	<include name="fanartSpeed5">
		<timeperimage>5000</timeperimage>
	</include>
	<include name="fanartSpeed6">
		<timeperimage>6000</timeperimage>
	</include>
	<include name="fanartSpeed8">
		<timeperimage>8000</timeperimage>
	</include>
	<include name="fanartSpeed10">
		<timeperimage>10000</timeperimage>
	</include>
	<include name="fanartSpeed15">
		<timeperimage>15000</timeperimage>
	</include>
	<include name="fanartSpeed20">
		<timeperimage>20000</timeperimage>
	</include>
	<include name="fanartSpeed30">
		<timeperimage>30000</timeperimage>
	</include>
	<include name="fanartSpeed60">
		<timeperimage>60000</timeperimage>
	</include>
	<include name="fanartSpeed">
		<include condition="skin.string(BackgroundSwitchDelay, 6)">fanartSpeed6</include>
		<include condition="skin.string(BackgroundSwitchDelay, 5)">fanartSpeed5</include>
		<include condition="skin.string(BackgroundSwitchDelay, 8)">fanartSpeed8</include>
		<include condition="skin.string(BackgroundSwitchDelay, 10)">fanartSpeed10</include>
		<include condition="skin.string(BackgroundSwitchDelay, 15)">fanartSpeed15</include>
		<include condition="skin.string(BackgroundSwitchDelay, 20)">fanartSpeed20</include>
		<include condition="skin.string(BackgroundSwitchDelay, 30)">fanartSpeed30</include>
		<include condition="skin.string(BackgroundSwitchDelay, 60)">fanartSpeed60</include>
		<include condition="!skin.string(BackgroundSwitchDelay)">fanartSpeed30</include>
	</include>
	<variable name="fanartBackground">
		<value condition="Container.Scrolling"></value>
		<!-- normal fanart backgrounds -->
		<value condition="!String.IsEmpty(ListItem.Art(fanart))">$INFO[ListItem.Art(fanart)]</value>
		<value condition="!String.IsEmpty(Container.ListItem.Art(fanart))">$INFO[Container.ListItem.Art(fanart)]</value>
		<value condition="!String.IsEmpty(Container.Art(tvshow.fanart))">$INFO[Container.Art(tvshow.fanart)]</value>
		<value condition="!String.IsEmpty(Container.Art(artist.fanart))">$INFO[Container.Art(artist.fanart)]</value>
		<value condition="!String.IsEmpty(Container.Art(albumartist.fanart))">$INFO[Container.Art(albumartist.fanart)]</value>
	</variable>
<include name="CommonBackground">
		<!-- global background -->
		<control type="multiimage">
			<left>0</left>
			<top>0</top>
			<width>100%</width>
			<height>100%</height>
			<imagepath background="true" fallback="special://skin/extras/backgrounds/SKINDEFAULT.jpg">$VAR[BackgroundVar]</imagepath>
			<aspectratio>scale</aspectratio>
			<fadetime>450</fadetime>
			<loop>yes</loop>
			<include>fanartSpeed</include>
			<include condition="Skin.HasSetting(RandomizeBackground)">RandomizeImages</include>
		</control>
		<control type="image">
			<depth>DepthBackground</depth>
			<description>Normal Default Background Image 0</description>
			<include>BackgroundDimensions</include>
			<aspectratio>scale</aspectratio>
			<texture>special://skin/extras/backgrounds/multicoloured/RED.jpg</texture>
			<visible>Skin.HasSetting(UseColoredBackground) + ![Skin.HasSetting(UseCustomBackground) + !String.IsEmpty(Skin.String(CustomBackgroundPath))]</visible>
			<include>VisibleFadeEffect</include>
		</control>
		<control type="image">
			<depth>DepthBackground</depth>
			<description>Normal Default Background Image 1</description>
			<include>BackgroundDimensions</include>
			<aspectratio>scale</aspectratio>
			<texture>special://skin/extras/backgrounds/multicoloured/PINK.jpg</texture>
			<visible>Skin.HasSetting(UseColoredBackground1) + ![Skin.HasSetting(UseCustomBackground) + !String.IsEmpty(Skin.String(CustomBackgroundPath))]</visible>
			<include>VisibleFadeEffect</include>
		</control>
		<control type="image">
			<depth>DepthBackground</depth>
			<description>Normal Default Background Image 2</description>
			<include>BackgroundDimensions</include>
			<aspectratio>scale</aspectratio>
			<texture>special://skin/extras/backgrounds/multicoloured/PURPLE.jpg</texture>
			<visible>Skin.HasSetting(UseColoredBackground2) + ![Skin.HasSetting(UseCustomBackground) + !String.IsEmpty(Skin.String(CustomBackgroundPath))]</visible>
			<include>VisibleFadeEffect</include>
		</control>
		<control type="image">
			<depth>DepthBackground</depth>
			<description>Normal Default Background Image 3</description>
			<include>BackgroundDimensions</include>
			<aspectratio>scale</aspectratio>
			<texture>special://skin/extras/backgrounds/multicoloured/DEEP PURPLE.jpg</texture>
			<visible>Skin.HasSetting(UseColoredBackground3) + ![Skin.HasSetting(UseCustomBackground) + !String.IsEmpty(Skin.String(CustomBackgroundPath))]</visible>
			<include>VisibleFadeEffect</include>
		</control>
		<control type="image">
			<depth>DepthBackground</depth>
			<description>Normal Default Background Image 4</description>
			<include>BackgroundDimensions</include>
			<aspectratio>scale</aspectratio>
			<texture>special://skin/extras/backgrounds/multicoloured/INDIGO.jpg</texture>
			<visible>Skin.HasSetting(UseColoredBackground4) + ![Skin.HasSetting(UseCustomBackground) + !String.IsEmpty(Skin.String(CustomBackgroundPath))]</visible>
			<include>VisibleFadeEffect</include>
		</control>
		<control type="image">
			<depth>DepthBackground</depth>
			<description>Normal Default Background Image 5</description>
			<include>BackgroundDimensions</include>
			<aspectratio>scale</aspectratio>
			<texture>special://skin/extras/backgrounds/multicoloured/BLUE.jpg</texture>
			<visible>Skin.HasSetting(UseColoredBackground5) + ![Skin.HasSetting(UseCustomBackground) + !String.IsEmpty(Skin.String(CustomBackgroundPath))]</visible>
			<include>VisibleFadeEffect</include>
		</control>
		<control type="image">
			<depth>DepthBackground</depth>
			<description>Normal Default Background Image 6</description>
			<include>BackgroundDimensions</include>
			<aspectratio>scale</aspectratio>
			<texture>special://skin/extras/backgrounds/multicoloured/LIGHT BLUE.jpg</texture>
			<visible>Skin.HasSetting(UseColoredBackground6) + ![Skin.HasSetting(UseCustomBackground) + !String.IsEmpty(Skin.String(CustomBackgroundPath))]</visible>
			<include>VisibleFadeEffect</include>
		</control>
		<control type="image">
			<depth>DepthBackground</depth>
			<description>Normal Default Background Image 7</description>
			<include>BackgroundDimensions</include>
			<aspectratio>scale</aspectratio>
			<texture>special://skin/extras/backgrounds/multicoloured/CYAN.jpg</texture>
			<visible>Skin.HasSetting(UseColoredBackground7) + ![Skin.HasSetting(UseCustomBackground) + !String.IsEmpty(Skin.String(CustomBackgroundPath))]</visible>
			<include>VisibleFadeEffect</include>
		</control>
		<control type="image">
			<depth>DepthBackground</depth>
			<description>Normal Default Background Image 8</description>
			<include>BackgroundDimensions</include>
			<aspectratio>scale</aspectratio>
			<texture>special://skin/extras/backgrounds/multicoloured/TEAL.jpg</texture>
			<visible>Skin.HasSetting(UseColoredBackground8) + ![Skin.HasSetting(UseCustomBackground) + !String.IsEmpty(Skin.String(CustomBackgroundPath))]</visible>
			<include>VisibleFadeEffect</include>
		</control>
		<control type="image">
			<depth>DepthBackground</depth>
			<description>Normal Default Background Image 9</description>
			<include>BackgroundDimensions</include>
			<aspectratio>scale</aspectratio>
			<texture>special://skin/extras/backgrounds/multicoloured/GREEN.jpg</texture>
			<visible>Skin.HasSetting(UseColoredBackground9) + ![Skin.HasSetting(UseCustomBackground) + !String.IsEmpty(Skin.String(CustomBackgroundPath))]</visible>
			<include>VisibleFadeEffect</include>
		</control>
		<control type="image">
			<depth>DepthBackground</depth>
			<description>Normal Default Background Image 10</description>
			<include>BackgroundDimensions</include>
			<aspectratio>scale</aspectratio>
			<texture>special://skin/extras/backgrounds/multicoloured/LIGHT GREEN.jpg</texture>
			<visible>Skin.HasSetting(UseColoredBackground10) + ![Skin.HasSetting(UseCustomBackground) + !String.IsEmpty(Skin.String(CustomBackgroundPath))]</visible>
			<include>VisibleFadeEffect</include>
		</control>
		<control type="image">
			<depth>DepthBackground</depth>
			<description>Normal Default Background Image 11</description>
			<include>BackgroundDimensions</include>
			<aspectratio>scale</aspectratio>
			<texture>special://skin/extras/backgrounds/multicoloured/LIME.jpg</texture>
			<visible>Skin.HasSetting(UseColoredBackground11) + ![Skin.HasSetting(UseCustomBackground) + !String.IsEmpty(Skin.String(CustomBackgroundPath))]</visible>
			<include>VisibleFadeEffect</include>
		</control>
		<control type="image">
			<depth>DepthBackground</depth>
			<description>Normal Default Background Image 12</description>
			<include>BackgroundDimensions</include>
			<aspectratio>scale</aspectratio>
			<texture>special://skin/extras/backgrounds/multicoloured/YELLOW.jpg</texture>
			<visible>Skin.HasSetting(UseColoredBackground12) + ![Skin.HasSetting(UseCustomBackground) + !String.IsEmpty(Skin.String(CustomBackgroundPath))]</visible>
			<include>VisibleFadeEffect</include>
		</control>
		<control type="image">
			<depth>DepthBackground</depth>
			<description>Normal Default Background Image 13</description>
			<include>BackgroundDimensions</include>
			<aspectratio>scale</aspectratio>
			<texture>special://skin/extras/backgrounds/multicoloured/AMBER.jpg</texture>
			<visible>Skin.HasSetting(UseColoredBackground13) + ![Skin.HasSetting(UseCustomBackground) + !String.IsEmpty(Skin.String(CustomBackgroundPath))]</visible>
			<include>VisibleFadeEffect</include>
		</control>
		<control type="image">
			<depth>DepthBackground</depth>
			<description>Normal Default Background Image 14</description>
			<include>BackgroundDimensions</include>
			<aspectratio>scale</aspectratio>
			<texture>special://skin/extras/backgrounds/multicoloured/ORANGE.jpg</texture>
			<visible>Skin.HasSetting(UseColoredBackground14) + ![Skin.HasSetting(UseCustomBackground) + !String.IsEmpty(Skin.String(CustomBackgroundPath))]</visible>
			<include>VisibleFadeEffect</include>
		</control>
		<control type="image">
			<depth>DepthBackground</depth>
			<description>Normal Default Background Image 15</description>
			<include>BackgroundDimensions</include>
			<aspectratio>scale</aspectratio>
			<texture>special://skin/extras/backgrounds/multicoloured/DEEP ORANGE.jpg</texture>
			<visible>Skin.HasSetting(UseColoredBackground15) + ![Skin.HasSetting(UseCustomBackground) + !String.IsEmpty(Skin.String(CustomBackgroundPath))]</visible>
			<include>VisibleFadeEffect</include>
		</control>
		<control type="image">
			<depth>DepthBackground</depth>
			<description>Normal Default Background Image 16</description>
			<include>BackgroundDimensions</include>
			<aspectratio>scale</aspectratio>
			<texture>special://skin/extras/backgrounds/multicoloured/BROWN.jpg</texture>
			<visible>Skin.HasSetting(UseColoredBackground16) + ![Skin.HasSetting(UseCustomBackground) + !String.IsEmpty(Skin.String(CustomBackgroundPath))]</visible>
			<include>VisibleFadeEffect</include>
		</control>
		<control type="image">
			<depth>DepthBackground</depth>
			<description>Normal Default Background Image 17</description>
			<include>BackgroundDimensions</include>
			<aspectratio>scale</aspectratio>
			<texture>special://skin/extras/backgrounds/multicoloured/BLUE GREY.jpg</texture>
			<visible>Skin.HasSetting(UseColoredBackground17) + ![Skin.HasSetting(UseCustomBackground) + !String.IsEmpty(Skin.String(CustomBackgroundPath))]</visible>
			<include>VisibleFadeEffect</include>
		</control>
		<control type="image">
			<depth>DepthBackground</depth>
			<description>Normal Default Background Image 18</description>
			<include>BackgroundDimensions</include>
			<aspectratio>scale</aspectratio>
			<texture>special://skin/extras/backgrounds/multicoloured/GREY.jpg</texture>
			<visible>Skin.HasSetting(UseColoredBackground18) + ![Skin.HasSetting(UseCustomBackground) + !String.IsEmpty(Skin.String(CustomBackgroundPath))]</visible>
			<include>VisibleFadeEffect</include>
		</control>
	</include>
</includes>