<?xml version="1.0" encoding="UTF-8"?>
<includes>
	<include name="WidgetContent">
		<content target="$PARAM[target]">$PARAM[content]</content>
	</include>
	<include name="WidgetContentInclude">
		<content>
			<include>$PARAM[content]</include>
		</content>
	</include>
	<include name="WeatherWidgetContent">
		<content>
			<item>
				<thumb>resource://resource.images.weathericons.default/na.png</thumb>
				<visible>String.IsEmpty(Window(weather).Property(Daily.IsFetched))</visible>
			</item>
			<include content="WeatherDailyItem">
				<param name="item_index" value="1" />
			</include>
			<include content="WeatherDailyItem">
				<param name="item_index" value="2" />
			</include>
			<include content="WeatherDailyItem">
				<param name="item_index" value="3" />
			</include>
			<include content="WeatherDailyItem">
				<param name="item_index" value="4" />
			</include>
			<include content="WeatherDailyItem">
				<param name="item_index" value="5" />
			</include>
			<include content="WeatherDailyItem">
				<param name="item_index" value="6" />
			</include>
			<include content="WeatherDailyItem">
				<param name="item_index" value="7" />
			</include>
			<include content="WeatherDailyItem">
				<param name="item_index" value="8" />
			</include>
			<include content="WeatherDailyItem">
				<param name="item_index" value="9" />
			</include>
			<include content="WeatherDailyItem">
				<param name="item_index" value="10" />
			</include>
			<include content="WeatherDailyItem">
				<param name="item_index" value="11" />
			</include>
			<include content="WeatherDailyItem">
				<param name="item_index" value="12" />
			</include>
			<include content="WeatherDailyItem">
				<param name="item_index" value="13" />
			</include>
			<include content="WeatherDailyItem">
				<param name="item_index" value="14" />
			</include>
		</content>
	</include>
	<include name="WeatherDailyItem">
		<item>
			<label>$INFO[Window(weather).Property(Daily.$PARAM[item_index].ShortDay)]</label>
			<property name="HighTemp">$INFO[Window(weather).Property(Daily.$PARAM[item_index].HighTemperature)]</property>
			<property name="LowTemp">$INFO[Window(weather).Property(Daily.$PARAM[item_index].LowTemperature)]</property>
			<property name="LongDay">$INFO[Window(weather).Property(Daily.$PARAM[item_index].LongDay)]</property>
			<property name="TempDay">$INFO[Window(weather).Property(Daily.$PARAM[item_index].TempDay)]</property>
			<property name="Cloudiness">$INFO[Window(weather).Property(Daily.$PARAM[item_index].Cloudiness)]</property>
			<property name="Outlook">$INFO[Window(weather).Property(Daily.$PARAM[item_index].Outlook)]</property>
			<property name="ShortDate">$INFO[Window(weather).Property(Daily.$PARAM[item_index].ShortDate)]</property>
			<property name="FanartCode">$INFO[Window(weather).Property(Daily.$PARAM[item_index].FanartCode)]</property>
			<thumb>resource://resource.images.weathericons.default/$INFO[Window(weather).Property(Daily.$PARAM[item_index].OutlookIcon)]</thumb>
			<visible>!String.IsEmpty(Window(weather).Property(Daily.$PARAM[item_index].Outlook))</visible>
		</item>
	</include>
	<include name="WeatherWidget">
		<control type="group" id="9003">
			<left>62</left>
			<top>32%</top>
			<width>1800</width>
			<height>380</height>
			<visible>!Window.IsVisible(Favourites)</visible>
			<animation effect="fade" time="300" delay="500">WindowOpen</animation>
			<animation effect="fade" time="200">WindowClose</animation>
			<control type="label">
				<centerleft>50%</centerleft>
				<top>0</top>
				<height>30</height>
				<width>810</width>
				<label>$INFO[Container(9000).ListItem.Property(widgetName)]</label>
				<align>center</align>
				<aligny>center</aligny>
				<font>breadcrumb.secondary</font>
				<textcolor>white</textcolor>
				<shadowcolor>button.nf</shadowcolor>
			</control>
			<control type="list" id="$PARAM[list_id]">
				<animation effect="slide" start="0,0" end="105,0" time="0" condition="String.IsEqual(Container($PARAM[list_id]).NumItems,4)">conditional</animation>
				<animation effect="slide" start="0,0" end="210,0" time="0" condition="String.IsEqual(Container($PARAM[list_id]).NumItems,3)">conditional</animation>
				<animation effect="slide" start="0,0" end="315,0" time="0" condition="String.IsEqual(Container($PARAM[list_id]).NumItems,2)">conditional</animation>
				<animation effect="slide" start="0,0" end="420,0" time="0" condition="String.IsEqual(Container($PARAM[list_id]).NumItems,1)">conditional</animation>
				<centerleft>50%</centerleft>
				<top>35</top>
				<width>1800</width>
				<height>330</height>
				<onleft>$PARAM[list_id]</onleft>
				<onright>$PARAM[list_id]</onright>
				<onup>915</onup>
				<ondown>9000</ondown>
				<viewtype label="535">list</viewtype>
				<pagecontrol></pagecontrol>
				<scrolltime>200</scrolltime>
				<orientation>Horizontal</orientation>
				<itemlayout height="330" width="227">
					<control type="label">
						<left>10</left>
						<top>10</top>
						<width>190</width>
						<height>60</height>
						<font>secondary.info</font>
						<textcolor>white</textcolor>
						<selectedcolor>selected</selectedcolor>
						<align>center</align>
						<aligny>center</aligny>
						<label>$INFO[ListItem.Label][CR]$INFO[ListItem.Property(ShortDate)]</label>
					</control>
					<control type="image">
						<left>45</left>
						<top>70</top>
						<width>120</width>
						<height>120</height>
						<aspectratio>keep</aspectratio>
						<texture>$INFO[ListItem.Thumb]</texture>
					</control>
					<control type="label">
						<left>10</left>
						<bottom>95</bottom>
						<width>190</width>
						<height>30</height>
						<font>secondary.info</font>
						<textcolor>white</textcolor>
						<selectedcolor>selected</selectedcolor>
						<align>center</align>
						<aligny>center</aligny>
						<label>$INFO[ListItem.Property(Outlook)]</label>
					</control>
					<control type="label">
						<left>10</left>
						<bottom>65</bottom>
						<width>190</width>
						<height>30</height>
						<font>secondary.info</font>
						<textcolor>white</textcolor>
						<selectedcolor>selected</selectedcolor>
						<align>center</align>
						<aligny>center</aligny>
						<label>$INFO[ListItem.Property(HighTemp),$LOCALIZE[419] : ,]</label>
					</control>
					<control type="label">
						<left>10</left>
						<bottom>35</bottom>
						<width>190</width>
						<height>30</height>
						<font>secondary.info</font>
						<textcolor>white</textcolor>
						<selectedcolor>selected</selectedcolor>
						<align>center</align>
						<aligny>center</aligny>
						<label>$INFO[ListItem.Property(LowTemp),$LOCALIZE[418] : ,]</label>
					</control>
				</itemlayout>
				<focusedlayout height="330" width="227">
					<control type="group">
						<visible>!Control.HasFocus($PARAM[list_id])</visible>
						<control type="label">
							<left>10</left>
							<top>10</top>
							<width>190</width>
							<height>60</height>
							<font>secondary.info</font>
							<textcolor>white</textcolor>
							<selectedcolor>selected</selectedcolor>
							<align>center</align>
							<aligny>center</aligny>
							<label>$INFO[ListItem.Label][CR]$INFO[ListItem.Property(ShortDate)]</label>
						</control>
						<control type="label">
							<left>10</left>
							<bottom>95</bottom>
							<width>190</width>
							<height>30</height>
							<font>secondary.info</font>
							<textcolor>white</textcolor>
							<selectedcolor>selected</selectedcolor>
							<align>center</align>
							<aligny>center</aligny>
							<label>$INFO[ListItem.Property(Outlook)]</label>
						</control>
						<control type="label">
							<left>10</left>
							<bottom>65</bottom>
							<width>190</width>
							<height>30</height>
							<font>secondary.info</font>
							<textcolor>white</textcolor>
							<selectedcolor>selected</selectedcolor>
							<align>center</align>
							<aligny>center</aligny>
							<label>$INFO[ListItem.Property(HighTemp),$LOCALIZE[419] : ,]</label>
						</control>
						<control type="label">
							<left>10</left>
							<bottom>35</bottom>
							<width>190</width>
							<height>30</height>
							<font>secondary.info</font>
							<textcolor>white</textcolor>
							<selectedcolor>selected</selectedcolor>
							<align>center</align>
							<aligny>center</aligny>
							<label>$INFO[ListItem.Property(LowTemp),$LOCALIZE[418] : ,]</label>
						</control>
					</control>
					<control type="group">
						<visible>Control.HasFocus($PARAM[list_id])</visible>
						<control type="image">
							<left>0</left>
							<top>0</top>
							<width>210</width>
							<height>310</height>
							<texture></texture>
							<bordertexture colordiffuse="$INFO[Skin.String(color.500)]">backgrounds/white.png</bordertexture>
							<bordersize>5</bordersize>
							<visible>ControlGroup(9003).HasFocus</visible>
						</control>
						<control type="label">
							<left>10</left>
							<top>10</top>
							<width>190</width>
							<height>60</height>
							<font>secondary.info</font>
							<textcolor>white</textcolor>
							<selectedcolor>selected</selectedcolor>
							<align>center</align>
							<aligny>center</aligny>
							<label>$INFO[ListItem.Label][CR]$INFO[ListItem.Property(ShortDate)]</label>
						</control>
						<control type="label">
							<left>10</left>
							<bottom>95</bottom>
							<width>190</width>
							<height>30</height>
							<font>secondary.info</font>
							<textcolor>white</textcolor>
							<selectedcolor>selected</selectedcolor>
							<align>center</align>
							<aligny>center</aligny>
							<label>$INFO[ListItem.Property(Outlook)]</label>
						</control>
						<control type="label">
							<left>10</left>
							<bottom>65</bottom>
							<width>190</width>
							<height>30</height>
							<font>secondary.info</font>
							<textcolor>$INFO[Skin.String(color.500)]</textcolor>
							<selectedcolor>selected</selectedcolor>
							<align>center</align>
							<aligny>center</aligny>
							<label>$INFO[ListItem.Property(HighTemp),[COLOR=grey2]$LOCALIZE[419] :[/COLOR] ,]</label>
						</control>
						<control type="label">
							<left>10</left>
							<bottom>35</bottom>
							<width>190</width>
							<height>30</height>
							<font>secondary.info</font>
							<textcolor>$INFO[Skin.String(color.500)]</textcolor>
							<selectedcolor>selected</selectedcolor>
							<align>center</align>
							<aligny>center</aligny>
							<label>$INFO[ListItem.Property(LowTemp),[COLOR=grey2]$LOCALIZE[418] :[/COLOR] ,]</label>
						</control>
					</control>
					<control type="image">
						<left>45</left>
						<top>70</top>
						<width>120</width>
						<height>120</height>
						<aspectratio>keep</aspectratio>
						<texture>$INFO[ListItem.Thumb]</texture>
					</control>
				</focusedlayout>
				<include>WeatherWidgetContent</include>
			</control>
		</control>
	</include>
	<include name="SquareWidget">
		<control type="group" id="9003">
			<left>62</left>
			<top>32%</top>
			<width>1800</width>
			<height>380</height>
			<visible>!Window.IsVisible(Favourites)</visible>
			<animation effect="fade" time="300" delay="500">WindowOpen</animation>
			<animation effect="fade" time="200">WindowClose</animation>
			<control type="label">
				<left>0</left>
				<right>0</right>
				<top>-10</top>
				<height>60</height>
				<font>breadcrumb</font>
				<textcolor>$INFO[Skin.String(color.500)]</textcolor>
				<shadowcolor>black</shadowcolor>
				<align>left</align>
				<label>[COLORwhite]$INFO[Container(9000).ListItem.Property(widgetName)]:[/COLOR] $INFO[ListItem.Label]</label>
				<visible>Control.HasFocus($PARAM[list_id])</visible>
			</control>
			<control type="list" id="$PARAM[list_id]">
				<animation effect="slide" start="0,0" end="123,0" time="0" condition="String.IsEqual(Container($PARAM[list_id]).NumItems,3)">conditional</animation>
				<animation effect="slide" start="0,0" end="246,0" time="0" condition="String.IsEqual(Container($PARAM[list_id]).NumItems,2)">conditional</animation>
				<animation effect="slide" start="0,0" end="369,0" time="0" condition="String.IsEqual(Container($PARAM[list_id]).NumItems,1)">conditional</animation>
				<centerleft>50%</centerleft>
				<top>35</top>
				<width>1800</width>
				<height>330</height>
				<onleft>$PARAM[list_id]</onleft>
				<onright>$PARAM[list_id]</onright>
				<onup>915</onup>
				<ondown>9000</ondown>
				<viewtype label="535">list</viewtype>
				<pagecontrol></pagecontrol>
				<scrolltime>200</scrolltime>
				<orientation>Horizontal</orientation>
				<itemlayout height="330" width="227">
					<control type="image">
						<left>0</left>
						<top>0</top>
						<width>210</width>
						<height>310</height>
						<aspectratio>keep</aspectratio>
						<texture background="true">$PARAM[artwork]</texture>
						<bordertexture>backgrounds/square shadow small.png</bordertexture>
						<bordersize>5</bordersize>
					</control>
				</itemlayout>
				<focusedlayout height="330" width="227">
					<control type="image">
						<left>0</left>
						<top>0</top>
						<width>210</width>
						<height>310</height>
						<aspectratio>keep</aspectratio>
						<texture background="true">$PARAM[artwork]</texture>
						<bordertexture colordiffuse="$INFO[Skin.String(color.500)]">backgrounds/white.png</bordertexture>
						<bordersize>5</bordersize>
						<visible>Control.HasFocus($PARAM[list_id])</visible>
					</control>
					<control type="image">
						<left>0</left>
						<top>0</top>
						<width>210</width>
						<height>310</height>
						<aspectratio>keep</aspectratio>
						<texture background="true">$PARAM[artwork]</texture>
						<bordertexture>backgrounds/square shadow small.png</bordertexture>
						<bordersize>5</bordersize>
						<visible>!Control.HasFocus($PARAM[list_id])</visible>
					</control>
				</focusedlayout>
				<include content="$PARAM[contentInclude]">
					<param name="content" value="$PARAM[content]" />
					<param name="target" value="$PARAM[target]" />
				</include>
			</control>
		</control>
	</include>
	<include name="WideWidget">
		<control type="group" id="9003">
			<centerleft>50%</centerleft>
			<top>32%</top>
			<width>1020</width>
			<height>312</height>
			<visible>!Window.IsVisible(Favourites)</visible>
			<animation effect="fade" time="300" delay="500">WindowOpen</animation>
			<animation effect="fade" time="200">WindowClose</animation>
			<control type="label">
				<centerleft>50%</centerleft>
				<top>0</top>
				<height>30</height>
				<width>720</width>
				<label>[COLORwhite]$INFO[Container(9000).ListItem.Property(widgetName)]:[/COLOR] $INFO[ListItem.Label]</label>
				<align>center</align>
				<aligny>center</aligny>
				<font>breadcrumb.secondary</font>
				<textcolor>white</textcolor>
				<shadowcolor>button.nf</shadowcolor>
			</control>
			<control type="list" id="$PARAM[list_id]">
				<animation effect="slide" start="0,0" end="170,0" time="0" condition="String.IsEqual(Container($PARAM[list_id]).NumItems,2)">conditional</animation>
				<animation effect="slide" start="0,0" end="340,0" time="0" condition="String.IsEqual(Container($PARAM[list_id]).NumItems,1)">conditional</animation>
				<centerleft>50%</centerleft>
				<top>35</top>
				<width>1020</width>
				<height>242</height>
				<onleft>$PARAM[list_id]</onleft>
				<onright>$PARAM[list_id]</onright>
				<onup>915</onup>
				<ondown>9000</ondown>
				<viewtype label="535">list</viewtype>
				<pagecontrol></pagecontrol>
				<scrolltime>200</scrolltime>
				<orientation>Horizontal</orientation>
				<focusposition>1</focusposition>
				<movement>2</movement>
				<itemlayout height="242" width="340">
					<control type="image">
						<left>0</left>
						<top>0</top>
						<width>340</width>
						<height>242</height>
						<texture colordiffuse="black" background="true">backgrounds/white.png</texture>
						<bordertexture>backgrounds/episode shadow small.png</bordertexture>
						<bordersize>5</bordersize>
					</control>
					<control type="image">
						<left>5</left>
						<top>5</top>
						<width>330</width>
						<height>232</height>
						<aspectratio aligny="center">keep</aspectratio>
						<texture background="true">$PARAM[artwork]</texture>
					</control>
				</itemlayout>
				<focusedlayout height="242" width="340">
					<control type="image">
						<left>0</left>
						<top>0</top>
						<width>340</width>
						<height>242</height>
						<texture colordiffuse="black" background="true">backgrounds/white.png</texture>
						<bordertexture colordiffuse="$INFO[Skin.String(color.500)]">backgrounds/white.png</bordertexture>
						<bordersize>5</bordersize>
						<visible>Control.HasFocus($PARAM[list_id])</visible>
					</control>
					<control type="image">
						<left>0</left>
						<top>0</top>
						<width>340</width>
						<height>242</height>
						<texture colordiffuse="black" background="true">backgrounds/white.png</texture>
						<bordertexture>backgrounds/episode shadow small.png</bordertexture>
						<bordersize>5</bordersize>
						<visible>!Control.HasFocus($PARAM[list_id])</visible>
					</control>
					<control type="image">
						<left>5</left>
						<top>5</top>
						<width>330</width>
						<height>232</height>
						<aspectratio aligny="center">keep</aspectratio>
						<texture background="true">$PARAM[artwork]</texture>
					</control>
					<control type="image">
						<left>5</left>
						<top>167</top>
						<width>330</width>
						<height>70</height>
						<texture colordiffuse="$INFO[Skin.String(color.tertiary)]">backgrounds/white.png</texture>
						<visible>Control.HasFocus($PARAM[list_id])</visible>
					</control>
					<control type="label">
						<left>15</left>
						<top>171</top>
						<width>310</width>
						<height>60</height>
						<font>secondary.info.light</font>
						<textcolor>white</textcolor>
						<selectedcolor>$INFO[Skin.String(color.500)]</selectedcolor>
						<align>left</align>
						<label>$INFO[ListItem.Label]</label>
						<scroll>true</scroll>
						<visible>Control.HasFocus($PARAM[list_id])</visible>
					</control>
					<control type="label">
						<left>15</left>
						<top>201</top>
						<width>300</width>
						<height>60</height>
						<font>secondary.info.light</font>
						<textcolor>white</textcolor>
						<selectedcolor>$INFO[Skin.String(color.500)]</selectedcolor>
						<align>left</align>
						<label>$INFO[ListItem.Label2]</label>
						<scroll>true</scroll>
						<visible>Control.HasFocus($PARAM[list_id])</visible>
					</control>
				</focusedlayout>
				<include content="$PARAM[contentInclude]">
					<param name="content" value="$PARAM[content]" />
					<param name="target" value="$PARAM[target]" />
				</include>
			</control>
			<include content="WidgetArrows">
				<param name="list_id" value="$PARAM[list_id]" />
			</include>
		</control>
	</include>
	<include name="PosterWidget">
		<control type="group" id="9003">
			<left>62</left>
			<top>32%</top>
			<width>1800</width>
			<height>380</height>
			<visible>!Window.IsVisible(Favourites)</visible>
			<animation effect="fade" time="300" delay="500">WindowOpen</animation>
			<animation effect="fade" time="200">WindowClose</animation>
			<control type="label">
				<left>0</left>
				<right>0</right>
				<top>-10</top>
				<height>60</height>
				<font>breadcrumb</font>
				<textcolor>$INFO[Skin.String(color.500)]</textcolor>
				<shadowcolor>black</shadowcolor>
				<align>left</align>
				<label>[COLORwhite]$INFO[Container(9000).ListItem.Property(widgetName)]:[/COLOR] $INFO[ListItem.Label]</label>
				<visible>Control.HasFocus($PARAM[list_id])</visible>
			</control>
			<control type="list" id="$PARAM[list_id]">
				<animation effect="slide" start="0,0" end="105,0" time="0" condition="String.IsEqual(Container($PARAM[list_id]).NumItems,4)">conditional</animation>
				<animation effect="slide" start="0,0" end="210,0" time="0" condition="String.IsEqual(Container($PARAM[list_id]).NumItems,3)">conditional</animation>
				<animation effect="slide" start="0,0" end="315,0" time="0" condition="String.IsEqual(Container($PARAM[list_id]).NumItems,2)">conditional</animation>
				<animation effect="slide" start="0,0" end="420,0" time="0" condition="String.IsEqual(Container($PARAM[list_id]).NumItems,1)">conditional</animation>
				<centerleft>50%</centerleft>
				<top>35</top>
				<width>1800</width>
				<height>330</height>
				<onleft>$PARAM[list_id]</onleft>
				<onright>$PARAM[list_id]</onright>
				<onup>915</onup>
				<ondown>9000</ondown>
				<viewtype label="535">list</viewtype>
				<pagecontrol></pagecontrol>
				<scrolltime>200</scrolltime>
				<orientation>Horizontal</orientation>
				<itemlayout height="330" width="227">
					<control type="image">
						<left>0</left>
						<top>0</top>
						<width>210</width>
						<height>310</height>
						<aspectratio>scale</aspectratio>
						<texture background="true">$PARAM[artwork]</texture>
						<bordertexture>backgrounds/poster shadow small.png</bordertexture>
						<bordersize>5</bordersize>
					</control>
				</itemlayout>
				<focusedlayout height="330" width="227">
					<control type="image">
						<left>0</left>
						<top>0</top>
						<width>210</width>
						<height>310</height>
						<aspectratio>scale</aspectratio>
						<texture background="true">$PARAM[artwork]</texture>
						<bordertexture colordiffuse="$INFO[Skin.String(color.500)]">backgrounds/white.png</bordertexture>
						<bordersize>5</bordersize>
						<visible>Control.HasFocus($PARAM[list_id])</visible>
					</control>
					<control type="image">
						<left>0</left>
						<top>0</top>
						<width>210</width>
						<height>310</height>
						<aspectratio>scale</aspectratio>
						<texture background="true">$PARAM[artwork]</texture>
						<bordertexture>backgrounds/poster shadow small.png</bordertexture>
						<bordersize>5</bordersize>
						<visible>!Control.HasFocus($PARAM[list_id])</visible>
					</control>
				</focusedlayout>
				<include content="$PARAM[contentInclude]">
					<param name="content" value="$PARAM[content]" />
					<param name="target" value="$PARAM[target]" />
				</include>
			</control>
		</control>
	</include>
	<include name="WidgetArrows">
		<control type="group">
			<centertop>50%</centertop>
			<height>50</height>
			<control type="button" id="80001">
				<right>-5r</right>
				<width>50</width>
				<height>50</height>
				<texturefocus colordiffuse="$INFO[Skin.String(color.500)]">backgrounds/white.png</texturefocus>
				<texturenofocus colordiffuse="$INFO[Skin.String(color.tertiary)]">backgrounds/white.png</texturenofocus>
				<onclick>Control.Move($PARAM[list_id],-1)</onclick>
				<visible>Container($PARAM[list_id]).HasPrevious</visible>
				<include>VisibleFadeEffect</include>
			</control>
			<control type="image">
				<right>-5r</right>
				<width>50</width>
				<height>50</height>
				<texture colordiffuse="white">arrow-big-left.png</texture>
				<visible>Container($PARAM[list_id]).HasPrevious + !Control.HasFocus(80001)</visible>
			</control>
			<control type="image">
				<right>-5r</right>
				<width>50</width>
				<height>50</height>
				<texture colordiffuse="white">arrow-big-left.png</texture>
				<visible>Container($PARAM[list_id]).HasPrevious + Control.HasFocus(80001)</visible>
			</control>
			<control type="button" id="80002">
				<description>right Arrow</description>
				<left>-5r</left>
				<width>50</width>
				<height>50</height>
				<texturefocus colordiffuse="$INFO[Skin.String(color.500)]">backgrounds/white.png</texturefocus>
				<texturenofocus colordiffuse="$INFO[Skin.String(color.tertiary)]">backgrounds/white.png</texturenofocus>
				<onclick>Control.Move($PARAM[list_id],1)</onclick>
				<visible>Container($PARAM[list_id]).HasNext</visible>
				<include>VisibleFadeEffect</include>
			</control>
			<control type="image">
				<left>-5r</left>
				<width>50</width>
				<height>50</height>
				<texture colordiffuse="white">arrow-big-right.png</texture>
				<visible>Container($PARAM[list_id]).HasNext + !Control.HasFocus(80002)</visible>
			</control>
			<control type="image">
				<left>-5r</left>
				<width>50</width>
				<height>50</height>
				<texture colordiffuse="white">arrow-big-right.png</texture>
				<visible>Container($PARAM[list_id]).HasNext + Control.HasFocus(80002)</visible>
			</control>
		</control>
	</include>
</includes>
