<?xml version="1.0" encoding="UTF-8"?>
<window>
	<defaultcontrol always="true">50</defaultcontrol>
	<menucontrol>9000</menucontrol>
	<views>50</views>
	<controls>
		<!--backgrounds (e.g. fanart-->
		<control type="group">
			<include>CommonBackground</include>
		</control>
		<!--views-->
		<control type="group">
			<include>Window_OpenClose_Animation</include>
			<include>CommonRootView</include>
			<!-- view id = 50 -->
		</control>
		
					<control type="group">
		<visible>!Skin.HasSetting(Weatherinfo) + !String.IsEmpty(Weather.Plugin)</visible>
			<control type="image">
				<left>60</left>
				<top>60</top>
				<width>360</width>
				<height>60</height>
				<texture colordiffuse="black">backgrounds/bg_fade.png</texture>
			</control>
			<control type="image">
				<left>70</left>
				<top>60</top>
				<width>60</width>
				<height>60</height>
				<aspectratio>keep</aspectratio>
				<texture>$INFO[Weather.ConditionsIcon]</texture>
			</control>
			<control type="label">
				<left>140</left>
				<top>60</top>
				<width>100</width>
				<height>60</height>
				<align>left</align>
				<aligny>center</aligny>
				<font>menu.title</font>
				<textcolor>$INFO[Skin.String(color.500)]</textcolor>
				<label>[B]$INFO[Window(Weather).Property(Current.Temperature)][/B] $INFO[System.TemperatureUnits]</label>
			</control>
			<control type="label">
				<left>240</left>
				<top>60</top>
				<width>170</width>
				<height>60</height>
				<align>left</align>
				<aligny>center</aligny>
				<font>breadcrumb.secondary</font>
				<textcolor>white</textcolor>
				<label>$INFO[Window(Weather).Property(Current.Condition),]</label>
				<scroll>true</scroll>
			</control>
		</control>
		
		<control type="group">
		<visible>!Skin.HasSetting(Clock)</visible>
			<control type="image">
				<right>60</right>
				<top>60</top>
				<width>360</width>
				<height>60</height>
				<texture colordiffuse="black">backgrounds/bg_fade.png</texture>
			</control>
			<control type="label">
				<right>145</right>
				<top>60</top>
				<width>200</width>
				<height>60</height>
				<align>right</align>
				<aligny>center</aligny>
				<font>menu.title</font>
				<textcolor>$INFO[Skin.String(color.500)]</textcolor>
				<label>$INFO[System.Time(hh:mm)]</label>
			</control>
			<control type="label">
				<right>65</right>
				<top>60</top>
				<width>80</width>
				<height>60</height>
				<align>left</align>
				<aligny>center</aligny>
				<font>menu.title</font>
				<textcolor>$INFO[Skin.String(color.500)]</textcolor>
				<label>:$INFO[System.Time(ss)]</label>
			</control>
			<control type="label">
				<right>280</right>
				<top>60</top>
				<width>300</width>
				<height>60</height>
				<align>right</align>
				<aligny>center</aligny>
				<font>breadcrumb.secondary</font>
				<textcolor>white</textcolor>
				<label>$INFO[System.Date(dd:mm:yyyy]</label>
			</control>
		</control>
			
		<control type="group">
			<visible>!Skin.HasSetting(Playerinfo)</visible>
			<control type="group">
				<visible>VideoPlayer.Content(Movies)</visible>
				<control type="image">
					<left>510</left>
					<top>116r</top>
					<width>900</width>
					<height>60</height>
					<texture colordiffuse="black">backgrounds/bg_fade.png</texture>
				</control>
				<control type="image">
					<left>520</left>
					<top>116r</top>
					<width>60</width>
					<height>60</height>
					<texture>osd/play.png</texture>
				</control>
				<control type="label">
					<left>575</left>
					<width>600</width>
					<top>110r</top>
					<height>20</height>
					<align>left</align>
					<aligny>center</aligny>
					<font>breadcrumb.secondary</font>
					<textcolor>$INFO[Skin.String(color.500)]</textcolor>
					<shadowcolor>black</shadowcolor>
					<label>$INFO[Player.Title]</label>
					<scroll>true</scroll>
				</control>
				<control type="label">
					<left>575</left>
					<width>830</width>
					<top>86r</top>
					<height>20</height>
					<align>left</align>
					<aligny>center</aligny>
					<font>breadcrumb.secondary</font>
					<textcolor>white</textcolor>
					<label>$INFO[VideoPlayer.Studio]</label>
					<scroll>true</scroll>
				</control>
				<control type="label">
					<left>1100</left>
					<width>300</width>
					<top>106r</top>
					<height>45</height>
					<align>right</align>
					<aligny>center</aligny>
					<font>breadcrumb.secondary</font>
					<textcolor>white</textcolor>
					<label>$INFO[Player.Time] / $INFO[Player.Duration,]</label>
				</control>
			</control>
			<control type="group">
				<visible>VideoPlayer.Content(Episodes)</visible>
				<control type="image">
					<left>510</left>
					<top>116r</top>
					<width>900</width>
					<height>60</height>
					<texture colordiffuse="black">backgrounds/bg_fade.png</texture>
				</control>
				<control type="image">
					<left>520</left>
					<top>116r</top>
					<width>60</width>
					<height>60</height>
					<texture>osd/play.png</texture>
				</control>
				<control type="label">
					<left>575</left>
					<width>600</width>
					<top>110r</top>
					<height>20</height>
					<align>left</align>
					<aligny>center</aligny>
					<font>breadcrumb.secondary</font>
					<textcolor>$INFO[Skin.String(color.500)]</textcolor>
					<shadowcolor>black</shadowcolor>
					<label>$INFO[Player.Title]</label>
					<scroll>true</scroll>
				</control>
				<control type="label">
					<left>575</left>
					<width>830</width>
					<top>86r</top>
					<height>20</height>
					<align>left</align>
					<aligny>center</aligny>
					<font>breadcrumb.secondary</font>
					<textcolor>white</textcolor>
					<label>$INFO[VideoPlayer.TVShowTitle] ($INFO[VideoPlayer.Season,$LOCALIZE[20373] , - ]$INFO[VideoPlayer.episode,$LOCALIZE[20359] ,])</label>
					<scroll>true</scroll>
				</control>
				<control type="label">
					<left>1100</left>
					<width>300</width>
					<top>106r</top>
					<height>45</height>
					<align>right</align>
					<aligny>center</aligny>
					<font>breadcrumb.secondary</font>
					<textcolor>white</textcolor>
					<label>$INFO[Player.Time] / $INFO[Player.Duration,]</label>
				</control>
			</control>
			<control type="group">
				<visible>Player.HasVideo</visible>
				<visible>!VideoPlayer.Content(Movies) + !VideoPlayer.Content(Episodes) + !VideoPlayer.Content(LiveTV)</visible>
				<control type="image">
					<left>510</left>
					<top>116r</top>
					<width>900</width>
					<height>60</height>
					<texture colordiffuse="black">backgrounds/bg_fade.png</texture>
				</control>
				<control type="image">
					<left>520</left>
					<top>116r</top>
					<width>60</width>
					<height>60</height>
					<texture>osd/play.png</texture>
				</control>
				<control type="label">
				<left>575</left>
					<width>600</width>
					<top>106r</top>
					<height>45</height>
					<align>left</align>
					<aligny>center</aligny>
					<font>breadcrumb</font>
					<textcolor>$INFO[Skin.String(color.500)]</textcolor>
					<shadowcolor>black</shadowcolor>
					<label>$INFO[Player.Title]</label>
				</control>
				<control type="label">
				<left>1100</left>
					<width>300</width>
					<top>106r</top>
					<height>45</height>
					<align>right</align>
					<aligny>center</aligny>
					<font>breadcrumb.secondary</font>
					<textcolor>white</textcolor>
					<label>$INFO[Player.Time] / $INFO[Player.Duration,]</label>
				</control>
			</control>
			<control type="group">
				<visible>VideoPlayer.Content(LiveTV)</visible>
				<control type="image">
					<left>510</left>
					<top>116r</top>
					<width>900</width>
					<height>60</height>
					<texture colordiffuse="black">backgrounds/bg_fade.png</texture>
				</control>
				<control type="image">
					<left>520</left>
					<top>116r</top>
					<width>60</width>
					<height>60</height>
					<texture>osd/play.png</texture>
				</control>
				<control type="label">
					<left>575</left>
					<width>600</width>
					<top>110r</top>
					<height>20</height>
					<align>left</align>
					<aligny>center</aligny>
					<font>breadcrumb.secondary</font>
					<textcolor>$INFO[Skin.String(color.500)]</textcolor>
					<shadowcolor>black</shadowcolor>
					<label>$INFO[Player.Title]</label>
				</control>
				<control type="label">
					<left>575</left>
					<width>830</width>
					<top>86r</top>
					<height>20</height>
					<align>left</align>
					<aligny>center</aligny>
					<font>breadcrumb.secondary</font>
					<textcolor>white</textcolor>
					<label>$INFO[VideoPlayer.ChannelName]</label>
					<scroll>true</scroll>
				</control>
				<control type="label">
					<left>1100</left>
					<width>300</width>
					<top>106r</top>
					<height>45</height>
					<align>right</align>
					<aligny>center</aligny>
					<font>breadcrumb.secondary</font>
					<textcolor>white</textcolor>
					<label>$INFO[Player.Time] / $INFO[Player.Duration,]</label>
				</control>
			</control>
			<control type="group">
				<visible>VideoPlayer.Content(Radio)</visible>
				<control type="image">
					<left>510</left>
					<top>116r</top>
					<width>900</width>
					<height>60</height>
					<texture colordiffuse="black">backgrounds/bg_fade.png</texture>
				</control>
				<control type="image">
					<left>520</left>
					<top>116r</top>
					<width>60</width>
					<height>60</height>
					<texture>osd/play.png</texture>
				</control>
				<control type="label">
					<left>575</left>
					<width>600</width>
					<top>110r</top>
					<height>20</height>
					<align>left</align>
					<aligny>center</aligny>
					<font>breadcrumb.secondary</font>
					<textcolor>$INFO[Skin.String(color.500)]</textcolor>
					<shadowcolor>black</shadowcolor>
					<label>$INFO[Player.Title]</label>
				</control>
				<control type="label">
					<left>575</left>
					<width>830</width>
					<top>86r</top>
					<height>20</height>
					<align>left</align>
					<aligny>center</aligny>
					<font>breadcrumb.secondary</font>
					<textcolor>white</textcolor>
					<label>$INFO[VideoPlayer.ChannelName]</label>
					<scroll>true</scroll>
				</control>
				<control type="label">
					<left>1100</left>
					<width>300</width>
					<top>106r</top>
					<height>45</height>
					<align>right</align>
					<aligny>center</aligny>
					<font>breadcrumb.secondary</font>
					<textcolor>white</textcolor>
					<label>$INFO[Player.Time] / $INFO[Player.Duration,]</label>
				</control>
			</control>
			<control type="group">
				<visible>Player.HasAudio + !VideoPlayer.Content(Radio)</visible>
				<control type="image">
					<left>510</left>
					<top>116r</top>
					<width>900</width>
					<height>60</height>
					<texture colordiffuse="black">backgrounds/bg_fade.png</texture>
				</control>
				<control type="image">
					<left>520</left>
					<top>116r</top>
					<width>60</width>
					<height>60</height>
					<texture>osd/play.png</texture>
				</control>
				<control type="label">
					<left>575</left>
					<width>600</width>
					<top>110r</top>
					<height>20</height>
					<align>left</align>
					<aligny>center</aligny>
					<font>breadcrumb.secondary</font>
					<textcolor>$INFO[Skin.String(color.500)]</textcolor>
					<shadowcolor>black</shadowcolor>
					<label>$INFO[Player.Title] </label>
				</control>
				<control type="label">
					<left>575</left>
					<width>830</width>
					<top>86r</top>
					<height>20</height>
					<align>left</align>
					<aligny>center</aligny>
					<font>breadcrumb.secondary</font>
					<textcolor>white</textcolor>
					<label>$INFO[MusicPlayer.Artist] - $INFO[MusicPlayer.Album]$INFO[musicplayer.discnumber, - $LOCALIZE[427]: ]</label>
				</control>
				<control type="label">
					<left>1100</left>
					<width>300</width>
					<top>106r</top>
					<height>45</height>
					<align>right</align>
					<aligny>center</aligny>
					<font>breadcrumb.secondary</font>
					<textcolor>white</textcolor>
					<shadowcolor>button.nf</shadowcolor>
					<label>$INFO[Player.Time] / $INFO[Player.Duration,]</label>
				</control>
			</control>
		</control>
		
		<control type="group">
			<visible>Skin.HasSetting(Touchmode)</visible>
			<control type="image">
				<left>60</left>
				<top>115r</top>
				<width>60</width>
				<height>60</height>
				<texture colordiffuse="black">backgrounds/bg_fade.png</texture>
			</control>
			<control type="button">
				<description>Back push button</description>
				<left>55</left>
				<top>120r</top>
				<width>70</width>
				<height>70</height>
				<label></label>
				<font/>
				<onclick>back</onclick>
				<texturefocus colordiffuse="$INFO[Skin.String(color.500)]">icons/back.png</texturefocus>
				<texturenofocus colordiffuse="white">icons/back.png</texturenofocus>
				<onleft></onleft>
				<onright></onright>
				<onup></onup>
				<ondown></ondown>
			</control>
			<control type="image">
				<right>60</right>
				<top>115r</top>
				<width>60</width>
				<height>60</height>
				<texture colordiffuse="black">backgrounds/bg_fade.png</texture>
			</control>
			<control type="button">
				<description>Home push button</description>
				<right>55</right>
				<top>120r</top>
				<width>70</width>
				<height>70</height>
				<label></label>
				<font/>
				<onclick>ActivateWindow(home)</onclick>
				<texturefocus colordiffuse="$INFO[Skin.String(color.500)]">icons/home.png</texturefocus>
				<texturenofocus colordiffuse="white">icons/home.png</texturenofocus>
				<onleft></onleft>
				<onright></onright>
				<onup></onup>
				<ondown></ondown>
			</control>
		</control>
		
		<!--dialog fade-->
		<include>BehindDialogFadeOut</include>
		<!--view options-->
		<control type="group">
			<left>-383</left>
			<include>SideBladeLeft</include>
			<control type="group">
				<top>100</top>
				<bottom>0</bottom>
				<!--buttons grouplist-->
				<control type="grouplist" id="9000">
					<left>10</left>
					<width>375</width>
					<height>100%</height>
					<onleft>9000</onleft>
					<onright>50</onright>
					<onup>9000</onup>
					<ondown>9000</ondown>
					<onback>50</onback>
					<itemgap>0</itemgap>
					<!--view as-->
					<control type="button" id="2">
						<textwidth>352</textwidth>
						<include>ButtonCommonValues</include>
						<label></label>
					</control>
					<!--sort by-->
					<control type="button" id="3">
						<include>ButtonCommonValues</include>
						<label>103</label>
					</control>
					<!--ascending/descending-->
					<control type="togglebutton" id="4">
						<include>ButtonCommonValues</include>
						<label>31051</label>
						<altlabel>31050</altlabel>
						<usealttexture>Container.SortDirection(Ascending)</usealttexture>
					</control>
					<!--filter basic-->
					<control type="edit" id="19">
						<visible>!Container.CanFilterAdvanced</visible>
						<textwidth>345</textwidth>
						<include>ButtonCommonValues</include>
						<label>587</label>
					</control>
					<!--filter advanced-->
					<control type="radiobutton" id="98">
						<visible>Container.CanFilterAdvanced</visible>
						<include>ButtonCommonValues</include>
						<label>587</label>
						<selected>Container.Filtered</selected>
						<onclick>right</onclick>
						<onclick>Filter</onclick>
					</control>
					<!--show info (509)-->
					<control type="radiobutton" id="100">
						<textwidth>255</textwidth>
						<include>ButtonCommonValues</include>
						<label>31005</label>
						<onclick>Skin.ToggleSetting(View509HideInfo)</onclick>
						<selected>Skin.HasSetting(View509HideInfo)</selected>
						<visible>Control.IsVisible(509)</visible>
					</control>
					<!--search-->
					<control type="button" id="8">
						<include>ButtonCommonValues</include>
						<label>137</label>
					</control>
					<!--party mode-->
					<control type="radiobutton" id="16">
						<label>589</label>
						<include>ButtonCommonValues</include>
					</control>
					<!--update library-->
					<control type="togglebutton" id="20">
						<textwidth>352</textwidth>
						<include>ButtonCommonValues</include>
						<label>653</label>
						<altlabel>13353</altlabel>
						<usealttexture>library.isscanningmusic</usealttexture>
					</control>
                            <control type="group" id="600">
                                <control type="togglebutton" id="603">
									<left>0</left>
									<width>70</width>
									<height>70</height>
									<label></label>
									<texturefocus colordiffuse="$INFO[Skin.String(color.500)]">osd/pause.png</texturefocus>
									<texturenofocus colordiffuse="white">osd/pause.png</texturenofocus>
									<usealttexture>Player.Paused | Player.Forwarding | Player.Rewinding</usealttexture>
									<alttexturefocus colordiffuse="$INFO[Skin.String(color.500)]">osd/play.png</alttexturefocus>
									<alttexturenofocus colordiffuse="white">osd/play.png</alttexturenofocus>
									<onright>604</onright>
									<onup>20</onup>
                                    <onleft>25</onleft>
									<ondown></ondown>
									<onclick>PlayerControl(Play)</onclick>
								</control>
								<control type="button" id="604">
									<left>70</left>
									<width>70</width>
									<height>70</height>
									<label></label>
									<texturefocus colordiffuse="$INFO[Skin.String(color.500)]">osd/stop.png</texturefocus>
									<texturenofocus colordiffuse="white">osd/stop.png</texturenofocus>
									<onleft>603</onleft>
									<onright>605</onright>
									<onup>20</onup>
									<ondown></ondown>
									<onclick>down</onclick>
									<onclick>PlayerControl(Stop)</onclick>
								</control>
								<control type="button" id="605">
									<left>140</left>
									<width>70</width>
									<height>70</height>
									<label></label>
									<texturefocus colordiffuse="$INFO[Skin.String(color.500)]">osd/fullscreen.png</texturefocus>
									<texturenofocus colordiffuse="white">osd/fullscreen.png</texturenofocus>
									<onleft>604</onleft>
									<onup>20</onup>
                                    <onright>20</onright>
									<ondown></ondown>
									<onclick>fullscreen</onclick>
                                  </control>
								</control>
				</control>
			</control>
		</control>
	</controls>
</window>
