<?xml version="1.0" encoding="UTF-8"?>
<window>
	<defaultcontrol always="true">50</defaultcontrol>
	<menucontrol>9000</menucontrol>
	<views>50</views>
	<controls>
		<include>CommonBackground</include>
		<include>PVRHeader</include>
		<include>Clock</include>
		<include>CommonPageCount</include>
		<control type="group">
			<include condition="String.IsEqual(Skin.AspectRatio,4:3)">TallListPVRSlide</include>
			<include condition="!String.IsEqual(Skin.AspectRatio,4:3)">ShortListPVRSlide</include>
			<centerleft>50%</centerleft>
			<centertop>50%</centertop>
			<width>1650</width>
			<include>Window_OpenClose_Animation</include>
			<description>Timers group</description>
			<visible>Control.IsVisible(50)</visible>
			<include>VisibleFadeEffect</include>
			<control type="group">
				<top>5</top>
				<!--title background-->
				<control type="image">
					<left>4</left>
					<top>0</top>
					<width>1650</width>
					<height>60</height>
					<texture background="true" colordiffuse="$INFO[Skin.String(color.500)]">backgrounds/white.png</texture>
				</control>
				<control type="label">
					<description>Channel label</description>
					<left>20</left>
					<top>0</top>
					<width>330</width>
					<height>60</height>
					<font>button.bold</font>
					<textcolor>white</textcolor>
					<aligny>center</aligny>
					<label>19029</label>
				</control>
				<control type="label">
					<description>Title header label</description>
					<left>360</left>
					<top>0</top>
					<width>450</width>
					<height>60</height>
					<font>button.bold</font>
					<textcolor>white</textcolor>
					<aligny>center</aligny>
					<label>369</label>
				</control>
				<control type="label">
					<description>Time label</description>
					<left>900</left>
					<top>0</top>
					<width>450</width>
					<height>60</height>
					<font>button.bold</font>
					<textcolor>white</textcolor>
					<aligny>center</aligny>
					<label>31501</label>
				</control>
				<control type="label">
					<description>Status header label</description>
					<left>1470</left>
					<top>0</top>
					<width>180</width>
					<height>60</height>
					<font>button.bold</font>
					<textcolor>white</textcolor>
					<aligny>center</aligny>
					<label>126</label>
				</control>
				<control type="list" id="50">
					<left>0</left>
					<top>70</top>
					<width>1654</width>
					<include condition="String.IsEqual(Skin.AspectRatio,4:3)">TallListPVR</include>
					<include condition="!String.IsEqual(Skin.AspectRatio,4:3)">ShortListPVR</include>
					<onup>50</onup>
					<ondown>50</ondown>
					<onleft condition="Window.IsActive(TVTimers) | Window.IsActive(RadioTimers)">103</onleft>
 					<onleft condition="Window.IsActive(TVTimerRules) | Window.IsActive(RadioTimerRules)">105</onleft>
					<onright>73</onright>
					<pagecontrol>73</pagecontrol>
					<scrolltime>200</scrolltime>
					<itemlayout height="70">
						<!--background-->
						<control type="image">
							<left>4</left>
							<top>0</top>
							<width>1650</width>
							<height>60</height>
							<texture background="true" colordiffuse="button.nf">backgrounds/white.png</texture>
						</control>
						<control type="group">
							<left>4</left>
							<top>0</top>
							<visible>String.IsEmpty(ListItem.Date)</visible>
							<control type="label">
								<left>85</left>
								<top>0</top>
								<width>975</width>
								<height>60</height>
								<font>label</font>
								<aligny>center</aligny>
								<textcolor>white</textcolor>
								<selectedcolor>$INFO[Skin.String(color.500)]</selectedcolor>
								<info>ListItem.Label</info>
							</control>
						</control>
						<control type="group">
							<visible>!String.IsEmpty(ListItem.Date)</visible>
							<control type="image">
								<left>15</left>
								<top>8</top>
								<width>45</width>
								<height>45</height>
								<texture border="1">$INFO[ListItem.Icon]</texture>
								<aspectratio>keep</aspectratio>
								<visible>!String.IsEmpty(ListItem.Icon)</visible>
							</control>
							<control type="label">
								<left>85</left>
								<top>0</top>
								<width>265</width>
								<height>60</height>
								<font>label</font>
								<aligny>center</aligny>
								<textcolor>white</textcolor>
								<selectedcolor>$INFO[Skin.String(color.500)]</selectedcolor>
								<info>ListItem.ChannelName</info>
								<visible>!String.IsEmpty(ListItem.Icon)</visible>
							</control>
							<control type="label">
								<left>15</left>
								<top>0</top>
								<width>335</width>
								<height>60</height>
								<font>label</font>
								<aligny>center</aligny>
								<textcolor>white</textcolor>
								<selectedcolor>$INFO[Skin.String(color.500)]</selectedcolor>
								<info>ListItem.ChannelName</info>
								<visible>String.IsEmpty(ListItem.Icon)</visible>
							</control>
							<control type="label">
								<left>360</left>
								<top>0</top>
								<width>530</width>
								<height>60</height>
								<font>label</font>
								<aligny>center</aligny>
								<textcolor>white</textcolor>
								<selectedcolor>$INFO[Skin.String(color.500)]</selectedcolor>
								<info>ListItem.Label</info>
							</control>
							<control type="label">
								<left>900</left>
								<top>0</top>
								<width>560</width>
								<height>60</height>
								<font>label</font>
								<aligny>center</aligny>
								<textcolor>white</textcolor>
								<selectedcolor>$INFO[Skin.String(color.500)]</selectedcolor>
								<info>ListItem.Date</info>
							</control>
							<control type="label">
								<left>1470</left>
								<top>0</top>
								<width>255</width>
								<height>60</height>
								<font>label</font>
								<aligny>center</aligny>
								<textcolor>white</textcolor>
								<selectedcolor>$INFO[Skin.String(color.500)]</selectedcolor>
								<info>ListItem.Comment</info>
							</control>
						</control>
					</itemlayout>
					<focusedlayout height="70">
						<!--background-->
						<control type="image">
							<left>4</left>
							<top>0</top>
							<width>1650</width>
							<height>60</height>
							<texture background="true" colordiffuse="$INFO[Skin.String(color.tertiary)]">backgrounds/white.png</texture>
						</control>
						<!--background nib-->
						<control type="image">
							<left>0</left>
							<top>0</top>
							<width>4</width>
							<height>60</height>
							<texture background="true" colordiffuse="$INFO[Skin.String(color.500)]">backgrounds/white.png</texture>
						</control>
						<control type="group">
							<left>4</left>
							<top>0</top>
							<visible>String.IsEmpty(ListItem.Date)</visible>
							<control type="label">
								<left>85</left>
								<top>0</top>
								<width>975</width>
								<height>60</height>
								<font>label</font>
								<aligny>center</aligny>
								<textcolor>white</textcolor>
								<selectedcolor>$INFO[Skin.String(color.500)]</selectedcolor>
								<info>ListItem.Label</info>
							</control>
						</control>
						<control type="group">
							<visible>!String.IsEmpty(ListItem.Date)</visible>
							<control type="image">
								<left>15</left>
								<top>8</top>
								<width>45</width>
								<height>45</height>
								<texture border="1">$INFO[ListItem.Icon]</texture>
								<aspectratio>keep</aspectratio>
								<visible>!String.IsEmpty(ListItem.Icon)</visible>
							</control>
							<control type="label">
								<left>85</left>
								<top>0</top>
								<width>265</width>
								<height>60</height>
								<font>label</font>
								<aligny>center</aligny>
								<textcolor>white</textcolor>
								<selectedcolor>$INFO[Skin.String(color.500)]</selectedcolor>
								<info>ListItem.ChannelName</info>
								<visible>!String.IsEmpty(ListItem.Icon)</visible>
							</control>
							<control type="label">
								<left>15</left>
								<top>0</top>
								<width>335</width>
								<height>60</height>
								<font>label</font>
								<aligny>center</aligny>
								<textcolor>white</textcolor>
								<selectedcolor>$INFO[Skin.String(color.500)]</selectedcolor>
								<info>ListItem.ChannelName</info>
								<visible>String.IsEmpty(ListItem.Icon)</visible>
							</control>
							<control type="label">
								<left>360</left>
								<top>0</top>
								<width>530</width>
								<height>60</height>
								<font>label</font>
								<aligny>center</aligny>
								<textcolor>white</textcolor>
								<selectedcolor>$INFO[Skin.String(color.500)]</selectedcolor>
								<info>ListItem.Label</info>
							</control>
							<control type="label">
								<left>900</left>
								<top>0</top>
								<width>560</width>
								<height>60</height>
								<font>label</font>
								<aligny>center</aligny>
								<textcolor>white</textcolor>
								<selectedcolor>$INFO[Skin.String(color.500)]</selectedcolor>
								<info>ListItem.Date</info>
							</control>
							<control type="label">
								<left>1470</left>
								<top>0</top>
								<width>255</width>
								<height>60</height>
								<font>label</font>
								<aligny>center</aligny>
								<textcolor>white</textcolor>
								<selectedcolor>$INFO[Skin.String(color.500)]</selectedcolor>
								<info>ListItem.Comment</info>
							</control>
						</control>
					</focusedlayout>
				</control>
				<!--scrollbar-->
				<control type="scrollbar" id="73">
					<left>1660</left>
					<top>70</top>
					<bottom>5</bottom>
					<onleft>50</onleft>
					<onright condition="Window.IsActive(TVTimers) | Window.IsActive(RadioTimers)">103</onright>
 					<onright condition="Window.IsActive(TVTimerRules) | Window.IsActive(RadioTimerRules)">105</onright>
					<orientation>vertical</orientation>
				</control>
			</control>
		</control>
		<!--next timer date-->
		<control type="group">
			<visible>PVR.HasTimer</visible>
			<include>Window_OpenClose_Animation</include>
			<include content="DynamicLeftBreadcrumb">
				<param name="breadcrumb-top" value="133r" />
				<param name="breadcrumb-height" value="34" />
				<param name="breadcrumb-font" value="breadcrumb.secondary" />
				<param name="breadcrumb1-label" value="$INFO[PVR.NextTimer]" />
			</include>
		</control>
		<include>CommonNowPlaying</include>
		<include>BehindDialogFadeOut</include>
		<include>ScrollOffsetLabel</include>
		<control type="image">
			<width>100%</width>
			<height>100%</height>
			<texture>black-back.png</texture>
			<animation effect="fade" time="400">Visible</animation>
			<animation effect="fade" time="200">Hidden</animation>
			<visible>Window.IsActive(FileBrowser) | Window.IsActive(PVRGuideInfo) | Window.IsActive(PVRRecordingInfo) | Window.IsActive(PVRTimerSetting) | Window.IsActive(PVRGroupManager) | Window.IsActive(PVRGuideSearch)</visible>
		</control>
		<include>PVRSideBlade</include>
	</controls>
</window>
