<?xml version="1.0" encoding="UTF-8"?>
<window>
	<defaultcontrol>3</defaultcontrol>
	<include>CheckSkinColorsSet</include>
	<controls>
		<include>CommonBackground</include>
		
					<control type="group">
		<visible>!Skin.HasSetting(Weatherinfo) + !String.IsEmpty(Weather.Plugin)</visible>
			<control type="image">
				<left>60</left>
				<top>60</top>
				<width>360</width>
				<height>60</height>
				<texture colordiffuse="black">backgrounds/bg_fade.png</texture>
			</control>
			<control type="image">
				<left>70</left>
				<top>60</top>
				<width>60</width>
				<height>60</height>
				<aspectratio>keep</aspectratio>
				<texture>$INFO[Weather.ConditionsIcon]</texture>
			</control>
			<control type="label">
				<left>140</left>
				<top>60</top>
				<width>100</width>
				<height>60</height>
				<align>left</align>
				<aligny>center</aligny>
				<font>menu.title</font>
				<textcolor>$INFO[Skin.String(color.500)]</textcolor>
				<label>[B]$INFO[Window(Weather).Property(Current.Temperature)][/B] $INFO[System.TemperatureUnits]</label>
			</control>
			<control type="label">
				<left>240</left>
				<top>60</top>
				<width>170</width>
				<height>60</height>
				<align>left</align>
				<aligny>center</aligny>
				<font>breadcrumb.secondary</font>
				<textcolor>white</textcolor>
				<label>$INFO[Window(Weather).Property(Current.Condition),]</label>
				<scroll>true</scroll>
			</control>
		</control>
		
		<control type="group">
		<visible>!Skin.HasSetting(Clock)</visible>
			<control type="image">
				<right>60</right>
				<top>60</top>
				<width>360</width>
				<height>60</height>
				<texture colordiffuse="black">backgrounds/bg_fade.png</texture>
			</control>
			<control type="label">
				<right>145</right>
				<top>60</top>
				<width>200</width>
				<height>60</height>
				<align>right</align>
				<aligny>center</aligny>
				<font>menu.title</font>
				<textcolor>$INFO[Skin.String(color.500)]</textcolor>
				<label>$INFO[System.Time(hh:mm)]</label>
			</control>
			<control type="label">
				<right>65</right>
				<top>60</top>
				<width>80</width>
				<height>60</height>
				<align>left</align>
				<aligny>center</aligny>
				<font>menu.title</font>
				<textcolor>$INFO[Skin.String(color.500)]</textcolor>
				<label>:$INFO[System.Time(ss)]</label>
			</control>
			<control type="label">
				<right>280</right>
				<top>60</top>
				<width>300</width>
				<height>60</height>
				<align>right</align>
				<aligny>center</aligny>
				<font>breadcrumb.secondary</font>
				<textcolor>white</textcolor>
				<label>$INFO[System.Date(dd:mm:yyyy]</label>
			</control>
		</control>
			
		<control type="group">
			<visible>!Skin.HasSetting(Playerinfo)</visible>
			<control type="group">
				<visible>VideoPlayer.Content(Movies)</visible>
				<control type="image">
					<left>510</left>
					<top>116r</top>
					<width>900</width>
					<height>60</height>
					<texture colordiffuse="black">backgrounds/bg_fade.png</texture>
				</control>
				<control type="image">
					<left>520</left>
					<top>116r</top>
					<width>60</width>
					<height>60</height>
					<texture>osd/play.png</texture>
				</control>
				<control type="label">
					<left>575</left>
					<width>600</width>
					<top>110r</top>
					<height>20</height>
					<align>left</align>
					<aligny>center</aligny>
					<font>breadcrumb.secondary</font>
					<textcolor>$INFO[Skin.String(color.500)]</textcolor>
					<shadowcolor>black</shadowcolor>
					<label>$INFO[Player.Title]</label>
					<scroll>true</scroll>
				</control>
				<control type="label">
					<left>575</left>
					<width>830</width>
					<top>86r</top>
					<height>20</height>
					<align>left</align>
					<aligny>center</aligny>
					<font>breadcrumb.secondary</font>
					<textcolor>white</textcolor>
					<label>$INFO[VideoPlayer.Studio]</label>
					<scroll>true</scroll>
				</control>
				<control type="label">
					<left>1100</left>
					<width>300</width>
					<top>106r</top>
					<height>45</height>
					<align>right</align>
					<aligny>center</aligny>
					<font>breadcrumb.secondary</font>
					<textcolor>white</textcolor>
					<label>$INFO[Player.Time] / $INFO[Player.Duration,]</label>
				</control>
			</control>
			<control type="group">
				<visible>VideoPlayer.Content(Episodes)</visible>
				<control type="image">
					<left>510</left>
					<top>116r</top>
					<width>900</width>
					<height>60</height>
					<texture colordiffuse="black">backgrounds/bg_fade.png</texture>
				</control>
				<control type="image">
					<left>520</left>
					<top>116r</top>
					<width>60</width>
					<height>60</height>
					<texture>osd/play.png</texture>
				</control>
				<control type="label">
					<left>575</left>
					<width>600</width>
					<top>110r</top>
					<height>20</height>
					<align>left</align>
					<aligny>center</aligny>
					<font>breadcrumb.secondary</font>
					<textcolor>$INFO[Skin.String(color.500)]</textcolor>
					<shadowcolor>black</shadowcolor>
					<label>$INFO[Player.Title]</label>
					<scroll>true</scroll>
				</control>
				<control type="label">
					<left>575</left>
					<width>830</width>
					<top>86r</top>
					<height>20</height>
					<align>left</align>
					<aligny>center</aligny>
					<font>breadcrumb.secondary</font>
					<textcolor>white</textcolor>
					<label>$INFO[VideoPlayer.TVShowTitle] ($INFO[VideoPlayer.Season,$LOCALIZE[20373] , - ]$INFO[VideoPlayer.episode,$LOCALIZE[20359] ,])</label>
					<scroll>true</scroll>
				</control>
				<control type="label">
					<left>1100</left>
					<width>300</width>
					<top>106r</top>
					<height>45</height>
					<align>right</align>
					<aligny>center</aligny>
					<font>breadcrumb.secondary</font>
					<textcolor>white</textcolor>
					<label>$INFO[Player.Time] / $INFO[Player.Duration,]</label>
				</control>
			</control>
			<control type="group">
				<visible>Player.HasVideo</visible>
				<visible>!VideoPlayer.Content(Movies) + !VideoPlayer.Content(Episodes) + !VideoPlayer.Content(LiveTV)</visible>
				<control type="image">
					<left>510</left>
					<top>116r</top>
					<width>900</width>
					<height>60</height>
					<texture colordiffuse="black">backgrounds/bg_fade.png</texture>
				</control>
				<control type="image">
					<left>520</left>
					<top>116r</top>
					<width>60</width>
					<height>60</height>
					<texture>osd/play.png</texture>
				</control>
				<control type="label">
				<left>575</left>
					<width>600</width>
					<top>106r</top>
					<height>45</height>
					<align>left</align>
					<aligny>center</aligny>
					<font>breadcrumb</font>
					<textcolor>$INFO[Skin.String(color.500)]</textcolor>
					<shadowcolor>black</shadowcolor>
					<label>$INFO[Player.Title]</label>
				</control>
				<control type="label">
				<left>1100</left>
					<width>300</width>
					<top>106r</top>
					<height>45</height>
					<align>right</align>
					<aligny>center</aligny>
					<font>breadcrumb.secondary</font>
					<textcolor>white</textcolor>
					<label>$INFO[Player.Time] / $INFO[Player.Duration,]</label>
				</control>
			</control>
			<control type="group">
				<visible>VideoPlayer.Content(LiveTV)</visible>
				<control type="image">
					<left>510</left>
					<top>116r</top>
					<width>900</width>
					<height>60</height>
					<texture colordiffuse="black">backgrounds/bg_fade.png</texture>
				</control>
				<control type="image">
					<left>520</left>
					<top>116r</top>
					<width>60</width>
					<height>60</height>
					<texture>osd/play.png</texture>
				</control>
				<control type="label">
					<left>575</left>
					<width>600</width>
					<top>110r</top>
					<height>20</height>
					<align>left</align>
					<aligny>center</aligny>
					<font>breadcrumb.secondary</font>
					<textcolor>$INFO[Skin.String(color.500)]</textcolor>
					<shadowcolor>black</shadowcolor>
					<label>$INFO[Player.Title]</label>
				</control>
				<control type="label">
					<left>575</left>
					<width>830</width>
					<top>86r</top>
					<height>20</height>
					<align>left</align>
					<aligny>center</aligny>
					<font>breadcrumb.secondary</font>
					<textcolor>white</textcolor>
					<label>$INFO[VideoPlayer.ChannelName]</label>
					<scroll>true</scroll>
				</control>
				<control type="label">
					<left>1100</left>
					<width>300</width>
					<top>106r</top>
					<height>45</height>
					<align>right</align>
					<aligny>center</aligny>
					<font>breadcrumb.secondary</font>
					<textcolor>white</textcolor>
					<label>$INFO[Player.Time] / $INFO[Player.Duration,]</label>
				</control>
			</control>
			<control type="group">
				<visible>VideoPlayer.Content(Radio)</visible>
				<control type="image">
					<left>510</left>
					<top>116r</top>
					<width>900</width>
					<height>60</height>
					<texture colordiffuse="black">backgrounds/bg_fade.png</texture>
				</control>
				<control type="image">
					<left>520</left>
					<top>116r</top>
					<width>60</width>
					<height>60</height>
					<texture>osd/play.png</texture>
				</control>
				<control type="label">
					<left>575</left>
					<width>600</width>
					<top>110r</top>
					<height>20</height>
					<align>left</align>
					<aligny>center</aligny>
					<font>breadcrumb.secondary</font>
					<textcolor>$INFO[Skin.String(color.500)]</textcolor>
					<shadowcolor>black</shadowcolor>
					<label>$INFO[Player.Title]</label>
				</control>
				<control type="label">
					<left>575</left>
					<width>830</width>
					<top>86r</top>
					<height>20</height>
					<align>left</align>
					<aligny>center</aligny>
					<font>breadcrumb.secondary</font>
					<textcolor>white</textcolor>
					<label>$INFO[VideoPlayer.ChannelName]</label>
					<scroll>true</scroll>
				</control>
				<control type="label">
					<left>1100</left>
					<width>300</width>
					<top>106r</top>
					<height>45</height>
					<align>right</align>
					<aligny>center</aligny>
					<font>breadcrumb.secondary</font>
					<textcolor>white</textcolor>
					<label>$INFO[Player.Time] / $INFO[Player.Duration,]</label>
				</control>
			</control>
			<control type="group">
				<visible>Player.HasAudio + !VideoPlayer.Content(Radio)</visible>
				<control type="image">
					<left>510</left>
					<top>116r</top>
					<width>900</width>
					<height>60</height>
					<texture colordiffuse="black">backgrounds/bg_fade.png</texture>
				</control>
				<control type="image">
					<left>520</left>
					<top>116r</top>
					<width>60</width>
					<height>60</height>
					<texture>osd/play.png</texture>
				</control>
				<control type="label">
					<left>575</left>
					<width>600</width>
					<top>110r</top>
					<height>20</height>
					<align>left</align>
					<aligny>center</aligny>
					<font>breadcrumb.secondary</font>
					<textcolor>$INFO[Skin.String(color.500)]</textcolor>
					<shadowcolor>black</shadowcolor>
					<label>$INFO[Player.Title] </label>
				</control>
				<control type="label">
					<left>575</left>
					<width>830</width>
					<top>86r</top>
					<height>20</height>
					<align>left</align>
					<aligny>center</aligny>
					<font>breadcrumb.secondary</font>
					<textcolor>white</textcolor>
					<label>$INFO[MusicPlayer.Artist] - $INFO[MusicPlayer.Album]$INFO[musicplayer.discnumber, - $LOCALIZE[427]: ]</label>
				</control>
				<control type="label">
					<left>1100</left>
					<width>300</width>
					<top>106r</top>
					<height>45</height>
					<align>right</align>
					<aligny>center</aligny>
					<font>breadcrumb.secondary</font>
					<textcolor>white</textcolor>
					<shadowcolor>button.nf</shadowcolor>
					<label>$INFO[Player.Time] / $INFO[Player.Duration,]</label>
				</control>
			</control>
		</control>
		
		<control type="group">
			<visible>Skin.HasSetting(Touchmode)</visible>
			<control type="image">
				<left>60</left>
				<top>115r</top>
				<width>60</width>
				<height>60</height>
				<texture colordiffuse="black">backgrounds/bg_fade.png</texture>
			</control>
			<control type="button">
				<description>Back push button</description>
				<left>55</left>
				<top>120r</top>
				<width>70</width>
				<height>70</height>
				<label></label>
				<font/>
				<onclick>back</onclick>
				<texturefocus colordiffuse="$INFO[Skin.String(color.500)]">icons/back.png</texturefocus>
				<texturenofocus colordiffuse="white">icons/back.png</texturenofocus>
				<onleft></onleft>
				<onright></onright>
				<onup></onup>
				<ondown></ondown>
			</control>
			<control type="image">
				<right>60</right>
				<top>115r</top>
				<width>60</width>
				<height>60</height>
				<texture colordiffuse="black">backgrounds/bg_fade.png</texture>
			</control>
			<control type="button">
				<description>Home push button</description>
				<right>55</right>
				<top>120r</top>
				<width>70</width>
				<height>70</height>
				<label></label>
				<font/>
				<onclick>ActivateWindow(home)</onclick>
				<texturefocus colordiffuse="$INFO[Skin.String(color.500)]">icons/home.png</texturefocus>
				<texturenofocus colordiffuse="white">icons/home.png</texturenofocus>
				<onleft></onleft>
				<onright></onright>
				<onup></onup>
				<ondown></ondown>
			</control>
		</control>
	
		<!--main content-->
		<control type="group">
			<left>60</left>
			<centertop>50%</centertop>
			<width>1800</width>
			<height>783</height>
			<visible>![Window.IsActive(PVRChannelManager) | Window.IsActive(PVRGroupManager) | Window.IsActive(script-RSS_Editor.xml)]</visible>
			<control type="image">
				<left>0</left>
				<top>0</top>
				<width>1800</width>
				<height>650</height>
				<texture colordiffuse="black">backgrounds/bg_fade.png</texture>
			</control>
			<control type="image">
				<left>0</left>
				<top>0</top>
				<width>375</width>
				<height>650</height>
				<texture colordiffuse="black">backgrounds/bg_fade.png</texture>
			</control>
			<!--title-->
			<control type="label">
				<left>0</left>
				<top>5</top>
				<width>1800</width>
				<height>60</height>
				<font>info.title</font>
				<align>center</align>
				<aligny>center</aligny>
				<textcolor>$INFO[Skin.String(color.500)]</textcolor>
				<label>$INFO[Control.GetLabel(2)] - $LOCALIZE[5]</label>
			</control>
			<!--left buttons-->
			<control type="grouplist" id="3">
				<left>10</left>
				<top>120</top>
				<width>390</width>
				<height>400</height>
				<itemgap>5</itemgap>
				<onleft>5</onleft>
				<onright>5</onright>
				<onup>3</onup>
				<ondown>20</ondown>
			</control>
			<!--settings level-->
			<control type="button" id="20">
				<left>10</left>
				<top>585</top>
				<height>60</height>
				<texturefocus colordiffuse="$INFO[Skin.String(color.500)]">backgrounds/white.png</texturefocus>
				<textcolor>white</textcolor>
				<focusedcolor>white</focusedcolor>
				<align>right</align>
				<include>ButtonCommonValues</include>
				<onleft>5</onleft>
				<onright>5</onright>
				<onup>3</onup>
				<ondown>3</ondown>
				<onclick>SettingsLevelChange</onclick>
			</control>
			<!--settings level label (no focus)-->
			<control type="label">
				<left>25</left>
				<top>585</top>
				<height>60</height>
				<width>305</width>
				<label>31142</label>
				<font></font>
				<textcolor>white</textcolor>
				<align>left</align>
				<aligny>center</aligny>
				<visible>!Control.HasFocus(20)</visible>
			</control>
			<!--settings level label (focus)-->
			<control type="label">
				<left>25</left>
				<top>585</top>
				<height>60</height>
				<width>305</width>
				<label>31142</label>
				<font></font>
				<textcolor>white</textcolor>
				<align>left</align>
				<aligny>center</aligny>
				<visible>Control.HasFocus(20)</visible>
			</control>
			<!--controls-->
			<control type="grouplist" id="5">
				<left>385</left>
				<top>120</top>
				<width>1405</width>
				<height>500</height>
				<itemgap>5</itemgap>
				<pagecontrol>60</pagecontrol>
				<onleft>3</onleft>
				<onright>60</onright>
				<onup>5</onup>
				<ondown>5</ondown>
			</control>
			<control type="image">
				<left>0</left>
				<top>655</top>
				<width>1800</width>
				<height>115</height>
				<texture colordiffuse="black">backgrounds/bg_fade.png</texture>
			</control>
			<control type="image">
				<left>110r</left>
				<top>660</top>
				<width>100</width>
				<height>100</height>
				<texture colordiffuse="$INFO[Skin.String(color.500)]">icons/kodi.png</texture>
			</control>
			<!--setting description-->
			<control type="textbox" id="6">
				<left>400</left>
				<top>680</top>
				<width>960</width>
				<height>60</height>
				<font>label</font>
				<align>justify</align>
				<textcolor>white</textcolor>
			</control>
		</control>
		<include>BehindDialogFadeOut</include>
		<!--category buttons-->
		<control type="button" id="10">
			<texturefocus colordiffuse="$INFO[Skin.String(color.500)]">backgrounds/white.png</texturefocus>
			<textcolor>white</textcolor>
			<focusedcolor>white</focusedcolor>
			<include>ButtonCommonValues</include>
		</control>
		<!--button-->
		<control type="button" id="7">
			<left>0</left>
			<top>0</top>
			<invalidcolor>invalid</invalidcolor>
		</control>
		<!--radio button-->
		<control type="radiobutton" id="8">
			<left>0</left>
			<top>0</top>
		</control>
		<!--spin control-->
		<control type="spincontrolex" id="9">
			<left>0</left>
			<top>0</top>
			<reverse>yes</reverse>
		</control>
		<!--edit control-->
		<control type="edit" id="12">
			<left>0</left>
			<top>0</top>
		</control>
		<!--slider control-->
		<control type="sliderex" id="13">
			<left>0</left>
			<top>0</top>
		</control>
		<control type="image" id="11">
			<left>0</left>
			<top>0</top>
			<height>1</height>
			<aspectratio>stretch</aspectratio>
			<texture colordiffuse="$INFO[Skin.String(color.disabled)]">backgrounds/white.png</texture>
		</control>
		<!--label-->
		<control type="label" id="14">
			<left>0</left>
			<top>0</top>
			<height>60</height>
			<font>label</font>
			<textcolor>$INFO[Skin.String(color.500)]</textcolor>
			<textoffsetx>5</textoffsetx>
			<aligny>center</aligny>
		</control>
		<control type="label" id="2">
			<description>Fake Label so we can pass it value down to the one below</description>
			<left>0</left>
			<top>0</top>
			<width>0</width>
			<height>0</height>
			<font></font>
			<visible>false</visible>
		</control>
		
	</controls>
</window>
