<?xml version="1.0" encoding="UTF-8"?>
<includes>
	<include name="AddonInfoListView1">
		<!--all content-->
		<control type="group">
			<visible>Control.IsVisible(550)</visible>
			<include>VisibleFadeEffect</include>
			<!--content list-->
			<control type="list" id="550">
				<left>195</left>
				<top>200</top>
				<width>1004</width>
				<height>700</height>
				<onleft>2</onleft>
				<onright>60</onright>
				<onup>550</onup>
				<ondown>550</ondown>
				<viewtype label="$LOCALIZE[31033]">info</viewtype>
				<pagecontrol>60</pagecontrol>
				<scrolltime>200</scrolltime>
				<visible>Window.IsVisible(AddonBrowser) | Window.IsVisible(Games) | Container.Content(Addons) | String.Contains(Container.FolderPath,plugin.program.advanced.launcher)</visible>
				<itemlayout height="70" width="1004">
					<!--background-->
					<control type="image">
						<left>4</left>
						<top>0</top>
						<width>1000</width>
						<height>60</height>
						<texture colordiffuse="button.nf">backgrounds/white.png</texture>
					</control>
					<!--main label-->
					<control type="label">
						<left>19</left>
						<top>0</top>
						<width>990</width>
						<height>60</height>
						<font>label</font>
						<textcolor>lime</textcolor>
						<selectedcolor>$INFO[Skin.String(color.500)]</selectedcolor>
						<align>left</align>
						<aligny>center</aligny>
						<label>$INFO[ListItem.Label]</label>
					</control>
					<!--secondary label-->
					<control type="label">
						<left>985</left>
						<top>0</top>
						<width>600</width>
						<height>60</height>
						<font>secondary.info</font>
						<textcolor>white</textcolor>
						<selectedcolor>$INFO[Skin.String(color.500)]</selectedcolor>
						<align>right</align>
						<aligny>center</aligny>
						<label>$INFO[ListItem.AddonStatus]</label>
					</control>
				</itemlayout>
				<focusedlayout height="70" width="1004">
					<!--background-->
					<control type="image">
						<left>4</left>
						<top>0</top>
						<width>1000</width>
						<height>60</height>
						<texture colordiffuse="$INFO[Skin.String(color.tertiary)]">backgrounds/white.png</texture>
						<animation effect="fade" start="100" end="75" time="200" condition="Control.HasFocus(60)">Conditional</animation>
					</control>
					<!--background strip-->
					<control type="image">
						<left>0</left>
						<top>0</top>
						<width>4</width>
						<height>60</height>
						<texture colordiffuse="$INFO[Skin.String(color.500)]">backgrounds/white.png</texture>
						<animation effect="fade" start="100" end="75" time="200" condition="Control.HasFocus(60)">Conditional</animation>
					</control>
					<!--main label-->
					<control type="label">
						<left>19</left>
						<top>0</top>
						<width>990</width>
						<height>60</height>
						<font>label</font>
						<textcolor>white</textcolor>
						<selectedcolor>$INFO[Skin.String(color.500)]</selectedcolor>
						<align>left</align>
						<aligny>center</aligny>
						<label>$INFO[ListItem.Label]</label>
					</control>
					<!--secondary label-->
					<control type="label">
						<left>985</left>
						<top>0</top>
						<width>600</width>
						<height>60</height>
						<font>secondary.info</font>
						<textcolor>white</textcolor>
						<selectedcolor>$INFO[Skin.String(color.500)]</selectedcolor>
						<align>right</align>
						<aligny>center</aligny>
						<label>$INFO[ListItem.AddonStatus]</label>
					</control>
				</focusedlayout>
			</control>
			<!--scrollbar-->
			<control type="scrollbar" id="60">
				<left>1209</left>
				<top>200</top>
				<height>690</height>
				<onleft>550</onleft>
				<onright>2</onright>
				<orientation>vertical</orientation>
				<showonepage>true</showonepage>
			</control>
			<!--info-->
			<control type="group">
				<left>1226</left>
				<top>200</top>
				<!--background-->
				<control type="image">
					<left>-18</left>
					<top>-20</top>
					<width>496</width>
					<height>730</height>
					<texture background="true" colordiffuse="$INFO[Skin.String(color.tertiary)]">backgrounds/info bg.png</texture>
				</control>
				<!--thumb (fallback)-->
				<control type="image">
					<left>0</left>
					<top>0</top>
					<width>460</width>
					<height>460</height>
					<aspectratio>scale</aspectratio>
					<texture background="true" colordiffuse="$INFO[Skin.String(color.500)]">$INFO[ListItem.Icon]</texture>
					<visible>String.Contains(ListItem.Icon,Default)</visible>
				</control>
				<!--thumb (no fallback)-->
				<control type="image">
					<left>0</left>
					<top>0</top>
					<width>460</width>
					<height>460</height>
					<aspectratio>scale</aspectratio>
					<texture background="true">$INFO[ListItem.Icon]</texture>
					<visible>!String.Contains(ListItem.Icon,Default)</visible>
				</control>
				<!--album info-->
				<control type="group">
					<top>460</top>
					<visible>!Container.Content(Songs)</visible>
					<!--info strip background-->
					<control type="image">
						<left>0</left>
						<top>0</top>
						<width>460</width>
						<height>60</height>
						<texture background="true" colordiffuse="$INFO[Skin.String(color.500)]">backgrounds/white.png</texture>
					</control>
					<!--thumb shadow-->
					<control type="image">
						<left>0</left>
						<top>0</top>
						<width>460</width>
						<height>10</height>
						<texture>homeshadow.png</texture>
						<animation effect="fade" start="100" end="100" time="0" condition="true">Conditional</animation>
					</control>
					<!--info strip shadow-->
					<control type="image">
						<left>0</left>
						<top>60</top>
						<width>460</width>
						<height>10</height>
						<texture>homeshadow.png</texture>
						<animation effect="fade" start="100" end="100" time="0" condition="true">Conditional</animation>
					</control>
					<!--secondary label-->
					<control type="label">
						<left>15</left>
						<top>0</top>
						<width>430</width>
						<height>55</height>
						<font>secondary.info.big</font>
						<textcolor>white</textcolor>
						<selectedcolor>white</selectedcolor>
						<align>left</align>
						<aligny>center</aligny>
						<label>$VAR[Addon.Secondary.Label]</label>
					</control>
				</control>
				<!--addon description-->
				<control type="textbox">
					<left>15</left>
					<top>532</top>
					<width>430</width>
					<height>138</height>
					<font>label</font>
					<align>left</align>
					<textcolor>white</textcolor>
					<label>$VAR[Addon.Description]</label>
					<autoscroll time="2500" delay="3000" repeat="5000">Skin.HasSetting(AutoScroll)</autoscroll>
				</control>
			</control>
		</control>
	</include>
	<include name="AddonInfoThumbView1">
		<!--all content-->
		<control type="group">
			<visible>Control.IsVisible(551)</visible>
			<include>VisibleFadeEffect</include>
			<!--content list-->
			<control type="panel" id="551">
				<left>130</left>
				<top>195</top>
				<width>1300</width>
				<height>700</height>
				<onleft>2</onleft>
				<onright>60</onright>
				<onup>551</onup>
				<ondown>551</ondown>
				<viewtype label="$LOCALIZE[31033] 2">biginfo</viewtype>
				<visible>Window.IsVisible(AddonBrowser) | Window.IsVisible(Games) | Container.Content(Addons) | String.Contains(Container.FolderPath,plugin.program.advanced.launcher)</visible>
				<pagecontrol>60</pagecontrol>
				<scrolltime>200</scrolltime>
				<itemlayout height="233" width="233">
					<!--background (fallback)-->
					<control type="image">
						<left>0</left>
						<top>0</top>
						<width>233</width>
						<height>233</height>
						<texture background="true" colordiffuse="$INFO[Skin.String(color.tertiary)]">backgrounds/white.png</texture>
						<bordersize>5</bordersize>
						<bordertexture colordiffuse="$INFO[Skin.String(color.500)]">backgrounds/square shadow small.png</bordertexture>
						<visible>String.Contains(ListItem.Icon,Default)</visible>
					</control>
					<!--background (no fallback)-->
					<control type="image">
						<left>0</left>
						<top>0</top>
						<width>233</width>
						<height>233</height>
						<texture background="true" colordiffuse="button.nf">backgrounds/white.png</texture>
						<bordersize>5</bordersize>
						<bordertexture colordiffuse="$INFO[Skin.String(color.500)]">backgrounds/square shadow small.png</bordertexture>
						<visible>!String.Contains(ListItem.Icon,Default)</visible>
					</control>
					<!--icon (fallback)-->
					<control type="image">
						<left>5</left>
						<top>5</top>
						<width>223</width>
						<height>223</height>
						<aspectratio>scale</aspectratio>
						<texture colordiffuse="$INFO[Skin.String(color.500)]" background="true">$INFO[Listitem.Icon]</texture>
						<visible>!String.Contains(Container.FolderPath,plugin.program.advanced.launcher)</visible>
						<visible>String.Contains(ListItem.Icon,Default)</visible>
					</control>
					<!--icon (no fallback)-->
					<control type="image">
						<left>5</left>
						<top>5</top>
						<width>223</width>
						<height>223</height>
						<aspectratio>scale</aspectratio>
						<texture background="true">$INFO[Listitem.Icon]</texture>
						<visible>!String.Contains(Container.FolderPath,plugin.program.advanced.launcher)</visible>
						<visible>!String.Contains(ListItem.Icon,Default)</visible>
					</control>
					<!--advanced launcher thumb (fallback)-->
					<control type="image">
						<left>5</left>
						<top>5</top>
						<width>223</width>
						<height>223</height>
						<aspectratio>keep</aspectratio>
						<texture colordiffuse="$INFO[Skin.String(color.500)]" background="true">$INFO[Listitem.Icon]</texture>
						<visible>String.Contains(Container.FolderPath,plugin.program.advanced.launcher)</visible>
						<visible>String.Contains(ListItem.Icon,Default)</visible>
					</control>
					<!--advanced launcher thumb (no fallback)-->
					<control type="image">
						<left>5</left>
						<top>5</top>
						<width>223</width>
						<height>223</height>
						<aspectratio>keep</aspectratio>
						<texture background="true">$INFO[Listitem.Icon]</texture>
						<visible>String.Contains(Container.FolderPath,plugin.program.advanced.launcher)</visible>
						<visible>!String.Contains(ListItem.Icon,Default)</visible>
					</control>
					<!--overlay background-->
					<control type="image">
						<left>5</left>
						<top>5</top>
						<width>35</width>
						<height>35</height>
						<texture colordiffuse="$INFO[Skin.String(color.tertiary)]">backgrounds/white.png</texture>
						<visible>!String.IsEmpty(ListItem.AddonBroken)</visible>
					</control>
				</itemlayout>
				<focusedlayout height="233" width="233">
					<!--background (fallback)-->
					<control type="image">
						<left>0</left>
						<top>0</top>
						<width>233</width>
						<height>233</height>
						<texture background="true" colordiffuse="quaternary">backgrounds/white.png</texture>
						<bordersize>5</bordersize>
						<bordertexture colordiffuse="$INFO[Skin.String(color.500)]">backgrounds/white.png</bordertexture>
						<visible>String.Contains(ListItem.Icon,Default)</visible>
					</control>
					<!--background (no fallback)-->
					<control type="image">
						<left>0</left>
						<top>0</top>
						<width>233</width>
						<height>233</height>
						<texture background="true" colordiffuse="button.nf">backgrounds/white.png</texture>
						<bordersize>5</bordersize>
						<bordertexture colordiffuse="$INFO[Skin.String(color.500)]">backgrounds/white.png</bordertexture>
						<visible>!String.Contains(ListItem.Icon,Default)</visible>
					</control>
					<!--icon (fallback)-->
					<control type="image">
						<left>5</left>
						<top>5</top>
						<width>223</width>
						<height>223</height>
						<aspectratio>scale</aspectratio>
						<texture colordiffuse="$INFO[Skin.String(color.500)]" background="true">$INFO[Listitem.Icon]</texture>
						<visible>!String.Contains(Container.FolderPath,plugin.program.advanced.launcher)</visible>
						<visible>String.Contains(ListItem.Icon,Default)</visible>
					</control>
					<!--icon (no fallback)-->
					<control type="image">
						<left>5</left>
						<top>5</top>
						<width>223</width>
						<height>223</height>
						<aspectratio>scale</aspectratio>
						<texture background="true">$INFO[Listitem.Icon]</texture>
						<visible>!String.Contains(Container.FolderPath,plugin.program.advanced.launcher)</visible>
						<visible>!String.Contains(ListItem.Icon,Default)</visible>
					</control>
					<!--episode thumb (fallback)-->
					<control type="image">
						<left>5</left>
						<top>5</top>
						<width>223</width>
						<height>223</height>
						<aspectratio>keep</aspectratio>
						<texture colordiffuse="$INFO[Skin.String(color.500)]" background="true">$INFO[Listitem.Icon]</texture>
						<visible>String.Contains(Container.FolderPath,plugin.program.advanced.launcher)</visible>
						<visible>String.Contains(ListItem.Icon,Default)</visible>
					</control>
					<!--episode thumb (no fallback)-->
					<control type="image">
						<left>5</left>
						<top>5</top>
						<width>223</width>
						<height>223</height>
						<aspectratio>keep</aspectratio>
						<texture background="true">$INFO[Listitem.Icon]</texture>
						<visible>String.Contains(Container.FolderPath,plugin.program.advanced.launcher)</visible>
						<visible>!String.Contains(ListItem.Icon,Default)</visible>
					</control>
					<!--label background-->
					<control type="image">
						<left>5</left>
						<top>148</top>
						<width>197</width>
						<height>80</height>
						<texture colordiffuse="$INFO[Skin.String(color.tertiary)]">backgrounds/white.png</texture>
					</control>
					<!--main label-->
					<control type="textbox">
						<left>20</left>
						<top>155</top>
						<width>167</width>
						<height>63</height>
						<font>secondary.info.big</font>
						<textcolor>white</textcolor>
						<selectedcolor>$INFO[Skin.String(color.500)]</selectedcolor>
						<align>left</align>
						<label>$INFO[ListItem.Label]</label>
						<autoscroll time="2000" delay="2000" repeat="2000" />
					</control>
					<!--overlay background-->
					<control type="image">
						<left>5</left>
						<top>5</top>
						<width>35</width>
						<height>35</height>
						<texture colordiffuse="$INFO[Skin.String(color.tertiary)]">backgrounds/white.png</texture>
						<visible>!String.IsEmpty(ListItem.AddonBroken)</visible>
					</control>
				</focusedlayout>
			</control>
			<!--scrollbar-->
			<control type="scrollbar" id="60">
				<left>1300</left>
				<top>200</top>
				<height>690</height>
				<onleft>551</onleft>
				<onright>2</onright>
				<orientation>vertical</orientation>
			</control>
			<!--tv shows info-->
			<control type="group">
				<left>931</left>
				<top>200</top>
				<!--info-->
				<control type="group">
					<left>385</left>
					<!--background-->
					<control type="image">
						<left>-18</left>
						<top>-20</top>
						<width>496</width>
						<height>730</height>
						<texture background="true" colordiffuse="$INFO[Skin.String(color.tertiary)]">backgrounds/info bg.png</texture>
					</control>
					<!--info strip background-->
					<control type="image">
						<left>0</left>
						<top>0</top>
						<width>460</width>
						<height>130</height>
						<texture background="true" colordiffuse="$INFO[Skin.String(color.500)]">backgrounds/white.png</texture>
					</control>
					<!--info strip shadow-->
					<control type="image">
						<left>0</left>
						<top>130</top>
						<width>460</width>
						<height>10</height>
						<texture>homeshadow.png</texture>
						<animation effect="fade" start="100" end="100" time="0" condition="true">Conditional</animation>
					</control>
					<!--secondary label 1-->
					<control type="label">
						<left>15</left>
						<top>2</top>
						<width>430</width>
						<height>55</height>
						<font>secondary.info.big</font>
						<textcolor>white</textcolor>
						<selectedcolor>white</selectedcolor>
						<align>left</align>
						<aligny>center</aligny>
						<label>$VAR[Addon.Secondary.Label.1]</label>
					</control>
					<!--secondary label 2-->
					<control type="label">
						<left>15</left>
						<top>37</top>
						<width>430</width>
						<height>55</height>
						<font>secondary.info.big</font>
						<textcolor>white</textcolor>
						<selectedcolor>white</selectedcolor>
						<align>left</align>
						<aligny>center</aligny>
						<label>$VAR[Addon.Secondary.Label.2]</label>
					</control>
					<!--secondary label 3-->
					<control type="label">
						<left>15</left>
						<top>72</top>
						<width>430</width>
						<height>55</height>
						<font>secondary.info.big</font>
						<textcolor>white</textcolor>
						<selectedcolor>white</selectedcolor>
						<align>left</align>
						<aligny>center</aligny>
						<label>$VAR[Addon.Secondary.Label.3]</label>
					</control>
					<!--plot-->
					<control type="textbox">
						<left>15</left>
						<top>140</top>
						<width>430</width>
						<height>533</height>
						<font>label</font>
						<align>left</align>
						<textcolor>white</textcolor>
						<label>$VAR[Addon.Description]</label>
						<autoscroll time="2000" delay="15000" repeat="10000">Skin.HasSetting(AutoScroll)</autoscroll>
					</control>
				</control>
			</control>
		</control>
	</include>
</includes>