<?xml version="1.0" encoding="UTF-8"?>
<includes>
	<include name="CommonRootView">
		<!--all content-->
		<control type="group">
			<visible>Control.IsVisible(50)</visible>
			<include>VisibleFadeEffect</include>
			<include condition="String.IsEqual(Skin.AspectRatio,4:3)">TallListContainer</include>
			<include condition="!String.IsEqual(Skin.AspectRatio,4:3)">ShortListContainer</include>
			<left>60</left>
			<width>1800</width>
			<!--content list-->
			<control type="list" id="50">
				<include condition="String.IsEqual(Skin.AspectRatio,4:3)">TallListSlide</include>
				<include condition="!String.IsEqual(Skin.AspectRatio,4:3)">ShortListSlide</include>
				<centertop>50%</centertop>
				<width>1260</width>1004
				<onleft>2</onleft>
				<onright>650</onright>
				<onup>50</onup>
				<ondown>50</ondown>
				<viewtype label="535">list</viewtype>
				<pagecontrol>650</pagecontrol>
				<scrolltime>200</scrolltime>
				<itemlayout height="100" width="1300">
					<!--background-->
					<control type="image">
						<left>4</left>
						<top>5</top>
						<width>800</width>
						<height>92</height>
						<texture colordiffuse="black">backgrounds/bg_fade.png</texture>
					</control>
					<!--main label-->
					<control type="label">
						<left>19</left>
						<top>5</top>
						<width>700</width>
						<height>92</height>
						<font>menu.title</font>
						<textcolor>white</textcolor>
						<selectedcolor>$INFO[Skin.String(color.500)]</selectedcolor>
						<align>left</align>
						<aligny>center</aligny>
						<label>$INFO[ListItem.Label]</label>
					</control>
					<!--watched icon-->
					<control type="image">
						<left>760</left>
						<top>35</top>
						<width>30</width>
						<height>30</height>
						<texture>$INFO[ListItem.Overlay]</texture>
						<visible>Window.IsVisible(Videos) + !ListItem.IsResumable</visible>
					</control>
					<!--resumable icon-->
					<control type="image">
						<left>760</left>
						<top>35</top>
						<width>30</width>
						<height>30</height>
						<texture>OverlayWatching.png</texture>
						<visible>Window.IsVisible(Videos) + ListItem.IsResumable</visible>
					</control>
				</itemlayout>
				<focusedlayout height="100" width="1300">
					<!--background-->
					<control type="image">
						<left>4</left>
						<top>5</top>
						<width>800</width>
						<height>92</height>
						<texture colordiffuse="$INFO[Skin.String(color.500)]">backgrounds/white.png</texture>
						<animation effect="fade" start="100" end="75" time="200" condition="Control.HasFocus(60)">Conditional</animation>
					</control>
					<!--main label-->
					<control type="label">
						<left>19</left>
						<top>5</top>
						<width>700</width>
						<height>92</height>
						<font>menu.title</font>
						<textcolor>white</textcolor>
						<selectedcolor>$INFO[Skin.String(color.500)]</selectedcolor>
						<shadowcolor>black</shadowcolor>
						<align>left</align>
						<aligny>center</aligny>
						<label>$INFO[ListItem.Label]</label>
					</control>
					<!--watched icon-->
					<control type="image">
						<left>760</left>
						<top>35</top>
						<width>30</width>
						<height>30</height>
						<texture>$INFO[ListItem.Overlay]</texture>
						<visible>Window.IsVisible(Videos) + !ListItem.IsResumable</visible>
					</control>
					<!--resumable icon-->
					<control type="image">
						<left>760</left>
						<top>35</top>
						<width>30</width>
						<height>30</height>
						<texture>OverlayWatching.png</texture>
						<visible>Window.IsVisible(Videos) + ListItem.IsResumable</visible>
					</control>
				</focusedlayout>
			</control>
			<!--thumb (fallback)-->
			<control type="image">
				<left>470r</left>
				<top>-5</top>
				<bottom>-5</bottom>
				<width>480</width>
				<aspectratio aligny="center">keep</aspectratio>
				<texture background="true">$VAR[PosterThumb]</texture>
				<visible>String.Contains(ListItem.Icon,default)</visible>
			</control>
			<!--thumb (no fallback)-->
			<control type="image">
				<left>470r</left>
				<top>-5</top>
				<bottom>-5</bottom>
				<width>480</width>
				<aspectratio aligny="center">keep</aspectratio>
				<texture background="true">$VAR[PosterThumb]</texture>
				<visible>!String.Contains(ListItem.Icon,default)</visible>
				<visible>!Container.Content(Episodes)</visible>
			</control>
			<!--thumb (no fallback)-->
			<control type="image">
				<left>470r</left>
				<top>-5</top>
				<bottom>-5</bottom>
				<width>480</width>
				<aspectratio aligny="center">keep</aspectratio>
				<texture background="true">$VAR[PosterThumb]</texture>
				<visible>!String.Contains(ListItem.Icon,default)</visible>
				<visible>Container.Content(Episodes)</visible>
			</control>
			<!--scrollbar-->
			<control type="scrollbar" id="650">
				<left>810</left>
				<top>5</top>
				<bottom>5</bottom>
				<onleft>50</onleft>
				<onright>2</onright>
				<orientation>vertical</orientation>
			</control>
			
			<control type="group">
				<visible>!String.IsEmpty(ListItem.Plot)</visible>
				<control type="image">
					<left>840</left>
					<top>5</top>
					<width>475</width>
					<height>392</height>
					<texture colordiffuse="black">backgrounds/bg_fade.png</texture>
				</control>
				<control type="textbox">
					<left>850</left>
					<top>10</top>
					<width>455</width>
					<height>377</height>
					<font>label</font>
					<align>justify</align>
					<textcolor>white</textcolor>
					<shadowcolor>black</shadowcolor>
					<label>$INFO[ListItem.Plot]</label>
					<autoscroll time="2000" delay="15000" repeat="10000">Skin.HasSetting(AutoScroll)</autoscroll>
				</control>
			</control>
			<control type="group">
				<visible>Container.Content(Movies) | Container.Content(Episodes)</visible>
				<visible>!String.IsEmpty(ListItem.Genre)</visible>
				<top>432</top>
				<left>856</left>
				<control type="image">
					<left>-16</left>
					<top>-27</top>
					<width>475</width>
					<height>92</height>
					<texture colordiffuse="black">backgrounds/bg_fade.png</texture>
				</control>
				<control type="label">
					<left>-16</left>
					<top>-27</top>
					<width>475</width>
					<height>92</height>
					<font>label</font>
					<textcolor>white</textcolor>
					<align>center</align>
					<aligny>center</aligny>
					<label>$INFO[ListItem.Genre]</label>
					<scroll>true</scroll>
				</control>
			</control>
			<control type="group">
				<visible>Container.Content(Movies) | Container.Content(Episodes)</visible>
				<visible>!String.IsEmpty(ListItem.Year)</visible>
				<top>533</top>
				<left>856</left>
				<control type="image">
					<left>-16</left>
					<top>-27</top>
					<width>475</width>
					<height>92</height>
					<texture colordiffuse="black">backgrounds/bg_fade.png</texture>
				</control>
				<control type="label">
					<left>-16</left>
					<top>-27</top>
					<width>475</width>
					<height>92</height>
					<font>label</font>
					<textcolor>white</textcolor>
					<align>center</align>
					<aligny>center</aligny>
					<label>$INFO[ListItem.Year] | $INFO[ListItem.Rating] | $INFO[ListItem.Duration]</label>
				</control>
			</control>
			<control type="group">
				<visible>Container.Content(Movies) | Container.Content(Episodes)</visible>
				<visible>!String.IsEmpty(ListItem.VideoResolution)</visible>
				<top>632</top>
				<left>856</left>
				<control type="image">
					<left>-16</left>
					<top>-27</top>
					<width>475</width>
					<height>92</height>
					<texture colordiffuse="black">backgrounds/bg_fade.png</texture>
				</control>
				<control type="image">
					<left>0</left>
					<top>0</top>
					<width>83</width>
					<height>38</height>
					<texture fallback="flags/aspectratio/default.png">$INFO[ListItem.VideoAspect,flags/aspectratio/,.png]</texture>
					<aspectratio>keep</aspectratio>
				</control>
				<control type="image">
					<left>84</left>
					<top>0</top>
					<width>56</width>
					<height>38</height>
					<texture fallback="flags/resolution/default.png">$INFO[ListItem.VideoResolution,flags/resolution/,.png]</texture>
					<aspectratio>keep</aspectratio>
				</control>
				<control type="image">
					<left>141</left>
					<top>0</top>
					<width>100</width>
					<height>38</height>
					<texture fallback="flags/videocodec/default.png">$INFO[ListItem.VideoCodec,flags/videocodec/,.png]</texture>
					<aspectratio>keep</aspectratio>
				</control>
				<control type="image">
					<left>242</left>
					<top>0</top>
					<width>100</width>
					<height>38</height>
					<texture fallback="flags/audio/default.png">$INFO[ListItem.AudioCodec,flags/audio/,.png]</texture>
					<aspectratio>keep</aspectratio>
				</control>
				<control type="image">
					<left>343</left>
					<top>0</top>
					<width>100</width>
					<height>38</height>
					<texture fallback="flags/audio/default channel.png">$INFO[ListItem.AudioChannels,flags/audio/,.png]</texture>
					<aspectratio>keep</aspectratio>
				</control>
			</control>
			
			<control type="group">
				<visible>!String.IsEmpty(ListItem.Property(Artist_Description))</visible>
				<control type="image">
					<left>840</left>
					<top>5</top>
					<width>475</width>
					<height>392</height>
					<texture colordiffuse="black">backgrounds/bg_fade.png</texture>
				</control>
				<control type="textbox">
					<left>850</left>
					<top>10</top>
					<width>455</width>
					<height>377</height>
					<font>label</font>
					<align>justify</align>
					<textcolor>white</textcolor>
					<shadowcolor>black</shadowcolor>
					<label>$INFO[ListItem.Property(Artist_Description)]</label>
					<autoscroll time="2000" delay="15000" repeat="10000">Skin.HasSetting(AutoScroll)</autoscroll>
				</control>
			</control>
			<control type="group">
				<visible>!String.IsEmpty(ListItem.Property(Album_Description))</visible>
				<control type="image">
					<left>840</left>
					<top>5</top>
					<width>475</width>
					<height>392</height>
					<texture colordiffuse="black">backgrounds/bg_fade.png</texture>
				</control>
				<control type="textbox">
					<left>850</left>
					<top>10</top>
					<width>455</width>
					<height>377</height>
					<font>label</font>
					<align>justify</align>
					<textcolor>white</textcolor>
					<shadowcolor>black</shadowcolor>
					<label>$INFO[ListItem.Property(Album_Description)]</label>
					<autoscroll time="2000" delay="15000" repeat="10000">Skin.HasSetting(AutoScroll)</autoscroll>
				</control>
			</control>
			<control type="group">
				<visible>Window.IsVisible(MusicPlaylist) |  Container.Content(Songs) | Container.Content(Albums)</visible>
				<visible>!String.IsEmpty(ListItem.Genre)</visible>
				<top>432</top>
				<left>856</left>
				<control type="image">
					<left>-16</left>
					<top>-27</top>
					<width>475</width>
					<height>92</height>
					<texture colordiffuse="black">backgrounds/bg_fade.png</texture>
				</control>
				<control type="label">
					<left>-16</left>
					<top>-27</top>
					<width>475</width>
					<height>92</height>
					<font>label</font>
					<textcolor>white</textcolor>
					<align>center</align>
					<aligny>center</aligny>
					<label>$INFO[ListItem.Genre]</label>
					<scroll>true</scroll>
				</control>
			</control>
			<control type="group">
				<visible>Window.IsVisible(MusicPlaylist) |  Container.Content(Songs) | Container.Content(Albums)</visible>
				<visible>!String.IsEmpty(ListItem.Year)</visible>
				<top>533</top>
				<left>856</left>
				<control type="image">
					<left>-16</left>
					<top>-27</top>
					<width>475</width>
					<height>92</height>
					<texture colordiffuse="black">backgrounds/bg_fade.png</texture>
				</control>
				<control type="label">
					<left>-16</left>
					<top>-27</top>
					<width>475</width>
					<height>92</height>
					<font>label</font>
					<textcolor>white</textcolor>
					<align>center</align>
					<aligny>center</aligny>
					<label>$INFO[ListItem.Year] | $INFO[ListItem.Property(Album_Rating)] | $INFO[ListItem.Duration]</label>
				</control>
			</control>
			
			<control type="group">
				<visible>!String.IsEmpty(ListItem.AddonDescription)</visible>
				<control type="image">
					<left>840</left>
					<top>5</top>
					<width>475</width>
					<height>392</height>
					<texture colordiffuse="black">backgrounds/bg_fade.png</texture>
				</control>
				<control type="textbox">
					<left>850</left>
					<top>10</top>
					<width>455</width>
					<height>377</height>
					<font>label</font>
					<align>justify</align>
					<textcolor>white</textcolor>
					<shadowcolor>black</shadowcolor>
					<label>$INFO[ListItem.AddonDescription]</label>
					<autoscroll time="2000" delay="15000" repeat="10000">Skin.HasSetting(AutoScroll)</autoscroll>
				</control>
			</control>
			<control type="group">
				<visible>Container.Content(Addons)</visible>
				<top>432</top>
				<left>856</left>
				<control type="image">
					<left>-16</left>
					<top>-27</top>
					<width>475</width>
					<height>92</height>
					<texture colordiffuse="black">backgrounds/bg_fade.png</texture>
				</control>
				<control type="label">
					<left>-16</left>
					<top>-27</top>
					<width>475</width>
					<height>92</height>
					<font>label</font>
					<textcolor>white</textcolor>
					<align>center</align>
					<aligny>center</aligny>
					<label>$INFO[ListItem.AddonVersion] | $INFO[ListItem.Property(Addon.Status)]</label>
					<scroll>true</scroll>
				</control>
			</control>
			<control type="group">
				<visible>Container.Content(Addons)</visible>
				<top>533</top>
				<left>856</left>
				<control type="image">
					<left>-16</left>
					<top>-27</top>
					<width>475</width>
					<height>92</height>
					<texture colordiffuse="black">backgrounds/bg_fade.png</texture>
				</control>
				<control type="label">
					<left>-16</left>
					<top>-27</top>
					<width>475</width>
					<height>92</height>
					<font>label</font>
					<textcolor>white</textcolor>
					<align>center</align>
					<aligny>center</aligny>
					<label>$INFO[ListItem.AddonCreator]</label>
					<scroll>true</scroll>
				</control>
			</control>
			<control type="group">
				<visible>Container.Content(Addons)</visible>
				<visible>!String.IsEmpty(ListItem.AddonLastUpdated)</visible>
				<top>632</top>
				<left>856</left>
				<control type="image">
					<left>-16</left>
					<top>-27</top>
					<width>475</width>
					<height>92</height>
					<texture colordiffuse="black">backgrounds/bg_fade.png</texture>
				</control>
				<control type="label">
					<left>-16</left>
					<top>-27</top>
					<width>475</width>
					<height>92</height>
					<font>label</font>
					<textcolor>white</textcolor>
					<align>center</align>
					<aligny>center</aligny>
					<label>$INFO[ListItem.AddonLastUpdated]</label>
					<scroll>true</scroll>
				</control>
			</control>
		</control>
	</include>
	<include name="ThumbnailView">
		<!--all content-->
		<control type="group">
			<visible>Control.IsVisible(500)</visible>
			<include>VisibleFadeEffect</include>
			<include condition="String.IsEqual(Skin.AspectRatio,4:3)">TallListContainer</include>
			<include condition="!String.IsEqual(Skin.AspectRatio,4:3)">ShortListContainer</include>
			<centerleft>50%</centerleft>
			<width>1671</width>
			<!--content list-->
			<control type="panel" id="500">
				<include condition="String.IsEqual(Skin.AspectRatio,4:3)">TallListContainer</include>
				<include condition="!String.IsEqual(Skin.AspectRatio,4:3)">ShortListContainer</include>
				<left>0</left>
				<right>12</right>
				<onleft>2</onleft>
				<onright>600</onright>
				<onup>500</onup>
				<ondown>500</ondown>
				<viewtype label="21371">list</viewtype>
				<pagecontrol>600</pagecontrol>
				<scrolltime>200</scrolltime>
				<preloaditems>2</preloaditems>
				<itemlayout condition="!Container.Content(Movies) + !Container.Content(Seasons) + !Container.Content(TVShows) + !Container.Content(Sets)" height="233" width="233">
					<!--background (fallback)-->
					<control type="image">
						<left>0</left>
						<top>0</top>
						<width>233</width>
						<height>233</height>
						<texture background="true" colordiffuse="$INFO[Skin.String(color.tertiary)]">backgrounds/white.png</texture>
						<bordersize>5</bordersize>
						<bordertexture colordiffuse="$INFO[Skin.String(color.500)]">backgrounds/square shadow small.png</bordertexture>
						<visible>String.Contains(ListItem.Icon,Default)</visible>
					</control>
					<!--background (no fallback)-->
					<control type="image">
						<left>0</left>
						<top>0</top>
						<width>233</width>
						<height>233</height>
						<texture background="true" colordiffuse="button.nf">backgrounds/white.png</texture>
						<bordersize>5</bordersize>
						<bordertexture colordiffuse="$INFO[Skin.String(color.500)]">backgrounds/square shadow small.png</bordertexture>
						<visible>!String.Contains(ListItem.Icon,Default)</visible>
					</control>
					<!--icon (fallback)-->
					<control type="image">
						<left>5</left>
						<top>5</top>
						<width>223</width>
						<height>223</height>
						<aspectratio>scale</aspectratio>
						<texture colordiffuse="$INFO[Skin.String(color.500)]" background="true">$INFO[Listitem.Icon]</texture>
						<visible>!Container.Content(Episodes)</visible>
						<visible>String.Contains(ListItem.Icon,Default)</visible>
					</control>
					<!--icon (no fallback)-->
					<control type="image">
						<left>5</left>
						<top>5</top>
						<width>223</width>
						<height>223</height>
						<aspectratio>scale</aspectratio>
						<texture background="true">$INFO[Listitem.Icon]</texture>
						<visible>!Container.Content(Episodes)</visible>
						<visible>!String.Contains(ListItem.Icon,Default)</visible>
					</control>
					<!--episode thumb (fallback)-->
					<control type="image">
						<left>5</left>
						<top>5</top>
						<width>223</width>
						<height>223</height>
						<aspectratio>keep</aspectratio>
						<texture colordiffuse="$INFO[Skin.String(color.500)]" background="true">$INFO[Listitem.Icon]</texture>
						<visible>Container.Content(Episodes)</visible>
						<visible>String.Contains(ListItem.Icon,Default)</visible>
					</control>
					<!--episode thumb (no fallback)-->
					<control type="image">
						<left>5</left>
						<top>5</top>
						<width>223</width>
						<height>223</height>
						<aspectratio>keep</aspectratio>
						<texture background="true">$INFO[Listitem.Icon]</texture>
						<visible>Container.Content(Episodes)</visible>
						<visible>!String.Contains(ListItem.Icon,Default)</visible>
					</control>
					<!--overlay background-->
					<control type="image">
						<left>5</left>
						<top>5</top>
						<width>35</width>
						<height>35</height>
						<texture colordiffuse="$INFO[Skin.String(color.500)]">backgrounds/white.png</texture>
						<visible>String.IsEqual(ListItem.Overlay,OverlayWatched.png) | ListItem.IsResumable</visible>
					</control>
					<!--watched icon-->
					<control type="image">
						<left>5</left>
						<top>7</top>
						<width>34</width>
						<height>30</height>
						<texture colordiffuse="white">$INFO[ListItem.Overlay]</texture>
						<visible>Window.IsVisible(Videos) + !ListItem.IsResumable</visible>
					</control>
					<!--resumable icon-->
					<control type="image">
						<left>5</left>
						<top>7</top>
						<width>34</width>
						<height>30</height>
						<texture colordiffuse="white">OverlayWatching.png</texture>
						<visible>Window.IsVisible(Videos) + ListItem.IsResumable</visible>
					</control>
				</itemlayout>
				<focusedlayout condition="!Container.Content(Movies) + !Container.Content(Seasons) + !Container.Content(TVShows) + !Container.Content(Sets)" height="233" width="233">
					<!--background (fallback)-->
					<control type="image">
						<left>0</left>
						<top>0</top>
						<width>233</width>
						<height>233</height>
						<texture background="true" colordiffuse="quaternary">backgrounds/white.png</texture>
						<bordersize>5</bordersize>
						<bordertexture colordiffuse="$INFO[Skin.String(color.500)]">backgrounds/white.png</bordertexture>
						<visible>String.Contains(ListItem.Icon,Default)</visible>
					</control>
					<!--background (no fallback)-->
					<control type="image">
						<left>0</left>
						<top>0</top>
						<width>233</width>
						<height>233</height>
						<texture background="true" colordiffuse="button.nf">backgrounds/white.png</texture>
						<bordersize>5</bordersize>
						<bordertexture colordiffuse="$INFO[Skin.String(color.500)]">backgrounds/white.png</bordertexture>
						<visible>!String.Contains(ListItem.Icon,Default)</visible>
					</control>
					<!--icon (fallback)-->
					<control type="image">
						<left>5</left>
						<top>5</top>
						<width>223</width>
						<height>223</height>
						<aspectratio>scale</aspectratio>
						<texture colordiffuse="$INFO[Skin.String(color.500)]" background="true">$INFO[Listitem.Icon]</texture>
						<visible>!Container.Content(Episodes)</visible>
						<visible>String.Contains(ListItem.Icon,Default)</visible>
					</control>
					<!--icon (no fallback)-->
					<control type="image">
						<left>5</left>
						<top>5</top>
						<width>223</width>
						<height>223</height>
						<aspectratio>scale</aspectratio>
						<texture background="true">$INFO[Listitem.Icon]</texture>
						<visible>!Container.Content(Episodes)</visible>
						<visible>!String.Contains(ListItem.Icon,Default)</visible>
					</control>
					<!--episode thumb (fallback)-->
					<control type="image">
						<left>5</left>
						<top>5</top>
						<width>223</width>
						<height>223</height>
						<aspectratio>keep</aspectratio>
						<texture colordiffuse="$INFO[Skin.String(color.500)]" background="true">$INFO[Listitem.Icon]</texture>
						<visible>Container.Content(Episodes)</visible>
						<visible>String.Contains(ListItem.Icon,Default)</visible>
					</control>
					<!--episode thumb (no fallback)-->
					<control type="image">
						<left>5</left>
						<top>5</top>
						<width>223</width>
						<height>223</height>
						<aspectratio>keep</aspectratio>
						<texture background="true">$INFO[Listitem.Icon]</texture>
						<visible>Container.Content(Episodes)</visible>
						<visible>!String.Contains(ListItem.Icon,Default)</visible>
					</control>
					<!--label background-->
					<control type="image">
						<left>5</left>
						<top>148</top>
						<width>197</width>
						<height>80</height>
						<texture colordiffuse="$INFO[Skin.String(color.tertiary)]">backgrounds/white.png</texture>
					</control>
					<!--main label-->
					<control type="textbox">
						<left>20</left>
						<top>155</top>
						<width>167</width>
						<height>63</height>
						<font>secondary.info.big</font>
						<textcolor>white</textcolor>
						<selectedcolor>$INFO[Skin.String(color.500)]</selectedcolor>
						<align>left</align>
						<label>$INFO[ListItem.Label]</label>
						<autoscroll time="2000" delay="2000" repeat="2000" />
					</control>
					<!--overlay background-->
					<control type="image">
						<left>5</left>
						<top>5</top>
						<width>35</width>
						<height>35</height>
						<texture colordiffuse="$INFO[Skin.String(color.tertiary)]">backgrounds/white.png</texture>
						<visible>String.IsEqual(ListItem.Overlay,OverlayWatched.png) | ListItem.IsResumable</visible>
					</control>
					<!--watched icon-->
					<control type="image">
						<left>5</left>
						<top>7</top>
						<width>34</width>
						<height>30</height>
						<texture colordiffuse="$INFO[Skin.String(color.500)]">$INFO[ListItem.Overlay]</texture>
						<visible>Window.IsVisible(Videos) + !ListItem.IsResumable</visible>
					</control>
					<!--resumable icon-->
					<control type="image">
						<left>5</left>
						<top>7</top>
						<width>34</width>
						<height>30</height>
						<texture colordiffuse="$INFO[Skin.String(color.500)]">OverlayWatching.png</texture>
						<visible>Window.IsVisible(Videos) + ListItem.IsResumable</visible>
					</control>
				</focusedlayout>
				<itemlayout condition="Container.Content(Movies) | Container.Content(Seasons) | Container.Content(TVShows) | Container.Content(Sets)" height="350" width="237">
					<!--thumb bg (for fallback)-->
					<control type="image">
						<left>0</left>
						<top>0</top>
						<width>237</width>
						<height>350</height>
						<texture colordiffuse="$INFO[Skin.String(color.tertiary)]" background="true">backgrounds/white.png</texture>
						<visible>String.Contains(ListItem.Icon,Default)</visible>
						<bordersize>5</bordersize>
						<bordertexture>backgrounds/poster shadow small.png</bordertexture>
					</control>
					<!--thumb (fallback)-->
					<control type="image">
						<left>5</left>
						<top>5</top>
						<width>227</width>
						<height>340</height>
						<aspectratio>keep</aspectratio>
						<texture colordiffuse="$INFO[Skin.String(color.500)]" background="true">$VAR[PosterThumb]</texture>
						<visible>String.Contains(ListItem.Icon,Default)</visible>
					</control>
					<!--thumb (not fallback)-->
					<control type="image">
						<left>0</left>
						<top>0</top>
						<width>237</width>
						<height>350</height>
						<aspectratio>stretch</aspectratio>
						<texture background="true">$VAR[PosterThumb]</texture>
						<bordersize>5</bordersize>
						<bordertexture>backgrounds/poster shadow small.png</bordertexture>
						<visible>!String.Contains(ListItem.Icon,Default)</visible>
					</control>
					<!--overlay background-->
					<control type="image">
						<left>5</left>
						<top>5</top>
						<width>35</width>
						<height>35</height>
						<texture colordiffuse="$INFO[Skin.String(color.500)]">backgrounds/white.png</texture>
						<visible>String.IsEqual(ListItem.Overlay,OverlayWatched.png) | ListItem.IsResumable</visible>
					</control>
					<!--watched icon-->
					<control type="image">
						<left>5</left>
						<top>7</top>
						<width>34</width>
						<height>30</height>
						<texture colordiffuse="white">$INFO[ListItem.Overlay]</texture>
						<visible>Window.IsVisible(Videos) + !ListItem.IsResumable</visible>
					</control>
					<!--resumable icon-->
					<control type="image">
						<left>5</left>
						<top>7</top>
						<width>34</width>
						<height>30</height>
						<texture colordiffuse="white">OverlayWatching.png</texture>
						<visible>Window.IsVisible(Videos) + ListItem.IsResumable</visible>
					</control>
				</itemlayout>
				<focusedlayout condition="Container.Content(Movies) | Container.Content(Seasons) | Container.Content(TVShows) | Container.Content(Sets)" height="350" width="237">
					<!--thumb bg (for fallback)-->
					<control type="image">
						<left>0</left>
						<top>0</top>
						<width>237</width>
						<height>350</height>
						<texture colordiffuse="quaternary" background="true">backgrounds/white.png</texture>
						<visible>String.Contains(ListItem.Icon,Default)</visible>
						<bordersize>5</bordersize>
						<bordertexture colordiffuse="$INFO[Skin.String(color.500)]">backgrounds/white.png</bordertexture>
					</control>
					<!--thumb (fallback)-->
					<control type="image">
						<left>5</left>
						<top>5</top>
						<width>227</width>
						<height>340</height>
						<aspectratio>keep</aspectratio>
						<texture colordiffuse="$INFO[Skin.String(color.500)]" background="true">$VAR[PosterThumb]</texture>
						<visible>String.Contains(ListItem.Icon,Default)</visible>
					</control>
					<!--thumb (not fallback)-->
					<control type="image">
						<left>0</left>
						<top>0</top>
						<width>237</width>
						<height>350</height>
						<aspectratio>stretch</aspectratio>
						<texture background="true">$VAR[PosterThumb]</texture>
						<bordersize>5</bordersize>
						<bordertexture colordiffuse="$INFO[Skin.String(color.500)]">backgrounds/white.png</bordertexture>
						<visible>!String.Contains(ListItem.Icon,Default)</visible>
					</control>
					<!--label background-->
					<control type="image">
						<left>5</left>
						<top>265</top>
						<width>207</width>
						<height>80</height>
						<texture colordiffuse="$INFO[Skin.String(color.tertiary)]">backgrounds/white.png</texture>
					</control>
					<!--main label-->
					<control type="textbox">
						<left>20</left>
						<top>272</top>
						<width>177</width>
						<height>63</height>
						<font>secondary.info.big</font>
						<textcolor>white</textcolor>
						<selectedcolor>$INFO[Skin.String(color.primary)]</selectedcolor>
						<align>left</align>
						<label>$INFO[ListItem.Label]</label>
						<autoscroll time="2000" delay="2000" repeat="2000" />
					</control>
					<!--overlay background-->
					<control type="image">
						<left>5</left>
						<top>5</top>
						<width>35</width>
						<height>35</height>
						<texture colordiffuse="$INFO[Skin.String(color.tertiary)]">backgrounds/white.png</texture>
						<visible>String.IsEqual(ListItem.Overlay,OverlayWatched.png) | ListItem.IsResumable</visible>
					</control>
					<!--watched icon-->
					<control type="image">
						<left>5</left>
						<top>7</top>
						<width>34</width>
						<height>30</height>
						<texture colordiffuse="$INFO[Skin.String(color.500)]">$INFO[ListItem.Overlay]</texture>
						<visible>Window.IsVisible(Videos) + !ListItem.IsResumable</visible>
					</control>
					<!--resumable icon-->
					<control type="image">
						<left>5</left>
						<top>7</top>
						<width>34</width>
						<height>30</height>
						<texture colordiffuse="$INFO[Skin.String(color.500)]">OverlayWatching.png</texture>
						<visible>Window.IsVisible(Videos) + ListItem.IsResumable</visible>
					</control>
				</focusedlayout>
			</control>
			<!--scrollbar-->
			<control type="scrollbar" id="600">
				<right>0</right>
				<top>5</top>
				<bottom>5</bottom>
				<onleft>500</onleft>
				<onright>2</onright>
				<orientation>vertical</orientation>
			</control>
		</control>
	</include>
	<include name="WideIconView">
		<control type="group">
			<visible>Control.IsVisible(505)</visible>
			<include>VisibleFadeEffect</include>
			<include condition="String.IsEqual(Skin.AspectRatio,4:3)">TallListContainer</include>
			<include condition="!String.IsEqual(Skin.AspectRatio,4:3)">ShortListContainer</include>
			<centerleft>50%</centerleft>
			<width>1232</width>
			<control type="panel" id="505">
				<visible>Container.Content(TVShows)</visible>
				<include condition="String.IsEqual(Skin.AspectRatio,4:3)">TallListContainer</include>
				<include condition="!String.IsEqual(Skin.AspectRatio,4:3)">ShortListContainer</include>
				<left>0</left>
				<right>12</right>
				<onleft>2</onleft>
				<onright>605</onright>
				<onup>505</onup>
				<ondown>505</ondown>
				<viewtype label="$LOCALIZE[539]">list</viewtype>
				<pagecontrol>605</pagecontrol>
				<scrolltime>200</scrolltime>
				<preloaditems>2</preloaditems>
				<itemlayout height="116" width="610">
					<!--bg (fallback)-->
					<control type="image">
						<left>0</left>
						<top>0</top>
						<width>610</width>
						<height>117</height>
						<aspectratio>stretch</aspectratio>
						<texture colordiffuse="$INFO[Skin.String(color.tertiary)]" background="true">backgrounds/white.png</texture>
						<visible>String.Contains(ListItem.Icon,Default)</visible>
						<bordersize>5</bordersize>
						<bordertexture>backgrounds/banner shadow.png</bordertexture>
					</control>
					<!--banner (fallback)-->
					<control type="image">
						<left>3</left>
						<top>5</top>
						<width>604</width>
						<height>107</height>
						<aspectratio>keep</aspectratio>
						<texture colordiffuse="$INFO[Skin.String(color.500)]" background="true">$VAR[PosterThumb]</texture>
						<visible>String.Contains(ListItem.Icon,Default)</visible>
						<bordersize>2</bordersize>
						<bordertexture colordiffuse="$INFO[Skin.String(color.tertiary)]">backgrounds/white.png</bordertexture>
					</control>
					<!--banner (no fallback)-->
					<control type="image">
						<left>0</left>
						<top>0</top>
						<width>610</width>
						<height>117</height>
						<texture background="true">$VAR[BannerThumb]</texture>
						<aspectratio>stretch</aspectratio>
						<visible>!String.Contains(ListItem.Icon,Default)</visible>
						<bordersize>5</bordersize>
						<bordertexture>backgrounds/banner shadow.png</bordertexture>
					</control>
					<!--overlay background-->
					<control type="image">
						<left>5</left>
						<top>5</top>
						<width>35</width>
						<height>35</height>
						<texture colordiffuse="$INFO[Skin.String(color.500)]">backgrounds/white.png</texture>
						<visible>String.IsEqual(ListItem.Overlay,OverlayWatched.png) | ListItem.IsResumable</visible>
					</control>
					<!--watched icon-->
					<control type="image">
						<left>5</left>
						<top>7</top>
						<width>34</width>
						<height>30</height>
						<texture colordiffuse="white">$INFO[ListItem.Overlay]</texture>
						<visible>Window.IsVisible(Videos) + !ListItem.IsResumable</visible>
					</control>
				</itemlayout>
				<focusedlayout height="116" width="610">
					<!--bg (fallback)-->
					<control type="image">
						<left>0</left>
						<top>0</top>
						<width>610</width>
						<height>117</height>
						<aspectratio>stretch</aspectratio>
						<texture colordiffuse="$INFO[Skin.String(color.tertiary)]" background="true">backgrounds/white.png</texture>
						<visible>String.Contains(ListItem.Icon,Default)</visible>
						<bordersize>5</bordersize>
						<bordertexture colordiffuse="$INFO[Skin.String(color.500)]">backgrounds/white.png</bordertexture>
					</control>
					<!--banner (fallback)-->
					<control type="image">
						<left>3</left>
						<top>5</top>
						<width>604</width>
						<height>107</height>
						<aspectratio>keep</aspectratio>
						<texture colordiffuse="$INFO[Skin.String(color.500)]" background="true">$VAR[PosterThumb]</texture>
						<visible>String.Contains(ListItem.Icon,Default)</visible>
						<bordersize>2</bordersize>
						<bordertexture colordiffuse="$INFO[Skin.String(color.tertiary)]">backgrounds/white.png</bordertexture>
					</control>
					<!--banner (no fallback)-->
					<control type="image">
						<left>0</left>
						<top>0</top>
						<width>610</width>
						<height>117</height>
						<texture background="true">$VAR[BannerThumb]</texture>
						<aspectratio>stretch</aspectratio>
						<visible>!String.Contains(ListItem.Icon,Default)</visible>
						<bordersize>5</bordersize>
						<bordertexture colordiffuse="$INFO[Skin.String(color.500)]">backgrounds/white.png</bordertexture>
					</control>
					<!--overlay background-->
					<control type="image">
						<left>5</left>
						<top>5</top>
						<width>35</width>
						<height>35</height>
						<texture colordiffuse="$INFO[Skin.String(color.tertiary)]">backgrounds/white.png</texture>
						<visible>String.IsEqual(ListItem.Overlay,OverlayWatched.png) | ListItem.IsResumable</visible>
					</control>
					<!--watched icon-->
					<control type="image">
						<left>5</left>
						<top>7</top>
						<width>34</width>
						<height>30</height>
						<texture colordiffuse="$INFO[Skin.String(color.500)]">$INFO[ListItem.Overlay]</texture>
						<visible>Window.IsVisible(Videos) + !ListItem.IsResumable</visible>
					</control>
				</focusedlayout>
			</control>
			<!--scrollbar-->
			<control type="scrollbar" id="605">
				<right>0</right>
				<top>5</top>
				<bottom>5</bottom>
				<onleft>505</onleft>
				<onright>2</onright>
				<orientation>vertical</orientation>
				<visible>Control.IsVisible(505)</visible>
			</control>
		</control>
	</include>
	<include name="FullWidthList">
		<!--all content-->
		<control type="group">
			<visible>Control.IsVisible(51)</visible>
			<include>VisibleFadeEffect</include>
			<include condition="String.IsEqual(Skin.AspectRatio,4:3)">TallListContainer</include>
			<include condition="!String.IsEqual(Skin.AspectRatio,4:3)">ShortListContainer</include>
			<centerleft>50%</centerleft>
			<width>1491</width>
			<!--content list-->
			<control type="list" id="51">
				<include condition="String.IsEqual(Skin.AspectRatio,4:3)">TallListSlide</include>
				<include condition="!String.IsEqual(Skin.AspectRatio,4:3)">ShortListSlide</include>
				<centertop>50%</centertop>
				<width>1474</width>
				<onleft>2</onleft>
				<onright>651</onright>
				<onup>51</onup>
				<ondown>51</ondown>
				<viewtype label="537">list</viewtype>
				<pagecontrol>651</pagecontrol>
				<scrolltime>200</scrolltime>
				<itemlayout height="70" width="1474">
					<!--background-->
					<control type="image">
						<left>4</left>
						<top>0</top>
						<width>1470</width>
						<height>60</height>
						<texture colordiffuse="button.nf">backgrounds/white.png</texture>
					</control>
					<!--thumb (fallback)-->
					<control type="image">
						<left>11</left>
						<top>7</top>
						<width>46</width>
						<height>46</height>
						<texture colordiffuse="white">$INFO[ListItem.Icon,default small/,]</texture>
						<aspectratio align="center" aligny="center">keep</aspectratio>
						<visible>String.Contains(ListItem.Icon,default)</visible>
					</control>
					<!--thumb (no fallback)-->
					<control type="image">
						<left>6</left>
						<top>2</top>
						<width>56</width>
						<height>56</height>
						<texture>$INFO[ListItem.Icon]</texture>
						<aspectratio align="center" aligny="center">keep</aspectratio>
						<visible>!String.Contains(ListItem.Icon,default)</visible>
					</control>
					<!--main label-->
					<control type="label">
						<left>65</left>
						<top>0</top>
						<width>1414</width>
						<height>60</height>
						<font>label</font>
						<textcolor>white</textcolor>
						<selectedcolor>$INFO[Skin.String(color.500)]</selectedcolor>
						<align>left</align>
						<aligny>center</aligny>
						<label>$INFO[ListItem.Label]</label>
					</control>
					<!--secondary label (non videos)-->
					<control type="label">
						<left>855</left>
						<top>0</top>
						<width>600</width>
						<height>60</height>
						<font>secondary.info</font>
						<textcolor>white</textcolor>
						<selectedcolor>$INFO[Skin.String(color.500)]</selectedcolor>
						<align>right</align>
						<aligny>center</aligny>
						<label>$INFO[ListItem.Label2]</label>
						<visible>!Window.IsVisible(Videos)</visible>
					</control>
					<!--secondary label (videos)-->
					<control type="label">
						<left>789</left>
						<top>0</top>
						<width>600</width>
						<height>60</height>
						<font>secondary.info</font>
						<textcolor>white</textcolor>
						<selectedcolor>$INFO[Skin.String(color.500)]</selectedcolor>
						<align>right</align>
						<aligny>center</aligny>
						<label>$INFO[ListItem.Label2]</label>
						<visible>Window.IsVisible(Videos)</visible>
						<animation effect="slide" start="0,0" end="41,0" delay="0" time="0" condition="![Container.Content(Movies) | Container.Content(Episodes) | Container.Content(MusicVideos)]">conditional</animation>
					</control>
					<!--hd/sd flag-->
					<control type="image">
						<left>1388</left>
						<top>10</top>
						<width>56</width>
						<height>40</height>
						<texture>$INFO[ListItem.VideoResolution,flagging/lists/,.png]</texture>
						<visible>Window.IsVisible(Videos) + [Container.Content(Movies) | Container.Content(Episodes) | Container.Content(MusicVideos)]</visible>
						<visible>!ListItem.IsStereoscopic</visible>
					</control>
					<!--3d flag-->
					<control type="image">
						<left>1388</left>
						<top>20</top>
						<width>56</width>
						<height>40</height>
						<texture>flagging/lists/3D.png</texture>
						<visible>Window.IsVisible(Videos) + [Container.Content(Movies) | Container.Content(Episodes) | Container.Content(MusicVideos)]</visible>
						<visible>ListItem.IsStereoscopic</visible>
					</control>
					<!--watched icon-->
					<control type="image">
						<left>1429</left>
						<top>10</top>
						<width>45</width>
						<height>40</height>
						<texture colordiffuse="white">$INFO[ListItem.Overlay]</texture>
						<visible>Window.IsVisible(Videos) + !ListItem.IsResumable</visible>
					</control>
					<!--secondary label (videos)-->
					<control type="image">
						<left>1429</left>
						<top>10</top>
						<width>45</width>
						<height>40</height>
						<texture colordiffuse="white">OverlayWatching.png</texture>
						<visible>Window.IsVisible(Videos) + ListItem.IsResumable</visible>
					</control>
				</itemlayout>
				<focusedlayout height="70" width="1474">
					<!--background-->
					<control type="image">
						<left>4</left>
						<top>0</top>
						<width>1470</width>
						<height>60</height>
						<texture colordiffuse="$INFO[Skin.String(color.tertiary)]">backgrounds/white.png</texture>
						<animation effect="fade" start="100" end="75" time="200" condition="Control.HasFocus(60)">Conditional</animation>
					</control>
					<!--background strip-->
					<control type="image">
						<left>0</left>
						<top>0</top>
						<width>4</width>
						<height>60</height>
						<texture colordiffuse="$INFO[Skin.String(color.500)]">backgrounds/white.png</texture>
						<animation effect="fade" start="100" end="75" time="200" condition="Control.HasFocus(60)">Conditional</animation>
					</control>
					<!--thumb (fallback)-->
					<control type="image">
						<left>11</left>
						<top>7</top>
						<width>46</width>
						<height>46</height>
						<texture colordiffuse="white">$INFO[ListItem.Icon,default small/,]</texture>
						<aspectratio align="center" aligny="center">keep</aspectratio>
						<visible>String.Contains(ListItem.Icon,Default)</visible>
					</control>
					<!--thumb (no fallback)-->
					<control type="image">
						<left>6</left>
						<top>2</top>
						<width>56</width>
						<height>56</height>
						<texture>$INFO[ListItem.Icon]</texture>
						<aspectratio align="center" aligny="center">keep</aspectratio>
						<visible>!String.Contains(ListItem.Icon,default)</visible>
					</control>
					<!--main label-->
					<control type="label">
						<left>65</left>
						<top>0</top>
						<width>1414</width>
						<height>60</height>
						<font>label</font>
						<textcolor>white</textcolor>
						<selectedcolor>$INFO[Skin.String(color.500)]</selectedcolor>
						<align>left</align>
						<aligny>center</aligny>
						<label>$INFO[ListItem.Label]</label>
					</control>
					<!--secondary label (non videos)-->
					<control type="label">
						<left>855</left>
						<top>0</top>
						<width>600</width>
						<height>60</height>
						<font>secondary.info</font>
						<textcolor>white</textcolor>
						<selectedcolor>$INFO[Skin.String(color.500)]</selectedcolor>
						<align>right</align>
						<aligny>center</aligny>
						<label>$INFO[ListItem.Label2]</label>
						<visible>!Window.IsVisible(Videos)</visible>
					</control>
					<!--secondary label (videos)-->
					<control type="label">
						<left>789</left>
						<top>0</top>
						<width>600</width>
						<height>60</height>
						<font>secondary.info</font>
						<textcolor>white</textcolor>
						<selectedcolor>$INFO[Skin.String(color.500)]</selectedcolor>
						<align>right</align>
						<aligny>center</aligny>
						<label>$INFO[ListItem.Label2]</label>
						<visible>Window.IsVisible(Videos)</visible>
						<animation effect="slide" start="0,0" end="41,0" delay="0" time="0" condition="![Container.Content(Movies) | Container.Content(Episodes) | Container.Content(MusicVideos)]">conditional</animation>
					</control>
					<!--hd/sd flag-->
					<control type="image">
						<left>1388</left>
						<top>10</top>
						<width>56</width>
						<height>40</height>
						<texture>$INFO[ListItem.VideoResolution,flagging/lists/,.png]</texture>
						<visible>Window.IsVisible(Videos) + [Container.Content(Movies) | Container.Content(Episodes) | Container.Content(MusicVideos)]</visible>
						<visible>!ListItem.IsStereoscopic</visible>
					</control>
					<!--3d flag-->
					<control type="image">
						<left>1388</left>
						<top>20</top>
						<width>56</width>
						<height>40</height>
						<texture>flagging/lists/3D.png</texture>
						<visible>Window.IsVisible(Videos) + [Container.Content(Movies) | Container.Content(Episodes) | Container.Content(MusicVideos)]</visible>
						<visible>ListItem.IsStereoscopic</visible>
					</control>
					<!--watched icon-->
					<control type="image">
						<left>1429</left>
						<top>10</top>
						<width>45</width>
						<height>40</height>
						<texture colordiffuse="$INFO[Skin.String(color.500)]">$INFO[ListItem.Overlay]</texture>
						<visible>Window.IsVisible(Videos) + !ListItem.IsResumable</visible>
					</control>
					<!--resumable icon-->
					<control type="image">
						<left>1429</left>
						<top>10</top>
						<width>45</width>
						<height>40</height>
						<texture colordiffuse="$INFO[Skin.String(color.500)]">OverlayWatching.png</texture>
						<visible>Window.IsVisible(Videos) + ListItem.IsResumable</visible>
					</control>
				</focusedlayout>
			</control>
			<!--scrollbar-->
			<control type="scrollbar" id="651">
				<left>1484</left>
				<bottom>10</bottom>
				<onleft>50</onleft>
				<onright>2</onright>
				<orientation>vertical</orientation>
			</control>
		</control>
	</include>
</includes>