<template>
	<submenu include="submenu">
		<controls>
			<control type="fixedlist" id="9901">
				<visible>!Skin.HasSetting(Touchmode)</visible>
				<animation effect="fade" start="100" end="0" time="100" condition="!Control.HasFocus(9901)">Conditional</animation>
				<skinshortcuts>visibility</skinshortcuts>
				<left>60</left>
				<top>10</top>
				<width>1800</width>
				<height>92</height>
				<onup>9000</onup>
				<ondown>20</ondown>
				<itemgap>0</itemgap>
				<focusposition>0</focusposition>
				<movement>4</movement>
				<orientation>Horizontal</orientation>
				<itemlayout height="92" width="360">
					<control type="label">
						<left>10</left>
						<top>0</top>
						<width>340</width>
						<height>92</height>
						<align>center</align>
						<aligny>center</aligny>
						<font>menu.title</font>
						<textcolor>white</textcolor>
						<info>ListItem.Label</info>
					</control>
				</itemlayout>
				<focusedlayout height="90" width="360">
					<control type="image">
						<left>0</left>
						<top>0</top>
						<width>361</width>
						<height>92</height>
						<texture colordiffuse="$INFO[Skin.String(color.500)]">backgrounds/white.png</texture>
						<visible>Control.HasFocus(9901)</visible>
					</control>
					<control type="label">
						<left>10</left>
						<top>0</top>
						<width>340</width>
						<height>92</height>
						<align>center</align>
						<aligny>center</aligny>
						<font>menu.title</font>
						<textcolor>white</textcolor>
						<shadowcolor>black</shadowcolor>
						<info>ListItem.Label</info>
						<visible>Control.HasFocus(9901)</visible>
					</control>
					<control type="label">
						<left>10</left>
						<top>0</top>
						<width>340</width>
						<height>92</height>
						<align>center</align>
						<aligny>center</aligny>
						<font>menu.title</font>
						<textcolor>white</textcolor>
						<info>ListItem.Label</info>
						<visible>!Control.HasFocus(9901)</visible>
					</control>
				</focusedlayout>
				<content>
					<skinshortcuts>items</skinshortcuts>
				</content>
			</control>
			<!--TouchMode-->
			<control type="fixedlist" id="9901">
				<visible>Skin.HasSetting(Touchmode)</visible>
				<skinshortcuts>visibility</skinshortcuts>
				<left>60</left>
				<top>43</top>
				<width>1800</width>
				<height>60</height>
				<onup>9000</onup>
				<ondown>20</ondown>
				<itemgap>0</itemgap>
				<focusposition>0</focusposition>
				<movement>4</movement>
				<orientation>Horizontal</orientation>
				<itemlayout height="60" width="360">
					<control type="label">
						<left>10</left>
						<top>0</top>
						<width>340</width>
						<height>60</height>
						<align>center</align>
						<aligny>center</aligny>
						<font>menu.title</font>
						<textcolor>white</textcolor>
						<info>ListItem.Label</info>
					</control>
				</itemlayout>
				<focusedlayout height="90" width="360">
					<control type="image">
						<left>0</left>
						<top>0</top>
						<width>361</width>
						<height>60</height>
						<texture colordiffuse="$INFO[Skin.String(color.500)]">backgrounds/white.png</texture>
						<visible>Control.HasFocus(9901)</visible>
					</control>
					<control type="label">
						<left>10</left>
						<top>0</top>
						<width>340</width>
						<height>60</height>
						<align>center</align>
						<aligny>center</aligny>
						<font>menu.title</font>
						<textcolor>white</textcolor>
						<shadowcolor>black</shadowcolor>
						<info>ListItem.Label</info>
						<visible>Control.HasFocus(9901)</visible>
					</control>
					<control type="label">
						<left>10</left>
						<top>0</top>
						<width>340</width>
						<height>60</height>
						<align>center</align>
						<aligny>center</aligny>
						<font>menu.title</font>
						<textcolor>white</textcolor>
						<info>ListItem.Label</info>
						<visible>!Control.HasFocus(9901)</visible>
					</control>
				</focusedlayout>
				<content>
					<skinshortcuts>items</skinshortcuts>
				</content>
			</control>
		</controls>
	</submenu>
	<other include="widget">
		<condition tag="property" attribute="name|widgetPath" />
		<condition tag="property" attribute="name|widgetLayout">Poster</condition>
		<property name="content" tag="property" attribute="name|widgetPath" />
		<property name="target" tag="property" attribute="name|widgetTarget" />
		<property name="contentInclude" tag="property" attribute="name|widgetTarget" value="include">WidgetContentInclude</property>
		<property name="contentInclude">WidgetContent</property>
		<property name="id" tag="mainmenuid" />
		<property name="artwork">$VAR[HomeWidgetPosterVar]</property>
		<controls>
			<control type="group">
				<skinshortcuts>visibility</skinshortcuts>
				<include content="PosterWidget">
					<param name="content" value="$SKINSHORTCUTS[content]" />
					<param name="target" value="$SKINSHORTCUTS[target]" />
					<param name="contentInclude" value="$SKINSHORTCUTS[contentInclude]" />
					<param name="list_id" value="8011$SKINSHORTCUTS[id]" />
					<param name="artwork" value="$SKINSHORTCUTS[artwork]" />
				</include>
			</control>
		</controls>
	</other>
	<other include="widget">
		<condition tag="property" attribute="name|widgetPath" />
		<condition tag="property" attribute="name|widgetLayout">Wide</condition>
		<property name="content" tag="property" attribute="name|widgetPath" />
		<property name="target" tag="property" attribute="name|widgetTarget" />
		<property name="contentInclude" tag="property" attribute="name|widgetTarget" value="include">WidgetContentInclude</property>
		<property name="contentInclude">WidgetContent</property>
		<property name="id" tag="mainmenuid" />
		<property name="artwork">$VAR[HomeWidgetBannerVar]</property>
		<controls>
			<control type="group">
				<skinshortcuts>visibility</skinshortcuts>
				<include content="WideWidget">
					<param name="content" value="$SKINSHORTCUTS[content]" />
					<param name="target" value="$SKINSHORTCUTS[target]" />
					<param name="contentInclude" value="$SKINSHORTCUTS[contentInclude]" />
					<param name="list_id" value="8011$SKINSHORTCUTS[id]" />
					<param name="artwork" value="$SKINSHORTCUTS[artwork]" />
				</include>
			</control>
		</controls>
	</other>
	<other include="widget">
		<condition tag="property" attribute="name|widgetPath" />
		<condition tag="property" attribute="name|widgetLayout">Square</condition>
		<property name="content" tag="property" attribute="name|widgetPath" />
		<property name="target" tag="property" attribute="name|widgetTarget" />
		<property name="contentInclude" tag="property" attribute="name|widgetTarget" value="include">WidgetContentInclude</property>
		<property name="contentInclude">WidgetContent</property>
		<property name="id" tag="mainmenuid" />
		<property name="artwork">$VAR[HomeWidgetPosterVar]</property>
		<controls>
			<control type="group">
				<skinshortcuts>visibility</skinshortcuts>
				<include content="SquareWidget">
					<param name="content" value="$SKINSHORTCUTS[content]" />
					<param name="target" value="$SKINSHORTCUTS[target]" />
					<param name="contentInclude" value="$SKINSHORTCUTS[contentInclude]" />
					<param name="list_id" value="8011$SKINSHORTCUTS[id]" />
					<param name="artwork" value="$SKINSHORTCUTS[artwork]" />
				</include>
			</control>
		</controls>
	</other>
	<other include="widget">
		<condition tag="property" attribute="name|widgetPath" />
		<condition tag="property" attribute="name|widgetLayout">Weather</condition>
		<property name="id" tag="mainmenuid" />
		<controls>
			<control type="group">
				<skinshortcuts>visibility</skinshortcuts>
				<include content="WeatherWidget">
					<param name="list_id" value="8011$SKINSHORTCUTS[id]" />
				</include>
			</control>
		</controls>
	</other>
</template>