<?xml version="1.0" encoding="UTF-8"?>
<addon
	id="skin.simpletouchmod18" version="1.0.1" name=" simple[COLORdeepskyblue]TOUCH Mod[/COLOR]18" provider-name="Kangool / cHarOn">
	<requires>
		<import addon="xbmc.gui" version="5.14.0"/>
		<import addon="script.skinshortcuts" version="1.0.8"/>
	</requires>
	<extension point="xbmc.gui.skin" debugging="false" effectslowdown="1.0">
		<res width="1920" height="1080" aspect="16:9" default="true" folder="xml" />
		<res width="1920" height="1200" aspect="16:10" default="false" folder="xml" />
		<res width="1920" height="1280" aspect="3:2" default="false" folder="xml" />
		<res width="1920" height="1440" aspect="4:3" default="false" folder="xml" />
		<res width="2040" height="1080" aspect="17:9" default="false" folder="xml" />
		<res width="2560" height="1080" aspect="21:9" default="false" folder="xml" />
	</extension>
	<extension point="xbmc.addon.metadata">
		<summary lang="en_GB">A simple skin for TV &amp; mobile devices</summary>
		<summary lang="de_DE">Einfach gehaltener Skin für TV und mobile Geräte</summary>
		<description lang="en_GB">This skin is a mod of the Unity Skin for Tv &amp; Mobile Devices</description>
		<description lang="de_DE">Original Skin bzw Mod von SGK,Eddage,Bumpaneer
                                  Dieser ursprüngliche Mod des Unity Skins wurde noch weiter modifiziert
                                  Geändert wurden wie folgt:
                                  Teilweise Schrift und Buttongrösse anepasst
                                  Positionen der Menüleiste, RSS Feed, Widgets, Videopreview, Playebuttons,
                                  NowPlaying im Homescreen so wie deren Steuerung angepasst
                                  Wetteranzeige - Datum/Uhrzeit wurden angepasst
                                  MyVideoNav/MyMusicNav (Menu das links auf und zu klappt) wurden
                                  Playbuttons integriert = Pause Stop Fullscreen
                                  Video Fullscreen Next/Preview und Seekbuttons wurden richtig zugeordnet
                                  Seekbar wurden die Positionen korrigiert
                                  Alle Hintergrundbilder wurden ausgetauscht</description>
		<license></license>
		<forum></forum>
		<source></source>
		<platform>all</platform>
		<assets>
			<icon>resources/icon.png</icon>
			<fanart>resources/fanart.jpg</fanart>
			<screenshot>resources/Screenshot01.png</screenshot>
			<screenshot>resources/Screenshot02.png</screenshot>
			<screenshot>resources/Screenshot03.png</screenshot>
			<screenshot>resources/Screenshot04.png</screenshot>
			<screenshot>resources/Screenshot05.png</screenshot>
			<screenshot>resources/Screenshot06.png</screenshot>
		</assets>
	</extension>
</addon>
