<?xml version="1.0" encoding="utf-8"?>
<window type="dialog">
    <allowoverlay>no</allowoverlay>
    <defaultcontrol always="false">1000</defaultcontrol>
    <coordinates>
        <system>1</system>
        <posx>0</posx>
        <posy>0</posy>
    </coordinates>

    <controls>
        <control type="group">
            <include>Topbar</include>
        </control>
        <control type="image">
            <description>background</description>
            <posx>0</posx>
            <posy>0</posy>
            <width>1280</width>
            <height>720</height>
            <texture>background.png</texture>
            <visible>true</visible>
        </control>

        <control type="videowindow">
            <description>video window</description>
            <posx>0</posx>
            <posy>0</posy>
            <width>1280</width>
            <height>720</height>
            <visible>true</visible>
        </control>

        <control type="image">
            <description>background</description>
            <posx>0</posx>
            <posy>0</posy>
            <width>1280</width>
            <height>720</height>
            <texture>tvg-back-trans.png</texture>
            <visible>false</visible>
        </control>

        <control type="label" id="1001">
            <description>Title</description>
            <left>750</left>
            <top>20</top>
            <width>300</width>
            <height>20</height>
            <font>font13_title</font>
            <textcolor>orange</textcolor>
            <shadowcolor>black</shadowcolor>
            <align>center</align>
            <aligny>center</aligny>
            <label>Title</label>
            <scroll>true</scroll>
        </control>

        <control type="label">
            <description>Displays todays date</description>
            <posx>5r</posx>
            <posy>0</posy>
            <width>280</width>
            <height>30</height>
            <textcolor>bbffffff</textcolor>
            <shadowcolor>black</shadowcolor>
            <font>font13</font>
            <align>right</align>
            <aligny>center</aligny>
            <visible>true</visible>
            <label>$INFO[System.Date(DDD)], $INFO[System.Date(dd)] $INFO[System.Date(MMM)]</label>
        </control>

        <control type="label">
            <description>time label</description>
            <posx>10r</posx>
            <posy>20</posy>
            <width>200</width>
            <height>30</height>
            <align>right</align>
            <aligny>center</aligny>
            <font>font13</font>
            <textcolor>white</textcolor>
            <shadowcolor>black</shadowcolor>
            <label>$INFO[System.Time(hh:mm)]</label>
        </control>

        <control type="group">
            <description>Program List</description>
            <visible>true</visible>
            <control type="group">
                <left>0</left>
                <top>0</top>
                <control type="label">
                    <description>Channel label</description>
                    <left>150</left>
                    <top>20</top>
                    <width>180</width>
                    <height>20</height>
                    <font>font13_title</font>
                    <textcolor>white</textcolor>
                    <shadowcolor>black</shadowcolor>
                    <align>left</align>
                    <aligny>center</aligny>
                    <label>19148</label>
                </control>
                <control type="label">
                    <description>Time label</description>
                    <left>350</left>
                    <top>20</top>
                    <width>200</width>
                    <height>20</height>
                    <font>font13_title</font>
                    <textcolor>white</textcolor>
                    <shadowcolor>black</shadowcolor>
                    <align>left</align>
                    <aligny>center</aligny>
                    <label>Start</label>
                </control>
                <control type="label">
                    <description>Length</description>
                    <left>500</left>
                    <top>20</top>
                    <width>100</width>
                    <height>20</height>
                    <font>font13_title</font>
                    <textcolor>white</textcolor>
                    <shadowcolor>black</shadowcolor>
                    <align>right</align>
                    <aligny>center</aligny>
                    <label>Length</label>
                </control>
                <control type="label">
                    <description>Title</description>
                    <left>700</left>
                    <top>20</top>
                    <width>550</width>
                    <height>20</height>
                    <font>font13_title</font>
                    <textcolor>white</textcolor>
                    <shadowcolor>black</shadowcolor>
                    <align>left</align>
                    <aligny>center</aligny>
                    <label>369</label>
                </control>
                <control type="image">
                    <description>separator image</description>
                    <left>0</left>
                    <top>50</top>
                    <width>1280</width>
                    <height>1</height>
                    <colordiffuse>88FFFFFF</colordiffuse>
                    <texture>tvg-seperator.png</texture>
                </control>
                <control type="list" id="1000">
                    <viewtype label="19030">list</viewtype>
                    <left>0</left>
                    <top>60</top>
                    <width>1280</width>
                    <height>660</height>
                    <onup>1000</onup>
                    <ondown>1000</ondown>
                    <onleft>-</onleft>
                    <onright>-</onright>
                    <pagecontrol>-</pagecontrol>
                    <itemlayout height="40">
                        <control type="image">
                            <left>0</left>
                            <top>1</top>
                            <width>140</width>
                            <height>38</height>
                            <info>ListItem.Icon</info>
                            <aspectratio>keep</aspectratio>
                        </control>
                        <control type="label">
                            <left>150</left>
                            <top>0</top>
                            <width>200</width>
                            <height>40</height>
                            <font>font13</font>
                            <textcolor>grey</textcolor>
                            <align>left</align>
                            <aligny>center</aligny>
                            <info>ListItem.Property(ChannelName)</info>
                        </control>
                        <control type="label">
                            <left>350</left>
                            <top>0</top>
                            <width>200</width>
                            <height>40</height>
                            <font>font13</font>
                            <textcolor>dimgrey</textcolor>
                            <align>left</align>
                            <aligny>center</aligny>
                            <info>ListItem.Property(StartTime)</info>
                        </control>
                        <control type="label">
                            <left>500</left>
                            <top>0</top>
                            <width>100</width>
                            <height>40</height>
                            <font>font13</font>
                            <textcolor>grey</textcolor>
                            <align>right</align>
                            <aligny>center</aligny>
                            <info>ListItem.Property(Duration)</info>
                        </control>
                        <control type="progress">
                            <left>610</left>
                            <top>20</top>
                            <width>80</width>
                            <height>4</height>
                            <lefttexture />
                            <righttexture />
                            <texturebg >tvg-progress-bg.png</texturebg>
                            <midtexture >tvg-progress-mid.png</midtexture>
                            <info>ListItem.Property(Completed)</info>
                            <visible>ListItem.Property(Completed)</visible>
                        </control>
                        <control type="label">
                            <left>610</left>
                            <top>0</top>
                            <width>100</width>
                            <height>40</height>
                            <font>font12</font>
                            <textcolor>dimgrey</textcolor>
                            <align>left</align>
                            <aligny>center</aligny>
                            <info>ListItem.Property(When)</info>
                        </control>
                        <control type="label">
                            <description>Program Title</description>
                            <left>700</left>
                            <top>0</top>
                            <width>550</width>
                            <height>40</height>
                            <font>font13</font>
                            <textcolor>grey</textcolor>
                            <align>left</align>
                            <aligny>center</aligny>
                            <info>ListItem.Label</info>
                        </control>
                    </itemlayout>
                    <focusedlayout height="100">
                        <control type="image">
                            <left>0</left>
                            <top>0</top>
                            <width>1280</width>
                            <height>100</height>
                            <texture>black-back.png</texture>
                            <visible>true</visible>
                        </control>
                        <control type="image">
                            <left>0</left>
                            <top>0</top>
                            <width>1280</width>
                            <height>100</height>
                            <texture>tvg-program-focus.png</texture>
                            <visible>true</visible>
                        </control>
                        <control type="image">
                            <left>0</left>
                            <top>30</top>
                            <width>140</width>
                            <height>40</height>
                            <info>ListItem.Icon</info>
                            <aspectratio>keep</aspectratio>
                        </control>
                        <control type="label">
                            <left>150</left>
                            <top>0</top>
                            <width>200</width>
                            <height>40</height>
                            <font>font13</font>
                            <textcolor>white</textcolor>
                            <align>left</align>
                            <aligny>center</aligny>
                            <info>ListItem.Property(ChannelName)</info>
                        </control>
                        <control type="label">
                            <left>350</left>
                            <top>0</top>
                            <width>200</width>
                            <height>40</height>
                            <font>font13</font>
                            <textcolor>dimgrey</textcolor>
                            <align>left</align>
                            <aligny>center</aligny>
                            <info>ListItem.Property(StartTime)</info>
                        </control>
                        <control type="label">
                            <left>500</left>
                            <top>0</top>
                            <width>100</width>
                            <height>40</height>
                            <font>font13</font>
                            <textcolor>white</textcolor>
                            <align>right</align>
                            <aligny>center</aligny>
                            <info>ListItem.Property(Duration)</info>
                        </control>
                        <control type="progress">
                            <left>610</left>
                            <top>20</top>
                            <width>80</width>
                            <height>4</height>
                            <lefttexture />
                            <righttexture />
                            <texturebg >tvg-progress-bg.png</texturebg>
                            <midtexture >tvg-progress-mid.png</midtexture>
                            <info>ListItem.Property(Completed)</info>
                            <visible>ListItem.Property(Completed)</visible>
                        </control>
                        <control type="label">
                            <left>610</left>
                            <top>0</top>
                            <width>100</width>
                            <height>40</height>
                            <font>font12</font>
                            <textcolor>dimgrey</textcolor>
                            <align>left</align>
                            <aligny>center</aligny>
                            <info>ListItem.Property(When)</info>
                        </control>
                        <control type="image">
                            <left>1030</left>
                            <top>0</top>
                            <width>250</width>
                            <height>100</height>
                            <info>ListItem.Property(ProgramImage)</info>
                            <aspectratio>keep</aspectratio>
                        </control>
                        <control type="label">
                            <description>Program Title</description>
                            <left>700</left>
                            <top>0</top>
                            <width>550</width>
                            <height>40</height>
                            <font>font13</font>
                            <textcolor>white</textcolor>
                            <shadowcolor>black</shadowcolor>
                            <align>left</align>
                            <aligny>center</aligny>
                            <info>ListItem.Label</info>
                        </control>
                        <control type="textbox">
                            <description>Plot Value for TVShow</description>
                            <left>150</left>
                            <top>30</top>
                            <width>860</width>
                            <height>66</height>
                            <font>font12</font>
                            <textcolor>white</textcolor>
                            <align>left</align>
                            <wrapmultiline>true</wrapmultiline>
                            <autoscroll time="3600" delay="6000" repeat="6000">true</autoscroll>
                            <pagecontrol>-</pagecontrol>
                            <info>ListItem.Property(Plot)</info>
                        </control>

                    </focusedlayout>
                </control>
            </control>
        </control>
    </controls>
</window>